/*
Navicat MySQL Data Transfer

Source Server         : mysql
Source Server Version : 50714
Source Host           : localhost:3306
Source Database       : movie_order

Target Server Type    : MYSQL
Target Server Version : 50714
File Encoding         : 65001

Date: 2018-01-11 15:44:17
*/

SET FOREIGN_KEY_CHECKS=0;

-- ----------------------------
-- Table structure for cinema
-- ----------------------------
DROP TABLE IF EXISTS `cinema`;
CREATE TABLE `cinema` (
  `cinema_id` int(20) NOT NULL AUTO_INCREMENT,
  `cinema_name` varchar(255) DEFAULT NULL,
  `address` varchar(255) DEFAULT NULL,
  `telephone` varchar(255) DEFAULT NULL,
  PRIMARY KEY (`cinema_id`)
) ENGINE=InnoDB AUTO_INCREMENT=17 DEFAULT CHARSET=utf8;

-- ----------------------------
-- Records of cinema
-- ----------------------------
INSERT INTO `cinema` VALUES ('1', '上海宝山万画影城北上海店', '宝山区蕴川路1555号二层2218室', '021-31071221');
INSERT INTO `cinema` VALUES ('2', '上海亿博国际影城', '宝山区蕰川路1999弄亿博商业广场4楼 ', '021-66221200');
INSERT INTO `cinema` VALUES ('3', 'www', 'qqq', 'eee');
INSERT INTO `cinema` VALUES ('4', '4', '4', '4');
INSERT INTO `cinema` VALUES ('11', '111', '11', '11');
INSERT INTO `cinema` VALUES ('12', '111111111111111111111', 'qqq', 'qqqqq');
INSERT INTO `cinema` VALUES ('13', 'zzz', '123', '123');
INSERT INTO `cinema` VALUES ('14', '万达影城', '上海市青浦区', '025123456');
INSERT INTO `cinema` VALUES ('15', '东方影院', '上海市徐汇区', '021123456');
INSERT INTO `cinema` VALUES ('16', 'aaaa', 'aaaa', 'aaaa');

-- ----------------------------
-- Table structure for cinema_projection_hall
-- ----------------------------
DROP TABLE IF EXISTS `cinema_projection_hall`;
CREATE TABLE `cinema_projection_hall` (
  `id` int(20) NOT NULL AUTO_INCREMENT,
  `cinema_id` int(20) DEFAULT NULL,
  `projection_hall_id` int(20) DEFAULT NULL,
  PRIMARY KEY (`id`),
  KEY `cinema_id` (`cinema_id`),
  KEY `projection_hall_id1` (`projection_hall_id`),
  CONSTRAINT `cinema_id` FOREIGN KEY (`cinema_id`) REFERENCES `cinema` (`cinema_id`),
  CONSTRAINT `projection_hall_id1` FOREIGN KEY (`projection_hall_id`) REFERENCES `projection_hall` (`proj_hall_id`)
) ENGINE=InnoDB AUTO_INCREMENT=27 DEFAULT CHARSET=utf8;

-- ----------------------------
-- Records of cinema_projection_hall
-- ----------------------------
INSERT INTO `cinema_projection_hall` VALUES ('1', '1', '1');
INSERT INTO `cinema_projection_hall` VALUES ('2', '1', '2');
INSERT INTO `cinema_projection_hall` VALUES ('3', '2', '3');
INSERT INTO `cinema_projection_hall` VALUES ('4', '2', '4');
INSERT INTO `cinema_projection_hall` VALUES ('14', '3', '3');
INSERT INTO `cinema_projection_hall` VALUES ('16', '1', '3');
INSERT INTO `cinema_projection_hall` VALUES ('22', '12', '1');
INSERT INTO `cinema_projection_hall` VALUES ('23', '13', '1');
INSERT INTO `cinema_projection_hall` VALUES ('24', '14', '3');
INSERT INTO `cinema_projection_hall` VALUES ('25', '15', '1');
INSERT INTO `cinema_projection_hall` VALUES ('26', '16', '1');

-- ----------------------------
-- Table structure for evaluation
-- ----------------------------
DROP TABLE IF EXISTS `evaluation`;
CREATE TABLE `evaluation` (
  `evaluation_id` int(20) NOT NULL AUTO_INCREMENT,
  `user_id` int(20) DEFAULT NULL,
  `movie_id` int(20) DEFAULT NULL,
  `evaluation_content` varchar(255) DEFAULT NULL COMMENT '影评',
  PRIMARY KEY (`evaluation_id`),
  KEY `e_user_id` (`user_id`),
  KEY `e_movie_id` (`movie_id`),
  CONSTRAINT `e_movie_id` FOREIGN KEY (`movie_id`) REFERENCES `movie` (`movie_id`),
  CONSTRAINT `e_user_id` FOREIGN KEY (`user_id`) REFERENCES `user` (`user_id`)
) ENGINE=InnoDB AUTO_INCREMENT=2 DEFAULT CHARSET=utf8;

-- ----------------------------
-- Records of evaluation
-- ----------------------------
INSERT INTO `evaluation` VALUES ('1', '1', '1', '感觉还不错，内容充实，情节感人');

-- ----------------------------
-- Table structure for movie
-- ----------------------------
DROP TABLE IF EXISTS `movie`;
CREATE TABLE `movie` (
  `movie_id` int(20) NOT NULL AUTO_INCREMENT,
  `movie_name` varchar(255) DEFAULT NULL,
  `director` varchar(255) DEFAULT NULL,
  `stars` varchar(255) DEFAULT NULL,
  `type` varchar(255) DEFAULT NULL,
  `language` varchar(255) DEFAULT NULL,
  `time` varchar(255) DEFAULT NULL COMMENT '片长',
  `introduction` varchar(511) DEFAULT NULL,
  `price` double(10,2) DEFAULT NULL,
  `picture` longblob,
  `show_time` datetime DEFAULT NULL COMMENT '上映时间',
  PRIMARY KEY (`movie_id`)
) ENGINE=InnoDB AUTO_INCREMENT=15 DEFAULT CHARSET=utf8;

-- ----------------------------
-- Records of movie
-- ----------------------------
INSERT INTO `movie` VALUES ('1', '正义联盟', '扎克·施奈德', '亨利·卡维尔,本·阿弗莱克,盖尔·加朵,杰森·莫玛,埃兹拉·米勒,雷·费舍', '动作,冒险,奇幻', '英语', '120', '受到超人无私奉献的影响，蝙蝠侠重燃了对人类的信心，接受了新盟友——神奇女侠的帮助，去对抗更加强大的敌人。蝙蝠侠和神奇女侠一同寻找并招募了一支超人类联盟来抵挡新觉醒的威胁。但尽管这支队伍集结了超人、蝙蝠侠、神奇女侠、闪电侠、海王和钢骨等人 ，他们似乎无法阻止敌人对地球的进攻……', '28.00', 0xFFD8FFE000104A46494600010101000100010000FFDB0043000201010101010201010102020202020403020202020504040304060506060605060606070908060709070606080B08090A0A0A0A0A06080B0C0B0A0C090A0A0AFFDB004301020202020202050303050A0706070A0A0A0A0A0A0A0A0A0A0A0A0A0A0A0A0A0A0A0A0A0A0A0A0A0A0A0A0A0A0A0A0A0A0A0A0A0A0A0A0A0A0A0A0A0A0A0A0A0AFFC0001108008C007903012200021101031101FFC4001D000003000301010101000000000000000006070803050904020001FFC40049100001030303030302030405070A070000010203040506110708120013210922311441233251151617610A42527191335455819293D11819435357629496A1C124B1D2D3E2E3F1FFC4001C0100020301010101000000000000000000050603040702010800FFC4003611000103020502040306070101000000000102031104210005123141065113226171328191071423A1B1D115425262C1F0F1E1A2FFDA000C03010002110311003F00E19466D7C3DAD723F19FB0EBDF4F84A290A5E7047C75F54768964A4A3393F71D6D22C1756E0C27E0FC01D17420A8E155F7C2641C616622F8F0424803F51D7D2A33C0E38F565FA73EA3FA5469D5A154A16FFF006ED75DE95BAADC715C8357A567E9A974D6D3EF47044A69C52D6B254709248E233807225BEFBC361FA9572DBD54D8D686DC56342834E76257A1569495A27381E5299928FC77549576D5C1409F3849F91D4A37D318A0BA8425BD7AC7B738995105447156791F8FB7FF00DEB2A690E7C1C0C7C92A0067AA5761DABFB65D18BBAE33BB1D1EA8DE56ED5E8263C0814D4B21D8D3B98E2F12E149E1DB2B4A824E4E41C1291D509A81B90F480B7A8B72A741B6C570335595499F4AB6E64E68BDF485A64269F2961E7941414E38B52F20B8A0C239F32703BF3CFC271107D2A46AF100F43BFE98E742A98E9470ED9C7F7F5F08B66A55005B621B8E6015650827000C924FC0007927EDD12CAA6B8CC771E79401ED92A5A90719FD4E3F9F57969F6E07D1B2C9D05628157DB85E550A8DC0EC1455942A696E54886CA55F50907EA945B6DC7D23811C14E10A24008CABF2C285B4CE3CA5796F02A04003933FB1C73A2351DC08C291E07C13D665D3CA5190063EFE31D1654E970FEB1F5C061C44753EB3190BF252DF23C41FE61381D3AF625A85B4AD19AB5E17BEE7B48A55E53DBA134CD8D4D68E58666B8E94BCF3C92E203894B271C4E7F3123053D7450A48DB15D1581E7214A03D7130882B5B9C0208FEF1F1D7D9A53A84F340F38F3E73D35371B1748646BADDB2B6FD4B7E2D90F575F5DAB124A149718844E5B6D5C96B24A47B725449C67EFD63DBC4CD27B735DED0AEEBC5BB26A56644B8233B7353E30CADF8615F889007CFD891F7008FBF5C688BC63A157F89A4111DF0AC4A92A1ED503FA9073D7E74724109FD3AB47D523533601AB2FD9AAD95E9BCBA3CE83F5FFBD129F7FBC97D95968C440585A812801DCA7E47EA3971120CAA6A43784A40F3E081D7A924898C48B710DBBA419F6DB03AEC52B7B9AD471F718EBF9F46CFE87FC7AD9BB11432A5271FCFAC1DA6BF53FECF5129A24DB17535138F542A32C38328C01D6FE97462FAC2427E7E303ADBC4B7399071E7FC7AD8B6CD2A80CAA5D42632CF1493C9D5E0756C3610255B6169FCC16FAB43625476031E462DBECA72A41F8FD3AF257EA16EDB30CCEAF541A8E84FC03E54AFE4123C9EB49716B9B559A33F12D48EA8D253EC72448F0123EEA41C63FC7E33D2D2974DAEDFB7544A345908A84E9D2DB8D18487F1C96B584A72A5630327E4E07DFAA4FE66D349FC3BFAEC060E659D2998D590AAB3A2F602093FE07E7ED863D37556D5A8C84B1029539C429582E76878FE78CFFEFD1C43A6477D944C6D40A1D405B6B1E4281FBF57B7A77FA42FF083462AFB8FD4CD3E6B532B89296235A16FADA744465447E3A0BBC52E387E0288E291FAE72169EA4B68E8CDA3AD112D0D31D3D8B6ED420D393FBC1022CCE4A6DC213DB4C867188F2788E6B4852810E24827CF4BF93756A335CE45134352540C2B8B5CC7A713DF69C33F59FD9DAFA77A70E6255A169299493365100033B2AF3038DE09189461D76D6B27532DAAE5DD5131A98CCEE33B2E9C29979B71B2BE03E782F8127CFE6C7DFA3F9B6EE8ADE54A4D553AD16CD5DC549528A6BB6EAA210D8C7E125D88EA0A08FCC1452B3FA838EBD5A53B707773DA9D6EE8AB356A7D2DDAF555A8CDD66A6B088F4E4A8FBE43AA3FF4684052943FAC063E482285BF3D073707A6170CDB54D034857A7909BA87ED5D447B5CA5C45D3A5C49CC41720C97CB2188F34C994CB696BE91C612A584A9CF0545D1F79144A295890ABF3F9DFD3FD9C27E42119B52A0B6AD0B6FCA6C20F320904837BED33ED8932BDA397950489F6DD6ED7AD5316D150894EB8532A424E090DB5C5095B8B38E21B28CFDCA8007AD75BF020555853EC25C4943AA6DE61E68B6E32E24E14DB885794287DC1FFE47AFDABBB1CD65D35DCFDD5B5FA65CD0AE5A8DAD5258A25768F5152D87C64765F69C49C1F78536739016858071E7A3AA4EACD8D59BC695746E324B906B3428217A82C44A12E3BCE34C2486A2B8DE4214B730801C24282DF2948284E3AED85B4EAC2A2127B9FF00911DBB76C739BE48F7827C220B837D2089ED22FBF7B5F799901B7C5B08A15D746D35973598D5DACB2D4C75A50E469B09402D2EBC3ECB75247047C84AF9AB19483F558B1674366A0F3B0520D3E614484201CB6DAD5865C23FB0AFCBC812390C1C120111B6F51AA577EE72E0D77AFD2DC106B9527264B71D078C28AEBB86959F82DB58485247F51B56078EAB8B3AECD20BA6D0D5091740A7C1AB50B4AE75361C60B494D6274AAA424C5719292524B6969D78A33C800857C1EADA12C2995A8D8C98F51B0FADCFFCC52AACBD54A94B49D82654AFEEDCCFA6C23D8EE7124C9654CBA527EFD7866B3FF480783F3D13D56124BCBE2D8383F18FB7435382DB211938C9C8FE7D0B78419C52A573C43231AE7E2FE12863391D6B3E99FF00FAB3FE3D6E96E04E4281FF008F5E4E6CF50E0C32B581B4E1B14CB765CF7D302990DE9321CF08622B25C7167F4094F93D19583E941BDADDB5C8DC3A1D8FFBB943C24A2BB75C831BB59F9E2C3692E2F03FB40673F3D1CE8DEFC55A297543A7E8CDB3674C86D1264D227D3D424AF0718725E7DCE9C13E0292078FB7977BBEAFFAD55C98F5B365DB3168CE368FFE23BB1DD7433EDCE4940091E01C79C9C781D24E759C750D67E1D1309420DF52D699F982401FFD0EC4E34EE94E91E90C8755566556B75E16D0DB4B227FB4A4294A1EB0D9EE06371A4BFD17ED248D4071ED6BDC6DC9509D1D82EB91E90CB50E3BAA03F2A42838BF9FB957FABA4FE9DFA60E8DED737E3174C6EF9F36A4ECB42EA1A7D2EA5212DB6E212CB9CF9A5290975E6D69E20020FB90A093E78D15B4DF52CA0D12B93ED9BFB5F45D7525C771E7DBAB04C2894F92D01DD8CDBEE94A4F839ED8E6A05240C9F1D69F719B8FDAC6ADEF174BF562A1AF35F7ECFA1332054E72EC871147813D49C365B7C80F14A95C7321392DA928571E1CBACDBEFB9FBEFAE9DF715A54922608B9DA00022F6D802271BA3397642C043D4B4E95A9B5255E54EA8098D5A952A1B5EE4906081862E97FA80D87A0FA437659CF5D14C8578DA03F673D4E92FBCDA6AF1C2B829511C6B197C7B7D87E082704671CF8D62D49BA75E757EBFAC174454FD757EA264BC84794B69094B6DB6300678B684273F7209F93D55BBEAD11DBE5660DBFAA5A30EB715EAA499F16BECB7C11DF75B085A2636DA54ACB6E052D485A7DAB4A90475416DC37DBE9A55D8F6A69DDF7E91141ABD51A621C0BB2E9B62CF6A7250EA50843F3045622A9C39FF29DA0791E5804FCF5A8F445064F9465A9AE692A2E380850514CA0A4C280DAC5409EF1031F3DFDA8E69D4DD579EAF287D494B4CAB524A12E10E05805B2A37BA5040E04951D8888176CD70AB4E3566DDBF65DB66A2D53EA6DAA55352E76952D851E0E3295E0F15292A212A39015827C7558EA07AC0688EE16E7BDB4EEBDA05A7152D10AA46AEC9BC6139A8D56153AB489754895197243688DDD6921FA7A1223A10B69690A01E08567A7FEA46ABEC7B43A1D37526A7E98316050577657D9150D52A6522CBA5CD8925C26336DBB525F79D71968603019E480A3F970731F6E7B711E9C35CD68B7F5574819D1CD2AB5ADEA6B306A561D97653F74C1B8148981D5A65011614475A5A3F0149438E61392169F04363D5B4F5CB04209807B91E9B7EB857C83A7EAF2442F5B8254440B03C49BDFD23D3138D4F73D4EB8B7715BAC68EEDEE9F63D1A6165CD37B31859FA6894A070D771C1E5494F714A2849C02BE20F14E4946ECACE9B75B358D33DC0CBA553DEBC20C7AA52AE2A64369BEC494344C52EAD0029C6D1C94D7BB910D3AE81E5281D75DB4036FBB20D4CD17A4FA86DADA49A797E5A4FDB6ED06A76CE9C694350A550A3971495FD3B097E43C26B0EAD0DAC7304B2AE5E782084BEFD74DB66DE973E9D74FA6EE13456CAB9F5E352CCB16DC7BD5866B8EDB892805410F3881CD9A7B0A69A0E04A43D29417801640B34B983696BC2520926C27E841ED1CFA1C5FABCBDC5BFE2A57005EDF51EF3C7A8C72AF6EBA41AC1A39AA96DCADC7D8ACD774BCDC10526AE5B8ED85A2336CA2534DB293CDF69B41421F48040438DACE43C9E4C0DD85634899BDAE5B3F6E76AD369565CBADB73D9894B07E97EAD2DA92EB9141FF24CA8AF01BF20146538490919360B2E8BB8AD3BB869D706A8FD22A9747A8C1669155A6894CC37E53ACB8ECD69F2B0EB2B74C4865C09E49CB4E7B70AE2036F1B76AF6DCE9346AC412D3D1642D992DA8E78388514AD39FBE08233F7EBBFBB9455A6B3C4546929099F2C1505491CA86D7D861673DCC1F465E72E4368014B4AD4BD3E794A4A748E024CC900093CC614B538896DF524AF00FEA3A17AE40525CC8C79F20F475742194F22D35F94E7E7E3A0CAA487564209F073E3A8DD5859C2E52788933DB1A15C73DD2163C27C63AC5F469FD3FF004EB6CB4850207CE3E7AC5DA73F51FEEC750E0C21E318A02B5A3B6CD5A44635BB262CF75E70A4BCA0DB65B01254545D594F13E300672A51000E88F4CEC19DA16F1BF34FAF24446E6B4C8974AEFCC96C3E90AE69052B6876DC49CE1593C0F9C119C9AEA35774CB46A94AAEEA35EB168F1D39ED894EFE2BF8F90D3432B70FF2483FCF1D48DAD9AEDA87B8ABD1F6749E9F5B8F6D446D85D3E4A642A32DB0DA497243810A29C92B50014AF09C0F93D0BCE514758C2DBA900A5420881F5277C32744399C525636E52052548321654A237884A410926FCCFB718BF3717AFDE933A81A6105BD11A8459D7F373214DA756A8F4675EA920F2E0F3525E71B038F69C749048CB8D20823C667DAFEF7345F6EA1369B9B7FBEAE586D3AB7189576DD2D32CA55E40C311639281918C77B9633E7A06D24D85EB5D9FA5F2B71542D3AAAD5A9B023771157762A11123F68A56F8F7105C011E17C41212AFB0F3D607A9FA8BBBFD406B4DED97189950AAA50A934B82D2511E1C668A42DF52B191F9520A8F952B007CF59CE5ECB348F0A3A6F3A5260CFC693DB690372018C7D3D5CE5356650EE6358F14386084A544B46264AFCE06A360773116E316F6D2F5CAD2D7DDB831AA768E8FD9943B962DC0FC4AAC166DE5CC3158E0A72214AE6ADF1971095E7E08530A206143AE8BDE3B749DB72D44DBB4FB8F5EAB333F6FDD909EAF89738C1A538B71F8688F09A88CE1B256B7CB49428294E957D92084CB1B48D2BD15B1B6488A0E8F50D54C60BE8A9CE90B2B932DF94DA14874BA7CA96A0D9580848F1C38A539382D5D43F5AAD16D4C6ACDB8F513D10372F7BAEC0AB313EC0AECAD2E52BB12D9424375388859CB79084A90B23232318391D3374DE64D66144A5205D0A5854C6ADE533E90607B46F8C73ABFA7DEA2CF549709F0D696D4889D136D413C4C833E8676380EDEC6B7ABD236D2B73707A35675BB714DAFEE2EFAA4CD3A84D2DF8F02036C2A2B6D3463F6DCE294C20A4A09397243DF1DCF1CAEDD8EF3293BC3D67A86ACEB0DA50AE0AD4BADBB3528B612E531973D896E1B284BAB754D26336000841E2A52524ABE7974AB50BD64F6697368F5418DFB7A2EEB257ADB67556B952A6C9BFEC38EDC1813AA331E7511F9CA5A50895DB7382919E5F38C8F3D4DFAA7B87F4FC85EA6DA755A3E8717D506D55E9FD429B2F43A5E9E4662A571D51F796A8B51661158EF84210B485FE61C15C41E27A6AA4A853292AD324F3E9BC7FA3F2C01A9A36DED280600D86D168E3D2D63F9E2D9FE8C3527596CCD1AD4EDD66AD5D54DB43496B6B8D1E353EA4CB515B975686A2D4AAC29DE61B6FF0CB515C5212943AE359F05AEA5FFE939EC577117BEF94EAFDF1AB51E4512E4A3B0C69AAA74479B8B4C8B1929FA9A67247342561E5A9E2A232BFA80AF1C48197D5A37DBB9FDCE6D36D1D9AECFF00D33F57F43B4928B29845CB4EABE9F3CD226252EA11029CC37110A4258EFB8165255C9D78B2900E3DCF3DA47A886B2D5363D6C6DDBD51FD25B58B54A759724B50EB9234EDD75B95123A4A63C8909969429125B654B696E7E55A51C8AB2A501D3675D4175489D53239F79EF38E1D059A60DA171A620EE3DA3B46396FB27DB86B3E923F5EADD7EA21982633A8930692EB6F89A94A144943A957B943C61070482427CF8E8B37877DD26C0ACAABFA851A4C2355980BC50C67B6B3DB2BF19C1571595805401E2AF70C792C85A89686DA555DBA6AD29B4C2A856173830EB3845320AE42DC66323DE4F792DA929C83F2918F1D443716A95FFB9DD4AA5D11F6AAD5D7EB9507A1D2A34E529F5A3F18FD327191E10DACE7047CA8E7C746EA8B6CB0DB49B284C0DF781FAC616134A733A953EEDD03722C2C0EDF2C517AB7A4D1A8B029775DA930CFA3566312C484381612F20365680B094F2494BAD3A825215DB791C80505749EAFD2DE8EE042900E0E547071F3F1D5234AB220D8FA774FD33A255DEAAC5B7A2A6132FBCF92D3B34852A53AD851F6A02D45A48E283F845582140F4A6BFA8EF28294C4609F24389C671F033FDDE4743DC80E1038C067699A6D64A36385BAA00ED9514919F823EDD60FA67BFB07A34B6ADD15542989EEB6D16CE32BFD3ADA7F0F29DFE958DFEC9FF875192062AF8BA4C46344FD8356D73BE751F747B85B66AAFD22DA805F668CB2A6CBD21C2111207B4E5B69BE680B092093F2724F46FB7AD3183A55B6E87BA6BF21BAB5536AAB42ACB57B61CC67BCA423972254DAFF0005DC281271C7C7CE68ED22D2C7EE2B5ABBA4488BCD351814F724B6A6B9853CA9EDC95653E0ABD8D2F3E7381E3F4E97BBC7557685B296AD07A03719E7EE443EA6E14671497CB2894E2520E328C99057EF000E382738EB36CB7A99A5D5B4E970073C64A74F66FC392A8F524DFB8F4C7D019BF4ED5B34AF51B0C9F04344EA8DDC0B1E49F448B8EC7D7099A3EEF752F58B57516BD32A3259A14A91F4FF00B3189652D219E2A523964E3284A948CFC94AD4924E7AE83FA69ED4EDFDBA6DCAA7ACB7EC5A45326DC0EBB56AC56A73C026252D82A1192A5919420242DCC7C953809F38020EF4AEDB747D71DD9A2D198B94C52A8325A1549501392963B6E9EE723E065C4B6391CF1E79C640EBAD5BC9F4F9A16F174029DA154AD7FB8ED5854E702971A2F69D6EA694F8437282B8A9C4A7E1212B4607D89C756F36EA0CB32AEA7D556A8F150095013C912A8BCC08162620F6C419774DE6F9DF47FDDE80795B708295123F942A133E5225526543CD6EE442DA63EADF62E9C6B55EB765B36A3F4AD1D9152CC4ABF253B29E9A49EEBD162A88052E2F2B080A1C32559F38EA82DAFF00A926B8ED62D98BB90B6F5DEAF655997DAEA55DB774DB54E8D519D40ADD3D2E1ED8A7CD500B6E539C56545874F171639B6E0181046F8BD2C777DB7C9CC55EECB099AEE9BDBAC771B9B692D6F05F138097A3603CCE4FE65F15202428F709C75DD0F4C7DB346DCBFA666D0EDDD4ED19D2DD40B2E9B65D551A84ABBA2AA54EA6332A33AA8CD535291DB42DC52D96DF438000C784F9C666732EE9DA8AF35D953B0B58009499062E4E93B4C8041BDA6C6E7D6F30EA6A7CB91419C364A11F085082040091A87C4444CED78122C249D28DE5E87EEE6D0BB74F7773BADAD5B126F9BF99D4AB8A8502D0A3D56DEA64988EC77E1B71A63C52E361B629D103CD2C10EAC3E41FC65206BB5A1CB5DEFE9426DA2E68DB85AEEA557EBCD30F576A956B7852D9809662CF663B311A43286D6CA9B0A70AD0560B8B73DD9CA42D68FB33D04D1FD47DC75EBBA2A8D0AC36F4C754E6D3B462996C415A7F889311509538B322249EE21D8B19B5C6885C8ADB086815254B52903382D6D5F6F709EA21A4FBACD76DC426DAA5E92CE9916DD6B4EB4F94C4A4D25D9129C4BAE3B225BC7EA009039ABB0521208C1C03D70CD7D5D1E605AAA751A08F6336FCB7DFB0BEF83C8E98567392A6AB2BA5754B49F37298BDC1B4F1B773236C75BAAB7B5D175D9FAE94FB8B51AF7ADC7A36E56D583498B795A8DD3235258FDB143508B4C752B519F0F9294A4C8504A8AD4B4F1F6825A958A85EFF00C72D658F3AE8B925D223D85CA97439B7551DCA634E98D9529888CB627455920F2724ACB6AE4AE0318E9215E4581AB1A4759DC9FF001B371F72DB5A6D7442936BB947A85265B771B8A6984B55380D350D5F50DB6A98E20A5E095B2EC57545B42DA42BADC52B65FA5943DCD6AF6985A9A97AF316EDBBEC662E1BAAFB91528B261CE6A5BB322260477DE88A4A1C418E546321294A505923C6006468B7A0AC9B1DBF23FA610AA9B7DB77C25248524F981B11B8822379DC5B6F91E09D3AB9A713AC5BBAF9D70D3766E0A3B2A66990E4BB87A0CD9FF9DF6A32140294B40ED80F920212927DA5781ADD9158D70DDBAAD298D21A1591A7AC2949623569CB7DF9DDA5BCB0D7656F72516412A4A7B8A520655818E78E9CFEA2AED8B32E389B4CD0BA143A5E9AE905AED534430CA0ADB7D014E4C96F38325E94E2D0B2A5ACE002B563CF80BD82EF8681A696356741E5D6ADAB71DADCB724CAAFDC348952154D68768360763054E3A91CBB8E1EDA46321448E95B3EEA1CC2A8B8BA124106246E077D8DADB4117EE461BBA4FA572A6DB6C664010A130AD8F611220DE4DC1B44C03837BDF4DAF0B5EFCB934D751E82887725B1514C7AAB515D52997F936971B7DA52F89E05B52484A805A4852558E3929ED51834786D862053D04247E21537F0AFB82AFB91FCBF9FF796B5E9AF540D69D50BCF56A0D3D3153224C275980E10F8715F4A96DD7F9807985BC8756D1561C287392F19E94375D2EB370FD5D41861F4B01D2A74A6213DB2003C48CF9395001207BB2303271D32E4554F54E5CDB8F9F3C5F8B8DEDC6332EAFCAD8A2CEDEA7A51E407CA2E6C4022FB9F4E7013525DBD47A43AE341C327C76D5FD5464672AFB8C8F8C03E7CE31E7A18FDE291FF005ABFF6BFFC7A3CB8699475D0849768EDB0F34E76E55479A8219715E4F2E2482F1194F6C2944271EC27E47BB0CFFA3A77FE5C9FFF00D3D15FBC340EF800CE4CEA91245FEBFA62F8B6CBBA53ACF22ACD509E96FD4A398D01841C32EC80D1094F23E12A1CB2010390C8072474A7DF150342F4DAC7A641D66D4E5C4B9D49598142A13E990F77149EDB85C6143052A5214399E39C282723A17DF5EBC6B6EDDE45129D45D4C86CDC15F829AAC97DF5F7E4438C721AE49E09485A8E4278E329412A07C7528DAD715C17E6A3B979CFACA2A3537436DBD5B9CC8CA3002528690061B03EC00CF924E4924E5FF67BD14E672E359ABAA058503A472A894CC4586F067891622377FB46EB36B272ED0D1A887106498109260C4C913100883DA2C65A3A33BC1BC36C528CAA0D0DA88B9F1D4971A65B4B6E967985053A13F949201C124F554EDD3D7034BA75558A1DF95D11DD5108285B4B5A8ABF418073FEACF5CE3D6F973DF26D2B2A0AE5CD94E96DF960FE23E7FACAFF00BA3E7F9019F8E987B20DA9CFD4CAFBB6ED12DA99FB369AE093765FD12238A7185A1394458CE11C1B1C940948E4E3B8F200091D32757744E445F8436AD7C9076FA83FE7F6ADD07D73D51514E942D68282762009FA103F4EE71D98B43D51F4F6F6658B2B44E854CBC6B136300CFED8A83502994EEE8296D52E5BE38A428E4A59405BABC1C240F3D056E83737B93DABEBA5977AD988A4D3AF6B3B4E2AD586E1C08B35BB7006E98B88DB6AA787C25D6835193C56A595A4FB8149F9E736E67752FDD159A2E9769F09B6EC6B069E69371C577DCE552ACD3AB42DD714A405F21C500E4052382B1838EAA8D826E05BBEB6DDA83B6CD6E9F5AAA9BD2DD934DA65565BEE776972CC4796B2DBD9E496D65D692E253F993C87E9D232BA7D9A0437E0BE52EA0C824C2660A449104C05117117B8E46A2FB233BA35ADA67C45293F081C59460498234C999248B445E16D50DD0D72F9BA1FD58D57763BF56AAC2353768F4F70C50C2E4B8EC977E8D04AD2590F3AEA8A3E52A2B2AE449593DB62E08CF5876C6A4B153A94F85704254965E8296D2F405A1E08ED2F81FCC0E413F7F1F63D229DD3CD64BDECDA46A79B216F5B319E7602A7D39B0B5521E6DEE0A4BC9239A78B9C53CCE52A4291C88F23A2ED9ED8D7C43DCC52F45A914A9269F76CE269AC466B90666B203AE32797E54E0156158C278E7E15D19CDE9A97F11C68DD254637B0DC770A02FF005DF7C75D2F9B670C3F4C5D252CA92949B42654984A8FF2E82AB4DA2DB4103B05E9E558D76DB2532D1A9EDF758936DD175322ADBFDD4BE686E4B6CCD8B203D31D8CDA1E40448798712124FB000A51E40253D3BBD42FD65F749B6AB96D9DBC686E9D5B55ED45BC6377E254AA515669B444F3012643487038E294029430A484A10A528F803A0CD91D16FED1DA2D4291AB6B7D0FFD529FA5B54BAD257125B6E0482975941C254D704F151E430B56307C9E52EFBFD4CEE2D75DE3DDDAA148719A15BECD19CB76DE75E1F88F182261655C8607171F754B233E4F6C1F09EA6C8EA6BAA32998D2ABC033ED3DCDE4F18CDBAE9FA077AB4A90BD6902E52441324802245810373B71B63EF77FAC965DB358B96B94496BAC4CAED5AA4DBCC429458432F92DF797D9C61E696E3C4256A571F0B400A28C80AD6AD47DB76A8CFB3EC2B62D2A5225C7A6426AB57D2A02E22D650DA4FD3294705D0909095385284FF586796000EDCE85626B75CF2E6D4EE52E4EA5D29C7554E92F29C91356305B6DA42412A008F27904A4942424E7A3CBC7689745B2AA9D7EF576053EA6A7B8AA812649FABA6B4101597581EE47B544FBB1900E48C91D546E828289D69971C3E280483304CDA63B0DFB726F81EE7516675457E1B30D1099B5841F867B9E798B6C4E1A9A6B51469ED3AA35D9F5FA2CAA1C0EDC56D732304B6CBAD12A2FADE48CA94A0484A07F541511809E96DAA1B9193A857554DCB1ADE9CE50E682CD294880E88EE4D71D6D4A5ABB40ACE129528349292406CAB0084831A46C8B753BA77D545D39A04687466E4A264E5566726243A9BADF691943AA700754787738A471CA3C824A7A6169D69CEB2ED435A28BA59AF70D96E9B3A9AB6E82CC0748A653A4AFF13319384A11EE4A43A479E4527971EAE6559D65F4CEA688D4A54E289F2823889F9DE4C5B9C0BCEA9DCA942B312C6D178EF61FB026FB0ED8554AB1E93C111E4D56A8EC88F11A5B15B443082A90A6D398CCC5E4D2203082543284A9E70819581E08EFF0FD1FE8F8BFEE23FF00F6BAAF2A96152A9114DC970DB8CC684CACA65B755921B71C702D4D84A70ACA4F20495107DA95103E3A50FD158FFE707FF04F7FC3A7143AC1179C20B9515A4C8F2FB0FDF08FDFCE9A6B16B06F12E3AF5534CAAD41A1CE9295D2664878CAFA884D36DB2DF17D39484800653E3895104673D3074976417F5B1099ABDC92E994F4ADA418111C88FCA5C78C53CBBEFAD91C58FB14A544B8790C241C03D30D25D3572DE8757AE5D71AAB2D54F88B7A441A3361D5B684A495778E084E40C0032724671D296DBB6356F74175572E366D48B67696AA43D221D3EBD4E6A3BFF48A8884C488FB685179FE6E36B78B8129E0977008E3E6C65799D7E4AD52535230036D00951324042404A5324427D6495183009366FCAFA6E8BAD6B6A555CF91A8129022EB27528C4EA59E121302542484E00745F617A1354D0EBA6EA36846B92E06A9065409928BAD2A054195874C771949438E87D94AD294057149C973CA93C509A3DBB1ACBE899A717552D10694E2DE871DDA0CE4C48DC03A92D1E4D01F4AA008515819295673CBC7559E99D0F5A356EDFA45B3A5F5AA7D856AD369F3234FAFD4905A5D49D7DBC38F478EE1529DF694849278A129032B51C1C5617A4A6D5AD2AD23F75E9558AE43663A23F76A733889AE0C953CE25B0952B27C0412004252319C9373ACB3A0ED1A8AD635C8D2458C104288EC0588F7EF27063A6A8F2EE95CE90D214A2809054880BB8295042F64926FA84ED69B0079B5BB7D4DB0EC1AECA9B1AEDFDE2B99DA829CA8CA97186271078E1641CA548194A5C4959383CCB99C85CDB9B8ED4CBD9F5D9B68BCE47A3541B79CAAC6A74C54792849C7352DCC1C37EEC613E140E15FA74CCF518DBD5A94CDDFDDB418F4E6586D170354E81069A034DC14B70D95AD05091803DE9007FDD3FA9E93175DA34FB0D90BB362394E7D08285CA0EABBCB23FF005F919FD3ACF981485A46AFC45EE14A83FB6DC5ADC634DAEAECF6B2A5CAB6C7DDA9D404B6D9209045C1266EA1F119F34C9924E3B17E8ABB30B7754B44EF0B7AB5A9CC221DE9509AAB5A28849908A755C426D329A9E084890CCB63DFD96C273F4C56148752921F1B5AF4FCA069349AFEA9552D96E25CB53AB3AD5623B5243ECC592C011E496094248438FA1F582405717483E158EB9FDE845EA20BD33A05CFA35A9B1197262AA102BF67565BF62D52E2496BBF15DC7B4854771C5A5C03384BA8567231D5DD38D64B62D3D37D53D4EBA6BCC1A65B17B55DE7E5BEE25B6A4BCEC95A91190E0CF325D2DB0144722A50F1D50CE1D5782843825C9831D8EDF581F3F6C0B796A650BFE1EA52699D0202B7911A936ECA518F431CE203F576DEADD7656A133B2AD259A9A64EA8D1E3C8B9AE9624AD97A94D3AE7B22B642484A9C687352C79424803CA8F536EC73D33D3A8BB6BD57DEBEB8B089F6ED976FD7A3D9902AA12DC7A954D3116132495ABC043AB4F1FED3A0019C1EBF4CD33D72DDEEF7A73F76DAD70DD3A8577BC6A8CE9EDA3211DC543584A905721CFC289092DE1B32567F0820E125CC8E8A7D5D69EAD0BD24D3BDB3DE5BA4A0D52F7855C53F50D16D2A702ED6B1A969657F86FAD6B5BF36A4EC85A0F79FCAB8B6BC2108E2545A8121B425285088FAFAFB1FA76C6775B48BF1D65C052AF6B81DBDF0B3F4FFD77DB0683397056AFB92A4D6613D156D2E9D17B81E4363929A42CE124ADD5AB9FB93C3934A4E52DA8038AD6D92BF4A9CAD51B259A9D914A9B29551810A7D49C9353750B495A142528E5E5290BE6B5AF0A42472581CB253BB59DBFD8BA8222DC37D5016F52D325AAA98D202E2A6AB4E43AA69D2D83E5E421E479C1F24A01E2569EA89D7ED64BC34AED7B8AEDD39D33B82F30C25FA550A2D2D979DA751A9CDA5085D46A129A4F36D0EBAB494A7927B8A4A92B584A125422AE9D2E662A14C656E7C726469168FF00BB5F9B1B8BCD6B9CA66695B4001AF86D0493064AB722FC6E48F7C32BD3535677E7ABDAA674F347AF98B71D0D09797548F51AE18AF5363368C051A834D17D9694B21A6938585B817C5084A4ABAB22E1B33516E2BF2956C6E2ED802DDB75D15C831E65DF12AEF39526D27E9D954A75A0B6A3A8A967813CD6401ED4927A903D123D4235A76C5A66E699EA3EC3A2BB61576A8B9D59D42B12328552110909EF4B84EAD6A951D090A3C9AC388472294B98C7578EE56CFAB5DCF37518016B65F6792569782DB5A14014A9384A460A38E4F9E431F6007409FC9FA6E96BD356CA125C419F2984850FEA4A4C6AF5224FD30CD4ADF517DD0D3564C2C1BA9304A4FF00492048FAE20DD65915CAC521FA97EFB3EEC535E39A53E84365B3F4EA4B6FF60E529484828491CB872293C493C929FC36A2FF00A487FB63AB26EDDBFB15665F665E4A820FE64E304FD87401FF0025073FCD95FE1D1B4674A237C0677A61AD5B6296DEF6B9587A336FD5F6D349D46FDA57DD5984C3894B429C79E84FB812B654F70500951485A920A94AC23DC9015D26F687A27BBEAE53AEED24D79D52A74FA15DEB813EB57E30C38DDC0F30901A344CF73825BE2D2CF7F89284A80492AC0488EE33D339DDDAEE9AF2D49D26D5388DC3AB56C4CA1A6795B0B7D51DC41A8BF1A534AEE360BAB722994B43C9517886D243790E8D9FE916E0347F59EFED32D58D558F715129B4EA41B29D75AEDCC910C3252EBEB484E15C5D0A694A49F2A0951437CC7264CCBA819A867EEB4EAFC04EFABE252B933DBB00600EF338B197654DE4595F88D129AD30A0A4EC1122C53B0D27B89D5C8D240795D7B72D39B2EDBA7D3ED5A353E9748851C22043A5B4969B651F642529FF00DFC939249F9EB1D2BF6059B479572D52422353E9B0D72A63D23094B6CB482B5AC9FB0094924FF2EB7FA95715A5A75A5F3AFAD44AE44A3D068F1CCAA8D62A4BE0DC66C60649FB92484848054A2A0002481D7197D50BD68B53EF42AD36D07B1E4D2F4F1C90A6975B92B42D55E201F6B8505419463DE1857BBE0AC280E2131E62B73AA8D0C8B0DE4C0F6C49454D4B9631E3D44DCDCC4EFDFF00F712F6B0EB657F70DB80B8EECA3D4D1547EA558913A608EF10A7D4E3A5412849C79014123F5C019F3D194CD13AB50B6F29DC1BB673F5BB5D13B12550590A759781420850C83C70B0A3E094942811E4E0636F5A2F67EB469E5CDAF5A43549745BDB4DE8F32E592C4D8A9302AB161B2644A86E847F9374B416A42D3EC71214141B5007A6B57B51E65AD675EFB1DBBE4B94F66F8B95758A0F21CD21125BEE3F1D591ED01E6494ABC13DDF1E01C1674A3C44B4CC8D046A1CC089FC88208E27B461FB24CC13594D50E3F1AD4086FF00A752812D44F04A0A1415FCC531B923D56968FDBF653F55D5416DC78D0E6D1BF69DA1269E87187D6F25284BD1309770A5A52BEEFB9BE25A52BC8E27AB0ED1DCCD971BD25AB741D6AAED66AF1A25521DC974CCA24AA7332E54F955C945AA7C65CC65D48284A9A905411DC692B4A55ED567A45EC46D18358D28A7DBFB9B66250ED0D357E4CAB8AAF5D6D4CC79D0DA75B8E898CAC805CF9FA76CB65454E48E201394F4C1DEAE9A5074CF49E66846986A1DA37652AE8AEB570DCB65CEA97EC6874E57D3A1B8696A5168B91D0DA50EA965D781792BF0A6D4CF237A82910E3AB0B13A605EE0F68F95FDCE173AB33B2AA6690D110AFC41100A4982A0604CEA1024984A440BE1734CDC36E36DDD1246EEB4875758A0478D2E7987A63F4E88F1EB344A7B68FAA5AAACD76E44B96D3B250E29B42825454425013C927C961FA916E9AFDA3CBB6750F69768EAF5ACDD24AAE5A75C095BDC5C6DA0E3EF36FA1A3D85A412AE6C2C7E451E5ED510D4551B6BBAF77C51F6CF57B0ABBA4D558B5786205906809AC466EAD2DB4B4EAD99AED4429C852185B0E78494AD290A48572F763D0CDAF45D2EB56E5D1BD3DBBAAF3E8316E4974AA7549D901A6DF80F31C1B59E48CB5CD896E8E5F2004850561382E94D29414A4081C46D840F16A5D735A8924DE4EE7FCE3650B75FB56A74B8AD57F66B7053E9CCDD4FB769502935854D59764B5152E30DF875C8C034D25E482921452D9215938C9A2D71DCF53A3DE5A49A5374D4EDB957A9814CA7DA35A69EEC2E9C86D2D7D64976327B65A6141F65C2B0025D6FC0280A094156293ADF48B8E93A7B50BB242CB1364C4A955697496D539F315D7A2B6DC7949204712425C6D4EE39253DD29F071D1B52EF6D7BB7EF7675274464C7A03EFC96684C4E5C85B120B01BFA38D4E8E1B5B6B0C28ADC590E128515F31DC2D9CD4A6A0CB29DE5965212A220C7EDB6F264099C12791990650FB8925336246E4704EFF23C7A62CAD1FD05A4509BD3FAC51EBBF4D5090A769F4F8B4DECA52FB8A8E50DB4E9E4429B2B254792C877884A003E4DFB5DB0E23B6E43A2D5131D2E44A7311DD31D3C5B2B6DA4A15C47D9394F81FA751FFA48D8356BF2FAABDF3B84A7D0A9953D39AACFA3517F6229F6A0D46436B0875CE2EA528CB079A821054905D6D438612937C42A3526F1121EB7AAB16A2DB0AE2FFD2C84B85B3F18500729F83F23A476327CC285A530B1A84CDAF61B1981EA6F7BE342CDBA932BCD16D3ACD884DC9B1926E2E4881036DCE271BA34822AA629D0C7758E252A4253F3FEBFEFEB41FC15A37F9849FF001EAB685A650D2D94AD84A52BF924FCF5E8FE1352FF00B6CFFBDEBD195BEABE042B3568189C46F61EB3D2EA324436A2A63B6D23B6CF06929C2527F2F81E13F3E3E3CFF3E9A348BEAD66A9AA9B31B6CA129E6B2B47C63E7A96F4B66BEFD4948778A89392A29193F6E98BAA55C956A682DD174C069B764D32DC9B323A6402505C6595B880A008CA79246467C8E8B54B1E11D236C25D0D49796245E71CE8F5FAF50A95ABDAC16FED06D312635A56820566E26202541357AB29AE51DA731F9911D0B42C27CE1C7544F94A7A892D0B065DEDA7B70CB974792B848A7191204888A2D0434B42C2F3E30518CF2FD390F82722112F3BA7566ECAC6A15F75D9332AF53AA3D227CCEE94A9E5AF82CE71F0012700600EA9FB229BFB95A5571CEA0D42525D94C33096A79EEE04B2E36DAD6005640CF2C671F007F3CDD71C141E13607299F9913FAE35BE9DC93F89D1D4214A11A1C3B72127F6FCF0A7DBE6BEB5B28D748FA8D0688DBD6FCF518976D11F056DB90D40A14E04FDD6D85AF29230EB6A71A5029731D33C5856F6BD6AE5C52E8731CA6DB42AC5369CD7584BB362529B748A7F12EA0A94A6D852928072782C0528E0AFA9C6A8B5DCBAF0EA6B6AFA844A12DF90D2C7B16A71F285653F18C28FDBAA3E8BAD9A8BA13A5157AAD855A4243B11719F8D32321D6DC888723A971724724B4E8594B812A0A29C00A4E3A83354066ABEF14E21D584837806F626C6E3698DADDA2BF4D654D16DD76A614DA091113C5C8981CC816BCDC49C6BB5EF48B743B819F417AEAAB372ED6B0E96CC7540B5A7B9296DB11DE529B94FC5294B8B707796B52C20A400E1F68182693774DB7EB22AB5AA659A66DF954B9EA68A5D26D7A44412AA3519511C8EB8C95E1AE6EB0F477A5C5E5EE3DC577073E03A6AC6AC48A35D3FB629284C690C3E9763BB1D6B42D95F0E41485A5414920FDC1071D3976B353B5B49F7016CEA8591A476643B8EFBBD22D06E5AEB76DB2996FB2EB6A529E43A9014C3C71E54D94A5CF9712B3E7AA797F53B894E875126244587CF9FF78C32FDA0FD8C8CB16ACCE82A896AD29707985ADA4A40044704088DCCD806D7F4EADD5EA4EA4DA1BA4DD95E32B4F6DDD2EB60D134BED2620B2FDC4194091FB34551D6D7D9656DA9E08E456B710DB284008F1D6FF6F9A9D46A2E8E5D741D5DB86340B8283F40E2037256B538B4254D352CE09FC60A6D9CA4780AE2544E539ABBD52B52AE0B274769D40A1B11035539531E92E3AC95381511B6DC6B89CF804B8AE5E3C8C630467A846F4BFEBB68B529AA635116F5D366462FCC93112B7A119AA6D12BB0A3F1CC349F0E7309395238ABCF4D340F3D5D405D70DD53B703188A0D3E5B9B21294C81A77E4CCFFE6285DBAEDAF43EF0D2EACDEFA997B3F437A3CD7E5DBB019A6A643359A832C28BCB538A5256AC05E0FD829CC8F3E0A4D157B46E3DC559B0536BD5AA76F59971FD6394CA3D29C9F2DE96868053BF4CD04970B602425947B825BFEB123AF653AFCB8E56DEAE8ABB92F0AB7EF316DD09A4950440828690B576C67C38E38EA9D716492A584FC018EAC4DB2456AE9DA4588DADB6A0CDA45B1579D12B14D8CDB52CC899525C675C539C4F25706D241C6428056490300B2ACB1D296EA54BDEFCDEF699EDE9031AEF5A75A5234AA9CB5A626E122C94A51E583A4244999925449924881030BBDC54ADBC59D618D49B12A935FA55CD694D625C7459D32DE8357570EE15C176484F6E720A1B2EC6CA3BFDBC2424B4313C6D17D44B74947B829FAF1A3BA5865CABA045A72AC58EB93507A5886C719351EFBEBC4742D2D64A4A1490A494A5C053954DDABD75DF74DDC1AF433F8835A916EAAF83481125CBEE14C55C42B5A4150F249CF939E3C8F1C139E88B69AB837356647D6516236C41A6CE722C4692A2DB6E21297398E6A528725B8B52803C4939C67A6D4A52449C61E54A498C74674A3D6CEB9234CE455376F12876E562A37A46A7D1615283D123B311C4385C5B8F49514C87D2B08FC268FB52A24FC0E4E2FF009C1F4CFF00ED4237FE23AE257A83EB35E72533ED5ACAA35469F18C6ADA224F68ADBFAD42C305CE3C80495B4E290A29C28809F2388EA65FF95655BFEC4F4E7FF2BFFF00B3A1B5593B0EB9AA48F6B62CB398BADA6001F3BE3FFFD9, '2017-12-01 12:12:00');
INSERT INTO `movie` VALUES ('2', '寻梦环游记', '李·昂克里奇', '本杰明·布拉特,盖尔·加西亚·贝纳尔,芮妮·维克托', '动作,动画,冒险', '英语', '105', '小男孩米格(安东尼·冈萨雷斯 配音)一心梦想成为音乐家，更希望自己能和偶像歌神德拉库斯(本杰明·布拉特 配音)一样，创造出打动人心的音乐，但他的家族却世代禁止族人接触音乐。米格痴迷音乐，无比渴望证明自己的音乐才能，却因为一系列怪事，来到了五彩斑斓又光怪陆离的神秘世界。在那里，米格遇见了魅力十足的落魄乐手埃克托(盖尔·加西亚·贝纳尔 配音)，他们一起踏上了探寻米格家族不为人知往事的奇妙之旅，并开启了一段震撼心灵、感动非凡、永生难忘的旅程。', '30.00', 0xFFD8FFE000104A46494600010101000100010000FFDB00430001010101010101010101010101010101010101010101010101010101010101010101010101010101010101010101010101010101010101010101010101010101FFDB00430101010101010101010101010101010101010101010101010101010101010101010101010101010101010101010101010101010101010101010101010101010101FFC0001108008C007903012200021101031101FFC4001D0000020301010101010000000000000000080906070A0504030B01FFC400441000010501000103030203020A070803000401020305060708111213001415092116223117961823243241555657D3D4255152929395D60A19335458619194A1D1D5FFC4001D01000202030003000000000000000000000607050803040901020AFFC4003011000203000202020103040103050100000203010405061211130714210008221523314124323342091617255161FFDA000C03010002110311003F00827F0A2583A370E347210D77B7DD38EC918E63BF644F556A39BED5FD98E63BD53FD3EA8EFE5F9CFC7623D2589D4504123DAE459D8D6A44AE4F4F57A46E7AFEE8ABEACFE6F5F44F5F77FA3E89AACA6787035C50B20EE6AAFAAA42AE67C689EE5722472248D67A7AFAC888A88EFD97D3D7EA6D044E85AC97ECD26091BE8E2877A4E9EEF77A22AA7ECF4F44FEAC918D73557F65FDFEAE25CF97736E802E868A95233E1702D95F9199F3E3B818CB0627CC88CF918F3E3C7FBFD5C60F8AF5AB9132D62C585B3CF9EF10C8EF1E20BC433B8C1C8F882909839F113E662226428878810139BE83B08622B9CF7A2BFD7D3F6F6A47EB23638BD8AAAE73918F573BD1553D13D3EB9F67CE0046A0F3C12C2B137DAD47490A358D45554F627A222FA3957D11DEAA9FFD957D7E8DF316BE55499C3FCD0B57FCEF72C2AD5454F5F7B3D7F75F44FD93D17F6554F5FAFB8B5B8E3E489A5D640E7AB9557EE4447FA7AFFA5B27B5153F75F5F5F5FDBFAFF4F5FA96CAE6E440A7DCD345981F33EB93902898FCFF00168B7C4CCFE23F9078FF001E7F1E7C42E9FC6EC525A55B12C262623B9A861E31E3C76824B04CBC4FE7FC1C4F98F3113FA5C77BCA042866A24833BD88ABED991A923111DE9EEF7A22227AFEDE8892222FF56FA7F4FAA5B51C809020748E15E531DEAE8E11D1A5AAB53D151DED6AFAA222FF0055F57AAFFD5FBFECEABFB27C868D7EC8410745998AF7A31CE1FD91C69EAE7FB91AD57247FBAB5A9EAE577B5ADF55727D426C787E55922803412C2C95CD1DEF7BD51AF573556174B147248E46BA47B1AE7C4922B5CF44FDD5CDF5C93CFEDC77F53E057064E3576558F15C663C4C7A9907EDF304222096CB8BAC0F899FC0B8705A3AAC2AC8A4676D49E932496D760B263CCF607AE4093311E7CFB1321FCBB09C447945367CCA5911B24D5C8C477B9523509F14ED46B7DCAAAA42C5EF4F6B93DEF63BD3FEA456FEEB197F16D2590D212165B412D7227ABCD12AAD271118BFB2B9488C6986F67A2A223D26F6FF0037A7AFABBEB4A1E2E78A951B5F2169F3AFCDD1E862ACC26EF7B5D168993138F9AD32336702143B49261C98489C69F4ACB688238351CC1C022C12329B5AFAA3890CEF90B47B8F1A369DF32815F54F38C45D7501B439C96B0CA9D0E889C0DC662943FC123A1AF60957B35E915D602585DE6A15CAC12343734B7549723C5357F714BC9B919746957DD2AE03366C134AA2809C88B9F5E24695964D81AE6BF6119A641BDD50B39099952F26E11397A4748EAD84B9735E183ED08F4BAD910560902288F5B894642C8885089811B03B788C6FDAF2E3D8E460D0BE4915E9146C8A27C923E555F6246D8D8D57492ABD51A8C6355DEEF467B51CA89F5169B9BE8049A22ADEA2C5958A319242AF86686322714686782091DED496364D111010D454638919CDF85C89235DF5A90F36F97E6B5989F1FBC89CB61E86B6ABB673F975DFE480B42D47AB6BF3B73476BA32C1AC8256EC2B63D1A4B111FB927855D27E53E52EAE42AC14074FCDCE99BB65B3AF68F7EE31C73A99E24E88F95221C8436CAE5B1412022D810C30E08361B04AA5BD02558A1486479BE1F3B9E7D9552CE6522A05788AB3530F27D8ACF92F5CFAE40125D23F0D1790257006AEF2926142F7F23E39A27916F66E5D60FD44B5EBA4DA9E566EA8710EAF65E46499F6FAD89502898F69C110A9809644A89DC66E512AA135621879653D206C03C3F0398D463E4923959FD245463E37C4FF006AC8D7FC91CAF4FE895E1D8AB31058CE2A2807826810989647A2492C4F72B5AE891DED5737FAB91EC5731CC457B1CE6A2AA1A83E16DB6B791533A081096C477C6F22260E3BCC645214C0616CEF60B1BE4F89606403C6D73913D646CCF491CEF567E81FAEB316A6EFF1F1CE003F6D590FC6514E43C59C7AF0986C7F0B9B038381D2103CBF2386818D81B22ACD1C304765733E2AB94B89E86EDFD5AEED0A34434599952498C55679CC04B1B13050B080988990EF27DBCF581192AF9B1619636AA54CDA669AD6EE8672DF687D42C788A44E2263B0C194B3D8402522B5CAFF00D14785F92665118C521254591DFB2AC6E8D1C8EF4F4F62FB57D51A8EF77B9A8EFD97D557D3D3EAC7AEE7335956D998F126080161620A7A87EE0A32923597ECC85574508AD3628A5482496559089D3D9036691FED4607BBE6F86A81A3CB0B6B5FAB14BFBC18C3214B06BA73A391F10F252126071CF0C6344D8966B08C60E08CA7FDBBE182289FF28E8474FAA8F9D5A6621AE0E3B310B983808822730D38299271656D9A3D1602E019F1FC9131A424B17C91C517BC74647185E451A7B60C6B82DD404A8990B72CD32C9829818FEEAA0C64C95E647A79EA43E626648627F93F086F1EB5F436B5E9AD8544ED28E9B3DB1F62040E2A8B07BAE7CF91F5B7A92DA51203DA3F24146AB2D34018C58E239A24D2BE38C991117E798763232923544F77C68F56CCAC7B115AB23118AF6B15C907FC558FFDB5FF00F9FF0083F5755F172C81A31515D0C6E1D118BEAD48C877CCBED8D88ADF56BBDD248FF6B5551DEE739DFCCBEE85FCEEFF00B0CFFF0031FF00C4FAD445662E080C7A4C14C88FE2485725FDB8399F1E4E047F94F8FCCCFF008F1FE41E8D764A3FBE4727065FF57522F133131DA4867CCFE7C497E3B7FD5FF97EB7E367C78FA9499D1CACB38C6F9477C6A2CD190E7C6C712D73616239CE8256B2462C92AB7D9231C8E6A3558E7409F4703BF95A3CC13D3E374EE68D2A4A8E6BBD15888A890FAFB51ADF6B91DE8A9EABFCAEF4FA67B5DA9D9DA27C9799CCA5884E998EF925A4944258E56FC6AC4B48674211648FFF0088D559915CAF5F62357D127D1F20C1682926BB9B19682470C6E9266D59225B351EBFE7C8C811F094C647239893464A248D8DEC7A7EDEAA9C03CFE75C8F34266CBE5D2B8839216144F5FC7F29FC40908FFB9FF11FE3FF00CFD76D7FF926AD5811DCCFED2D35285D46C5468CB4FC478251C5432239F1E0411311E27F978FCCA6B370501B32AC2AE62FAB57DCD8D3D65F5FD97FC43111124FDD3DC8C44455F4F46FAAFEDE32793DB408E9112568C8D91EC9E649057AB5588F8DDF139B223DB222FB988DF47BD1BEC4FDD5CDFA6507E0F282492482565A8CAD5963645186331EBEE54F63E6951D2B9AADF6FF0098DF6BD11DFD5CEF55FAE1D852B621191881BD8C49D1E8E2899DD145F2FC492B9219BD5AD472A397DBF1244DF557355BFB37E8DB37E7CD1AE231F607AC4759863227CFE23FCC7599FF0053FEBFDC7E3FD7EA50F768BA03EBD52202988987C2D7D7CF8299898FF131FF00F259131E6063F1D6409A1CBD8D242B69F3BAC59201224634E85872C72BDCC562AFC6923DAA9ECFF17F231CDF77B1CE4445F54970D51A02E38E70D2BE232391B244D2214241322746F85C8740F89E34B1B88714EF632173E38E2619035DFCBED276C0DAE947B0AA803A1CE931131CA3D80E1492AB8772AB0F8E674C4CAF7CC4BBDB333DA8D44637FC5FB1115AEE09B6B9E1A39825AA1DE2C6B123AD6B8424E80831D13E32659CB93E29A39A28E4892173009E058D1EF99CAAA8F7CC47CF9AAE87A175C5BE5513E4BA392D889898412581013E667C497609FC4C931523051A735AB91FDE5E42D7698DF120002D21410AFC197AE1696C943647D6A269948B2181D604E7FBE25A419EF27F30641F95094CE11E45531845B5C86CC78F6DF65CEAEABA3B6452867436D3AD6190D4D82C2E824163D044E2E0711084EA478CF4EC787E1FF44E476973E4547D937DFE109B5CCD769F2D4E4F582F13C8F51E36D6740B61450837D4B60CFDC5AD78398AD26B886DBD737572CEDFB8AA85FF00567481540E48E708521023602D92396904B8633F26D40E71DE39CD7C66C643646A13F702CF090D74A3CA1B876AFBFA12DFB2D75B43DAA39390DF79079710BE7B9BDAE8EAB3953614385DFDD5017D12BE5384EAA2568635B08B7065B43267E36BED82AE10922A60F74231270EE69FD70F50FDB7DB6D0C5E858288F70919289015858CB5161D62B92AC14256A15FA6C5614B667B4C55EF9D78F59CBDFABBA86558CDE40793D16516D166BE8608CFB06CC4D584AD0C8B35DA2CFB0C62A65DD8457EB2643FCB45909F0F7C1ACC90CD57E66A3939F0E826D13EB44BFAF260A0E783CA1740A40D62885D24D34FE8FAE60AD78763F979498C38561864562FE4F796F90D19F74C521F2C923EBEE8826549401A58658ECC1215AF54947B20E2707230CF8A3624B0A35D240A89F4E437916675FB0D299D20122FE820B3D2CD4D3548F4F50B359DFDB7DD11796BF8B9BF1B1896ED8052899A19899CA9A111D09443150D901FD56FAB7034D603955EA5B498A7AF7C15C34250E6D780E8D829514F1B259BE316073A332422395F3133B5B04AB32FC9F5D05F85B8CED7F45426AE758B5D74A86A2B41052BACF71BD70B555B4974B9A6BFA62BD04303D252CFAAF17D7631BFAD1E139B834498BE6BA079A8765EA78100395132E91DDF2C1B2B8888045B86557C8FB65B30C41890C40837B0D373ECDF333E0A1CDB2935A613353B2414A479C50C18AB350D946F6C8B354194D2111A8E590C67DC432C9031EAE8E549821BDC26868EB9BF88C934B5A88A5E9B65A8AA1615B78E88C8A588F61CF9891D935601640CAAD1C16B8E1E652CA6ABE5923F43937D5B6950768217CF49215BC77DBB83B16D6BCB994D1C43C38E610B452412A51CC0CB85CF40E619D246AD22374AE47D03D1FA574CC9711B8E5A45663A1AA239A5BD2CE5C55C64BD40DCDDC740A7B7222B53E40A5AB828E3B6AC86063A73453A3CD1067B629FF288DFAB97C4F80DDE03C72CAF1746DDEB7CF394E7D7B1A17ED069B73DBB0A8AE32552D4176CDA85EE4FD43228703A652CA822984541E79CEADF37E75657F42AD1E3BC3F2B5DB8B5EAB7E9B35316A48B6DEA10FA602AE90581A9FDE0F780408C14363B298073F55A2256CFDB5E2804D9FF00389308F9CC89033DD33224AE486263029DAC52E02852E188A115658A41C528263628AF40E77598A4AD05F675659660CD32C181AC728A8310A92C622A359338B996273A28A61E792063DAAC57ACBEB2B4818022B5391AEC5DA57D34F522B8622B481838E92D84BE9BED8675FDE5FD6A43737B32C33D840904E52412FDC40C581A810FF2452DF92D1099E7DA0325D578B57396DBB8AE0BBB500278EB3C2539B058C67240C89062FF009EBDCF56A46C19BEE2A192143CC5E3BF25D1B53477B8366E551CBD0DACCBB76B6E6691F294A853FD3F9467E65CAE76E8E75944BD939573722D546FD947B2FA135AD5F4FEC739E33AA56177B718EBECB156325BA15B51F63390530074EE5AAA89A84F37426B2DE34252C7A81B5E6BC5A8502D5D48A442C955CAF6247EE9638D5E8C6B6074C8C47C8BEE57BDCC6BDBFE6FF3C8E456A2AA2AFAC0BD8EFF00E7A3FF00C293FF00EBE88ADBD9474B6F393414D6419519C4C5570DB538C4DF4B1123C61451135EEF9E3AD88B9A5215B2B7E5302793191EE696020CDAF7FB39E93FEECAF3FF000CFF00F9BFAA95CAB9AE42B905F15B14150081755D62F56A01684648FDE886DB57B16D5121A1FE18296249AA4CB2209AF87C47774A82AC54CF758928196826B5AB4EAF242322BB208ACC241CFE7AC33C77FE5D7CC8178FD48A868191B6264E244646E445F69F1BE4F6AA7A22A44E64ED91889E9FE6B1FF00BAA7AB917FA25F791AFA804525A2259D79D3FAA98E0CD19A3490239BE8C1C59A374923A2FE8B1A3D667469FBBD7DA8BF4AD79EFEA41CB0B1468F4D87D1D658ACB0B1FF00823EB2E2B56273D193CED7583AA4E63A067AC9F6CB1CEF9BD1638E7472A2AB0BE7FDDF896EA08C9CCF46CACCF74A33102B62933F6914E4B9E83C4825D34095D249246E8D1C2FCED6BD11AF9115F1FBF86B7A8B7399017A9CA4E088064C04A3B10FFE0C5F719998FF006271E622622627F3176B90E4F231A86DB199A33524E266C5603B55A64246625E75E5A8012EC1D21FD04CC7F8F621988BB8CC0E7B4703E52A789AC7AB12325F58E47B1DEA8AF62BA092329DEF722FB9A8D5467EC9EF572B9BF55AEAB88E38981F049612B664F72316325C1A2A23513F9DA6472ABD1AAA8AE463551CD5F44F5FEA9EDD1F5AC8D36FB17CCCE265234BBEABD3DA50482C7092039B9582328F1CA3A2955622A61D4890485592A4BF692FC8B1AAC7EF00FCBEF3632DCCF86E8F5FCEB5B0C9B7B38ADE9F12E2AACE987A4BFACF85E6586B0391CC2A98482BA543EA9870CD5BB42EA0A14632AC974E903A5538A5C052935131A2C6088CADEC9339821ED3EAF7C80C411078E8B7CFE7ACCFF81188E3597CD5F6A8AEA5DD4AF5EDF475589AFE2B7A0DD6902FF60ABFEC41E7DE86327A878A764FC7F68E7F56CEB781638247CD1936762B17B5FF00E24AAE8A37AAB5CE7244B33DBEE6C7FCA8AE5546B97F76FEC9F5CB339267A4047B3A5144AEB60A66383AEB49AA238D3D1234521D131E4C2D6AFF002C92A4CBF2FB7D8E4F8923FA59FE19793446AF19D66A7C81EB10C30F17AD1B592EFB4B158E6A46E28CF6A1A9A796D0602096CEBED4C806A96C43C04D855CE13211CB56B0972B3EADFF00B47DC3F2DD28ECC73EE13BCE8388ABB8FC50FBC9B74065ECADD3D57DB71559C751DAC718248AD64C30E796961240F49246448F899F435FFB3F7B4B46D54E3B42D5B65415B592A7CA56A5BC05A9396DB1ABD18C590C8A0CBDC51DBC0CF599868EA6E3B8D2948DEE57087D77128A5CA925BCA602655EB43E41EA38F12D352CBD6071D8C20C60B4C963C7C7B3755CF5C567E03457FA93F8429E91BCA7C9F33CB29FF1391D23895F912489F14313113DCC5F56AA53D98CEDA547433A1FF0C7ABC1CF93B89B3B538A62F2A4767439672DD2D64AEBB32338F89B1932A35D6A11334CB341F2B9AC8C7F51AFC7AFD557C54EA7CCE9BA5D2ECAEE81F6AE7575EE26EAA0C9B5590B482064A487A716B6138351DCC7FCC05B8F3CA15B4092B836FCA39838E6CF21E99A8D6DC646D32B8AE4D719EEA521DB2A0B9D39278A651D30C5032B05D78E2515843596EE84D1942AF165B06492930A235ED612A1BCBE20569AB675235685CA70BA69A64B0AFA79EA1B657AAD505C36ABAAC318C679839F6315FC8DA51005DE17DF21E8E8E864E7B5B728E8D09713E95820A1688E22B3DEE38FB2AB71D61407E6063DA511E20A663AC8C5DA77795C356EA0E30882734322179352B242E30D7924323051E0B1CA4C419643E25798F87ECE2F744F6B95EE623D6B768E873750C573CD48887E70C1ECF6AF5CFD6C427E189CC545AB675D395322445416ED8A3AEAD0A3B29E785848269835737EEA1732CDCC459D92C6EFA2758B3765B23AE8F48458DB93AB4B8D2E90082675BD05AA8169335D90AD7D8043B620951A6590834048430552829E48AC77EA49E0858E8F5FCE39672FEF5D2E2CE54D8E8EE75198E7E7F62801AC07EC2BEC2C58C3637E705A0AF9A2120F961AC3A295C38C0C641BF0473FD7516B7EE33E29F816BE6E7E34E87C89B583561D73138D8563CDA3A3621946E06AEBD836D0ADEBB4C3612506FB87E81194A59604D31FC8207771CA9DAD08A017AB055AB6ACA95EEEB5C9463F55AC7A58C24A146B5A950C14832186303D867BFA6B09471AD3B775AAC2248F707CB4584A8AC3448A71C9C9E5AAD45BD3E3B17127094428C40F298559218B70FB1225ACF9860488EBC85EE1C8B9DF6DE457D2E3F2F4D71AEB5E0601141A2AF4634E34D02B26D4015D356CB775931E4DA820475F64FAEC5DF5530B82390FD955401CA0B01EA5F377F4DEF25B799BC9CFA9DE67B7CF9AAE833D06871498A18E1803659619E2AF81B3E7642678E61A0B8AA540E0382AF9490848488BD26BE35F51ACC0D3E5F054E2936BCBAFBA5C1A7D4ED33560267F636CCB0AFF00C3199826DC03DB2D1E5AD67B05D149415B62354E89B5963193380C80988D7D713FDCAFC61F31B7866371DBDBFC3BE49AF7D772B70EDDCFB1895195737EAB6AD3CCB936999BA628AE81AC22CBF5ED6CD92B6F9A02909052578BFC695D16F5AFEC4D0E40AB1C5390711AFA59EC179215C98F3BED99A861F2972873947DC4A195C19D530DEDE25694B527D073EB3BDA9AF2FECA96B7236AD3CD0CE84BBDA126EA9AB8F12B9A2C2B34774E2AD92AEAC57B1B158121A39D2B649D6393DBA7F2339D69386749CA499A751DE9D7D7E762E66890D53EC20B7FBE7D865ACFEF6EADCD1218093AAE7A8BCFC6E768EB7E22464049B328D9092D3CD08B976338BB3C74382B3AFEB59ED5662CAB372001A07526A28CF42EF31F4C3960400341795546C004B21AE329C6B1180F503EEA27CC2869DD3878CCC8EBFB576BD3D4ADF7B31A45372FA92CA9BA2B28CAAE340347B1AAAC2927CC662A63A7B7A8F61F5855A2CA30D29060D5A585358B9F987CA5A576C5CD9B9A16C73B8DE6B9E8610222B3554685B1B36C841C0C605AAAC8B0A8953E002B405DA90C135925F57F6F79575EECBB19D136EC6C85BAD79776C56B8BB19DB152C65A84528753145B1CC95B91666ADAF5DD6204D22E26575E7678ADE8B9DAE82BF3935F3B4CC0E81F637B94B0B2386B46939FD5B8BA35B832732A6F528ED73644BA274291D95159442B8364365F2C9E3FBAEA1FEB807FF219BFF45FD4BEAEF34796D5D15AF29EBDA6CD5866D64BFE75A1B7A96E5B421D9855D1922995C73FEF26A39C696265752B4EB2B426091C357836714670D24FD7FF000BAF23FF00DE8774FF00CCE93FE07D739393E6D9DFB55F5CE8F111A37530CA43192DBF2D81E8B0BA61A48D77576DDCD0CA63654756AD8644B6BD4054C49D8DC8CA7E5D55E747F57B772A2D6AB6EB3B89A6B89EC5E1159552BABC25163ED0CFBBD8EEF2726C2229116694DD6EA5E48FECB8B0A9255F1464C417B2C010208C49CF8C933DEF8E2F74A20CAC2E708E25219DCD74D1358E72A969C97A82EB73136B28EEEC2CE9C2398232CE3654A53081AC1F3177B731CC79060550E3591548EC2C7A9596C248A598C8409D84C59CAA6DCEB4B3A3CCE78186B1B6EB0C21120E821FC3153483B990196A359D74B54E49D224F967883AB295EE62AFC93B98E75AB917ECE9746064ED3A9D5613596A039D691B4A36AA12F27750CB50554456428F0D79B65621BBE2969A61E01CA0DA630B2988C68D3D60DFE015812BB962F2AED5A32AF09A6B6CA2BB96C271AACDAB6AFB313295CC35F5D80D52C7DB2C6091786BF1AF986F5774057CCBA6A64CACA5F00BB0C264AC124982B3F5DC11ED19841A96760A64449423312E47B97923ADCAE9EA4F33F2D3E7E94868DFC419C792D35F0E9E0B1A4B258147247AF00ACE5807355D8C35B625D6C858654835A9904F0324AA45F2679B9408F9BA1DCD5CADB7BE1AB6EB477999D110EFC1048A1D7587E0B44E9C41BF122B246993020DAA0902C48F84D8A6162828EB0CA701AFCA74F0361E476BB63D6F3F4205562A80A9466E76C2EE8DF18334B59ADC85EFB67C9D6E5FEC9292AA48E40CEB981679277318235B4A5366F99160D253E719A20FAC952B2B6A6BC8B423E0D14D66C7CCC8F1D20D66743A3B6B79A370D2E61C65558084B0C922AE90C21011A2C383707AEA49D822AC4C9138AE841328DBF6B146B18B4C135B15D58D60389A4A8854B18AF6C21044FA3F28F3565D31AA7991584225ABB3660AE5485994B12A0A663E86791902ABFC9912C91F7FE1ED022FF540BEE9171E3872DA7E5F6E4DDD1768ED91E3AFB4D4E1840BB5F59067A2BBC5D14CA3840D9975939055B1812C03B843D6951D2C203871C7914673DF00FA36FCDEA170268015C9F328E4B0D594B4C6DE6A8713D58A414362F3B29F6764A24B34914E95D2492322F48BE1731EC7A39BC6DDE1B573D4516FA37DA50E334F51B44694C4105CA5E6729AC2994E6C2F2A2716AB517C6890D7AC6558ACD388712A4FC0AE7DE1C5BABD0F2FEA1564414B98AAA7D5521D9FD46BA9C08E4674126A860050AC56D58E120BA7A5689483C71D939EFA88E1846BA8E0744C8DEADF90EE726F8C54D8E3F8BF5B1EEFAAE51BC15D074CDAEFAAEB356F58719329DD5524926A1BEBCA6C9309C95310A2056F67712E35F29EA7F55D6D24DBBE48002CBFBF62AD9AE8A5599512546A2565F6E9B6F903AC925FE50335EB9BE2C136057E78C1E15F7FE71D038FF60CC4E4F4CF19BB2C4FCB5DDF5483679A3296BEDB3735F533F758AB5949605516F24111B9637EF4A87F3028A19EB5871510F36B87C6D7656DB1BC74A9F1DE22DAB2D737456105C5B5E875E52BE2FC646AFBE64F8E248AFBCB35251A00A4CC5BC98862E673E3647E92253F21BCDE2A91FA0E0F45D873B949A0042D4DA9F7F466E66933192B1AE53EAB203EBC1CDD9D75A68C8717291169983510A0540E863A7AE2676C8AEFFC50D61D59C87C6FA9683CC2719DCFB0925B59DD78BFB7D69346F16A295F10275CD72B3F89CA2D1F3C6CBEAC48EBDCF15EE54F8E48A4536F89B53536F8D9F27DCB99F16F5B42BAB2F1911499A557310EB84ED0D8189AB2A3D3558C9A756C2A9211629D06E99021531D843E55E215F84E664636752BBF5996AF5E66834B5433AC3A73A9579A796C683809546E54D27BD2576CB976AE7D0F634D711FACD8F9976DBFDFF841AFBCAB3442932BAAB2E73B8262598732BE971D78DA801FEB3042C4052DAE68CA3B165A4A3249144DB7574B28B023FEBEFE307E98DE6078D9E4D65A8B19B2D0CD9C9AE38346669798D354D9F11E935428B16AFB345D5EF4C14B70580CEB4ABECD52C2FB2CFC32524F4FD1FE6B79099B3C25A64F8F7DAC69BB0D26BE92979DF1CDF117B8EE81B4DE0D64B4B4D88BAEC9FD9D34F0C332B668525AABFD957095BA00419ACEB4C522BBD3DB0D94D31F99FAFF00187C62C8E6B9460F94EA359E02F941C1E8F0D91BAC4D893D029F3FBFCB597516F6317B6C2A71F68C4EAE249960B3FB385E9CFECCBC61B86D2939488B11D759FE44C13E3BB239386197A34B9B5D76AD5C19FADA36BD5ACCA7EBA964D6F2AD5F4A8DC5DE2CCA864DFB5514E6CCD26D651469723CB5CE8D5BE237C0AA2D39955C8FB48557BC212F948293D8DB5CEB5FADF6241E26B90AA4F53AB597AE72C9D83C53E9415F3BAA094D63A1B3A6F2DB25587EBE4C9D5E4C3A493A360B49B7DCF3472D095618ED009CEF55523550D799CB7B5CFAADED7574478C7156400ADAAF3A75EE3B9EBEAE9F5F7B4FB8FB5ACD5899F464A4460B699411ABC619F38D690C6B6D1C8F3DC1FD92B29AB8313D88E21D0B17BBAEE81DA61B3BEAD9B7971FD9C5AE9AF25E75881EA330D039F63A97DEDE2F9F0605A92C0AFB9CD518ADAF94B9D2CCBB2D8DBBCAAFBB641F6C3C0B4F43E40DA95D287A51B03BED7602A7434F8FDAF7B754E905E62076038F227D23EFEF6833F366C8C466EE6F43CF5DDB1F7EDBD88906DB4F5C6369E50297EACC7C57C478E71AE59C6B7B95F27C6A7665576A71A76736ED80CBB97137694DDB36115AA854B5485A2BA5F56C7D4ABA57576997A9A6AAD8E8B6505FC7F5A74B5CAC577E85B1656CA25031F2EAEBACE02B4276D8C14568B005EC6458279D69531633DA3F535BCF20ECC5AF9B533EDF4361AABBB97CE6447CD6B776F9F06D0AD01D01418E49A22DE7F8E2C516BCB7FD87E32060DF6230EC6463BA8EE85A529F97B6B6BE4285D3DEAC1575C298E925212A190B52102C251E42E2608C2E460CB13EC1A4B7ED56577F91902FBE49D104185D658596C268E8369F728DD207634660F22DCD51D6D139D483D5572511D9A21F5D08B9BB015910B7B34C9691236B9E4B83FAE9B579DBF296B4670B3597DB8E75B423E5AEA1FF00A667B596DEF878A0A7B92A9172D5D128D00131247AFC43C62A443C0F81919772FF0092F44437F82D6BBBCC9B22ACC7DF11B4A659454F657B8562AD692634EDAAE7477D9B7A32828058915786058973CC2D03A9C85EEA566D5CFB0EA14968A40C059A99083639CE104CAE6BA4EBD652ABC4F7211739D0B95792F27A8B3C856DEC899F32C458EBABDC7367BE0EF201348C3D618687046D7382243162CFCB71706569300C90E829658D5E5CE848F5CFF84547FEE07977FDFE85FF001BE882D5D85FDAADF5BE6EB07B2AEB1CEC7B810EBA02EE887B0AEA306FE2A68AAB3927A39C2086E7EC7E7356CA3AC12A06204AE6CA4A0E128C3FE11BD17FDD7613FEE597FCB7D3338C718D9DDC4A4DC59DADF7D55A53798EA3A19E756BB2AD4B38CA9657D63F79372DC96CA5C236298982DF24E6B20167C93954719D8B346EDCA58265E0C574DB17E2CC8B081EC61A14298FF902E60314CB00D87CF4712C03F5CDABD1A94C996D6788A99AAAC8CB5F89EF162F9111FF00711A0EC6FC6D8A3FE484C64EC81B02FEEEF7A4CC95C95E094B54C84DCC1CC82244736CBF1EE73DAE59257B668678E40E61A446FA48D63FDA3B918F58DBE8BEB55AD0DE5058360B7AEB488EB125CB0C61B8A95D62E57B567FB62C499C3C4AD87D272A2904AF6BDCC4739ED8E691B1DE5CF3550647B8E202DAF3EACB0C39A27F9653DD34EB0AE489E2CF12917162F18265D0F4AD862B1969041860ED097435FF002C8CF6112D15BC1A546E9D706CA98D679FA96086B11B6605531D5FD6E8C07B84649632A009F6B7A7691928C2651D25D58B6700A224D69B802CB094030C5826D350B29C490AFCCC33B34A6456BF30305FA9AE179E51818CD4F55E842EC4FE7789B3CA81730678AA09B47291AC26C41AD8AB62B32027D85444B5669D605D74AE656403C31CF30ECB115C96F777D6720BDAAE539AF173407E8B45879DF757969BACDAF37F861BE273773418909C51D616B61ACA5D0E7C9B996C1046E7294938B1EB2D095B164B310BE437909169A8B40BC9B383F37DB6573E1DCE6B1B5C10B91A12EDB1F9B260A2D3547DE7DFC51578B96BCD254D6649C18925DCF640853DA0096F00EA12DD5FC26D0E58CA5E750D0760EB957A4AFB8EAB652C4A663ACCCCC5B682F7761E06943B7BDB134783F23654F4AA2C7691C55AE62419FAFA3692085A7475B5C150EFC67CAA9589A82754814D75051DA45E980323FA16CED246DD7B00C6317D056D584ACCA792E5AB0ED9E6516258D6FA9816E2A98BA132E5574C0596365556CDAB06D17D57C2AB57AA5558F6005996C323E97558C0347D0F63A2BC1F0999B481FB0A69A210BD259855770106459C95D154095B9B88EAA80B751803CF72404B6CCACA20D853A62661D2BDEF78248E81B5D7B04B4A477CA358E160D194711255D7559B62057BCC889744216694081513CDF6B0A57125410CAE6481443234D5CE6773F98E3D91E26DB113C83C45A506575BCCCABAD469398804D9A5734305B676F4D24C604159C459514B5AA5C15915A1B5C5D93C22432264110DF22FA489D38DF17B45E3785D570FABD5D79F4DC32D66D26DB5347D16FC2AF82D0DE67D26CC793A7E4AFED1A05738C85C45A65235AA632EA86DE8A0F641E9AB3A5ACC5D0BCD4D8A746B422AAE49D073597469D029386CB21BE555D8EF0666F5CD8B3030C5B4416DFE3BA7C6B0F15C16B26C53DB7DBAC3BFD9D45F9E9843EA69E553458A5624FE86959401B2F4C233D8D6A426C8C5636DA263C3DE6D79B1E979DF207B5B4CD7659F1EEF61054DB9D17E4FADEBE3CF1E267B3370D2D5895B80BB308181D35D9493A1F4AF3EAC409811CCB0175CBE1AEAAD20E2FE3054C3D3A5A1841E43CBC0373AEF29ADB14F1D12832C3D7A0F40B92367CAC95F10C645351BE4B262BCD6B273A18C662CA95B917823E495D6425D36F2FB9FF0EC45B641D9BA9E35D2B7543A2DF3A619A636C3672EE81AFCD5657CF652946D50155479D9289B1AD7B6B6420C96696C9F878D30757A4E79C1E0A4D06E04A3A2E758FAF373A333C850C32CA8296960AE160B6A6E256D5D543543032226C14F35857D8B8863A3B16B46F5762E05539053BFA21AEBA49AD2C4CE357CE49028294B90446E7DAFAB0C85F5443922A883425C2B4B936175E40FE6AE5995CA29E31D02827D613AF7D067E155A6A557053AE95A7ECAE3A4D9BAA1B306724F38F6B545521B1859EB9DFF00A2DB41E4CF3F7F4AD11C04DBCEC025F80BA9227A98DCBD76FF00414AC70E842C11CB1EA0382DE39C31E0424F4FBF223F9D3DCD9BF8B173D239BE0B6FA1B5BA1545B61EAAAF294967A9ABD6035AFC38EFB2B6BE8B15069D6E33B6115DE62012E8CB0A1A02AE42D1354A69E1A8444FA53EF5FA7BDE7927CC3A472D2F2DE3BEEB4975ACB5BAC9EFF1222F3BEB1CDBAE111982D2DA1B5F76FCFCFA226D611F192F41AA323AC0AF169CAB6AB0C4BDD09D34A96BCA0FD26BAD70FA5AAA7E31D02F7A9E8F4B664E73A5F39DBD16630BD0B077B6A4BE5AB18FB80AE4BA1B0A8B8B0B092DC8A992DEB7E2A299B699A9F615A29B6C334D17F528720C8B2DAABC4B159D6625D6412F5364946B125DE8EB5849AB35891B245CB4F9EA31EAF7CA6F3DC9AB837BFF00B0B76341167334F3228BC665335E2DA2C8D88177D9AA7EBBBF614E012099AC405132F58A8DCCB71BE81D7331CE289688BE974BDF0617555CA31066826D07F0DD7C9A5D864698A41066515B5A6232C7D41F591DD0B6B0D6BEAA32676D63FEDE6BDF23E6CF91BE17F2FCC746BCF03F86516A7BAF6AED25F54C671FCF6DB8EFE4387E260E7159CCAB72988B7AD4A0DCEFA3B8D1EF697EDB5594AB9775FC3208F10805CD83DE3C5BF4B5F0F7C8FE4FD2F9EE4FAC76CE71CC3557D8ADBEF33FCA41DB13B4D2E934385CFDD0F59A2168B3260C00D92FCBE8030BA0A0BA1AE96F31ED369686C40B157C91326EDB99F2ABC7C5DB6F73F7BCB8ED3775D351EB3B46BAC2EBAC5AD4E174E0544C05858F1FE79BAD3ED2A2012DC2880A3ADA0AA7E0682B0212BACAC0179C01ADB8CDC8EC3756EE2453AF45970D166DBE7266C42C9ECD7BABADFC4AC5855511A55AA4A852E94002D5D7AABD621A7C9791DBE52DA2CBC6DF7D2A2BA65EE81ED1325EE6308847B3D8C938F7B1A1360CFB9B58D699B273D97DCFAD6C34DD76B7A87E42E4E37C9FF205F9BA1A626A28B675B871B5E6EA6AE8A68EFAB3FC8AAEB2C8533F0F9FAEBBAFF9F3D776838AC2EBE71A18C29ABE093E9AA65BEE776F4E4C671D180167ADAEAB002E5366748A556947D706E86BAC07948807005B98E39A69D842933410B192C8EC7AC749976973B2C4F4986AF79B60B4382E5209160B5F41A0B8B0AF175A4E634EB6954C8FE2B0AFADA91C569151F8E9D2C92BA02636C07DCC6507589D4477BA6A3D68399D2D854F22D166EEFBD1420F19F357FE6BB7D53974B37D84FF0099B3CC419EC83FEEADCA065510924947C3003338F2DAE3C99B97CA8E968BC9D5F2E9E054BB3FD4628916856CB60C1D8FB6AFAD6AB6A6850562532F7234192E4B2AB9AEF6D1A4D64710CEA1C4B8C1DAB0643673EECB2D52593AC26E5CB351F34A3DABFC054ADA76AFF8259ADBD12243E18FE8B6757CA77005B2E73538CB006D2488978645BDBD2C743032282499D13344EB8873750F1441A69DED9CB529EE58BE1AA9111927D579F8AA7FF590BFDF9A9FFD21F56E791FD3A2E9BAECB9F4B5EFAD831F87AACDBD25B91AD20BC3E98DB1A7FE347A8EAA2C161AC1E365A4A2972993BDC8FF009ECAD59246EFAAB7F1751FEC74DFF9FAFF00CA7D79E7BF2D3B8C58E335D6BC7C7B1ABC4B3773473EE5A9D68A5A1734352AB69D6BD9A0B5D842514AB1C38D212C27C9093063F01D89C1B0391FF597860734E553437AC66868069D6CF98ACBCDC7B4B16516A69CA1B162E5B0298B1664A14024AADEBEF66C4E1FCDD96BA6AEA6F20AE34D659B04698BBB4A5B90EBB4C3D15802F7130D4684D62A3AEDD3C512323F90A530A7474F0239C6AC72CAEDF86F19CCDAF44A6B6D0F51A9BA09B4379CBEBEE2FAB76794DCC77561476CECB1FAB1ECF38EC5113544B730DADFCB195E97144642C80359E18DF426877EF2A806FF00A7ADAAB4A5E7A86AC79848C5516089A644B7E6E84C298F28129C3FDB122B44474CF81D2912424B5583C9EBAEA7B5068F4D6B33EDB4DCEE42AA298EBBFC611155CAB4209B681CF21934624C4457637E4E7124504694A75792F741ED89248ABB7C80DFEA9CDE9CD1D9D0467FF4F462C85D73029B6E93C2ECDC519FF66C5CF5590A431ED017329FA0A0BD6313BFC35418FC36D20F8CD7D2BC169DB537EABAA4E866E62D3347ADAAA30DB654CED8830A054054E2C8E8C7649320AE7EBFD7C8E85AF86DC7A5264CF47A0834806273BA094CA8ABA6B9AFAFA6268463ADA334E526B82A61E631CF63E294C06595269D621645BD6A011EB4FAECC6F39DDFD4535999453ECF13B0823AD75E002C56E9340E0FE26991056496FF00131CA70E7113144A1E11A1041CCA33F8F6B716768DB821C4632F2A92D7334BA5B2AF88C1A2B1AFA67DD6484B086F858017C44537CA1C14AB1C896F566AC9243310AD35EFBB80F8EFE2652F2327CAEF376D34F92A7D5ED6D83E2FCC79095EED3EB841A00AB43B68E5B52AD2D20FBF900B3AE3EB092638A00C2B1B322C0264830F1EA6FDC0CAC5AF96C490E7C545E6E75916C1A18CA403ED731CA655455F5571AD621C2AF7581787B3B45418399C4A70D067277B5D6516F6AD15EA8F532CDC3B760ABDA5E5A2A3537EEBA58D7D858D7B362B50A6148FEABC458655D587945ACE5DCD33B92E700416755AFE5BECA5A4912BD45ABD4731B4A810DCCDDB498D8E165FB8AB6519D242D963307B326E817C128CE8A66B45FD09B2DCEFC83E9BD47C96333954776BC4E7F2DE38D2EC6F2296D5934BD01C3CE6EB9824AD78B1F41A3C3D5C940970C98792DF32B34668734F017613363E1199FD37BCBCA51707B7F147235E44F95070F5367D4AB04D06B2C69AB839DB4513779F919CB0CB9A124850601ACAB661C86B6188A92568E8B48789DE2C733FD343CB5EF7C97946CCD2F0DD200C7792793E396C638BD7E5EE78E13655FA58EBEC6CA44B3D2650BC1E82D2488596522DEBE617E42E4B10631C86C4F1672EF52CFBD62D26D595CFAC5E86433BD8154A1505FC1270E614A9A6AEA43DFCC7F716233FA88E6FCA2FDFDED0CF5E6DAC68B7995A9D8AE55E6AC5CAF486B922C5915DBB55CC88AAA144C54A50520B314A1D251278F64E705574BA5CA420748D230470137E50FB1A4AE93476274F556B9D3A9F44EB3AED0E876C0E9220EBEB335612D46084CC8D6C25008D786AD753FCF00A60333CE2E1C94A2D9879A121FC8D8D4D8911CEEB21A9E49A43EB9BC96C9966727C3120A7CCE26602494AF8C8721647B8FBF3A3C87CBF8F3E35740EA33AD35A015785D8EB230EC8F9807EA33599CBBF43639BCF1A1B24347D16D2BC80EA29CA0D1938919E51F1CE2C834660FF009F0DC7EA6DE74696DEB3419EEBA7E0682D81AA9EA30141498BB0CDE569C916B4B073219B7F94B0BFB1029E021E034CB0B579C6B226CF310D997DE84B65C85DF5565B14515902F741CFF18639DEDAF3243DE5960BEBCB2659FCD6B5A0CE3AB55D80E959365297B2BB625AC8487A7C77602449760C819EA8050CD985F8832839262963FF001D931B70CCD3B89D11F33E93586056F7F61524155F002791764DA9E2555158585558DB0B694BCFAB33004AFCB692822A9DB89A97C43D553C2D02142C49FD597854036279AEFA1BEB90B47C83B2F8F745A1D1C0530533A570CE91A62337A2CC6C8B6A443DDE8697675D51695D6F37B0F3458E0422590E3C890D227F45EF361DE63F8C743B2BCACC6E5F5421FB5C7E93279F36C4DB6136BCCAE2BE8F6DAF224B47BE61F3FD3A6BB0351535A1C8F02A2D59A108768C3990822883FAD07905976BB09C0CB2AAA59FB1768E732BA4B1739F499DE61E39DA5CEBBA2EA74CEF96015B5926CFEC47442265812B6AE6794D47150C6F679E954E4992CD100EEA5A2C25C05E3DD0FCD795035B7C4B008C3456A5C4792EA1302A2EA401038F41D5FB0B1990FE0A7A0A18411D6D9577048CC88F8134B4A4C24604C3F07126B0210E331AFE431752E8FA6CF5B52736FD41F8509B1D95113D06DE7132DDEF96A0F746927F38D69E6521F5A5098988BADFECAEFCA929E988ACB6A6CBB26F4843482F42F3C7CA7F2FB23CD5B842EC2BAF7675C35DE4F0DD0B15498837701C4F2819531768FB83C3935D6571516336569B781656CF4748403341575D646415F3A94EF5D4BA67EA0DE4EE378DF8754127439B6403B5B5C0E5EBAB30B7B607D880B6FBBDBF42EB97CB2D9732E7D85A5269282EECE92D33D567CC1256B433CE51BEEFA7D37F46AF3CBC56A8A3EC742EC1D951565B5319D0F53E3475ABDE990E1AA948866D16876D87D4D0827E88506BDD2986DA321B61DC4C0A5B40583E49A181C6B79956FA5D7936260663CD8A92EFB15113251F83862971FC8E481560E54672631273D87F5AD21A3EB33ACD33EB31DFC20181247D0A07CC4494B263AC17AD8B311F133E2247C1F1D4F9C6978C6A72FD8497D04416DF9BDD6D3463110016F0647AE670250B5B58256DB0A4CD667D4EAAEEA1B493348F9A901D159CE2A4CDCFC2633ABC835B88E63C02BB6B8A1EC2D76E6FF075AEA2847DF965D40377B1EA3A1C20D9C752476704348F35A657DDCC6ACB1DACEE67DCAC6D8AD93E8B3F1136F80FD52FC2AE8195AB8A19B7F97D0EA07CE1739CA01177D4A929E112C9CD2AD3DB367697B8E6C8020B0A999F08755A68E2B38DE2D741F3C2A674B92C5E0B8E6EB9DE4AF74791DD5F68B19A1D7566D1B675916686C669ED2C0EA6713FC3515803A5A2D051E9EACF32D0C0EBC826A853019E66579565F439F3BE3FF5ABB8B5E5CD7D2D8D4C1ADA0FADEF7AF90D34C1ECC58DC576113A15D7ECB22BB50D685965785AE09CD04D94F85F999D6A3A76D164676B268E8BD9369A844D5B76B2EDD0CB3CFF006989588B713426C407AE24EAB22F0103009FC2D4E9B339CEF625466F94F1CAA23575B7573D5371499736F6BEFEBC2D2935438255159BD71B514B6C288006749559291D693CB61643BABAC4C4F82FDFE12E3BFF00D16E53FBB7B5FF00D4FF00407F9275DA47039DD34B4F299BA5A979170FA1BD186822A9B0DB694E848BF8626103C91A32BC729F2D8BE6478761F9285EF14B166774FF00F7877937FEC8667FBBF59FF03E95B819D677726A375594B62D66FB7197737371F49F34A9B89D5C2BD94D9265CABDED586241C511581804A52C6CCC913EFE860719D7B2BAB42BD15EB2E8ECBEB50C30B759776D50AA9B73083A1E8A4D92AC30F4D48F47B22604A7A780AAFBDC789C1C76151870FF002D5F7C1523F0A789102B636509312936967674B6A09FA19E7D09D3BAA4794A70E64F208418D57033D4D6567C3A153F557E078F54ED04B1CE8B7966F5B4A3D05A8631312E703AFAD9888A83DEB3BA030274A1C225B93F9A018FBA008160A851E38FA7E2F761C252D974BF227A9DC6FCBDA61A94417894B8DAE206AA07A5102D990CDEE84E06A8C9AAEB73159431D773DCB8B1D3B1E4976D7B617C34C14DF90EE0FBF13A36EC3D45BE5B77D25F67654D1E984BF0FEF247D2FB516E488ACCE8A80FB1BD35914538760A3B55469246CE6AA2BC9FA3D1AF0ECECCAFA14E9FF50E3D5ACEA1DF65A96DEB7A1F49E314CBC1D51AAC7858CFB6BB0FAC227F57D72A42DCC75710C0E4DA396DE5577077EC6564F37AAAE3EACAFA4A253B257A34DDF7A2BAA8E9937D36295BAA084DC5BAA9BCEC035B2911B1CBE7D94DF76AD003CEB9F51CFA0D259AE9BA9681D9CA1B0BB8AB5993CE1075CBFF001954C1C72C99C616A2918C0C47BFE596945AB6348967F99CCF93666FE5F1BBC389EAA883A2D9732E61B0E6DD3E9342C180B6E61D015AF835218C19EE4061D2234C08C86D5C4ABC4A92E1305312121649000F10296EE4B3C5764E61D60FE7177459EE9A9B71EA209C1D6A737016B658BA20FF008E3E0A87D369EB6FC4C747470A314CBF03F244111870CC6436469BA3D975CD174C8EDF497A3F05C3D715509F2C3295F7D32ECAF22175DA2D4BA74959AB36A331A59CB591CE27524D87E343475753D70B1A8F9D6E86A5A562631582BE8758BB6D04A09AD59553FA8ADAB214C0B1B6348915EB66D506F8456A60C617B0CD6465C0B873333137396EF5BB0FCDBFAE178EFDDB4E22B16F78A8BABD3ACBB09E952BE0B372E5B7B3D70901D0753488D50A0537F72EAAB91D991DD586F4AB05B3C161EBF575F9790C30A1ECF3A236BEC8BA98E8ECE286C6CC8419DF257BECD0F39F34B2570E431076FD31BC16B3A2F60F21BC7DD0335166CC4707A4E9DD0ECACB411BAF4BB9C2CB87B213298B9ACDF34F6229DA8B07195C481F70542DAAAE3659A19562FB59D7A706EA9E28737A53AE339A87EB6612B25901ADC69116834134B2A40804761786984FE2FEE0951C750BEE207C8F9DADF81E9EC639C1F8F224B5E00DEB4C0D0404CF6F77B316226422C1F637664050786585C3B16BEB6378B258DCA4B3FDECD510D4D5C630215C96E2833E395EB5CE460E4FDDA55298C15D06D47524B560C5313566BF98F361C4B0859C99CA130FB13062A35B253E531CCCFC3F5382A5EB4C3FF82FFBB5EF31324A3175953462248664BEBCC0AC7D8E608F81802259FF00D9309276DF19DBCCEE048A696D79DC595D1E7A48AB089ACF2FAACA8D41B9CAD61376B1815BA07D348E8F35725CA2B2BAFEAAB9F2160472C868D900D17E8ABDF73FAF173788E91CE25C528D64FA0B4E8E4DEE636F4F599F92AC2AEA8D9E4C0A3B389761641AC2C0C0A2B3282B739D228E489136778FB06A0B2B9BC7471C0D9659087B5AD4477A2BDF2BBDA8AAABEC6FB9CAE44F72B913F745554FDFD2B5F1DBC8EE6BE4E1DDC69B8D6A2FEE6CBC74EA363C6FA789679DD0655F53B3AB4250A654C3771884DC50BC802D02134030B0D7D815587B4459A063089ACE152A374904775F5980AACA710CADAA2525C32B9255806AD2F913B2A06A7D44CF7C4D90B415AB026A9A1A7504C5D5D4706D7B942726A601BC060C61A9213344302B9CADBDFA4ACA2B9D72B1609B12FD35BC54CE7829C1F39CD686D343615CC9CED44F36CE929E8B587EDBA04D557DD4B476E0D73A6241AFB1BAABACA7C7D1DB97359D4E769E424C1C292E982459ECFD7878869EFB69E37F7BDA9CE9F81F388B69C5BA630A7DA0F50CD4687A595B9228AF23AD9E1556ECE9196825658951B433ED294201F2CD2588CD76A52FA6B5AF63BDCAF4F6AAFECA8EFF0047AFA2AAFECA9E8A9EBFE94FA0CFC99E79CFFBC732DB72EEA42CF3617AAD6C18FD7141C3F716542696B18743AAA98155C8CB01ADE2A256971C524E05CD5672E228E5580D6CAC1CE5D45E72F369BD8D5184ABDCC615874BDF6976CDA72650532E64317001D1288B032B004D70018BB896B0DA5616210D9AF2109580008D510042D6B18882EAB018992293710F932639B2659FCF0DFC30A2F36BC15F26B5DE1E756AFCA768EA7E6030CEC808BB0ADC86E2C3C5CAF8A12331C033B622598A3642B1167FE27ABAFB6973F59A97813676D2DEB02162BD07EF5D67E5A7E995CDF27C2BC64D70163AB5F2CB6BB4EA7C9C970BDE36C3D3D85CF2DE75C57C2AD0198A8B5F99ADE8DA0CCDE6CFB76AAA2AB43FC30231A351AE88F750E8442295FD1248E2FF00A72F979E6C64FCD6B3C961A8686928B8F43D2749525B660ADA1D6DBDB566BB39674911B73419FD1D1345BEB2BB86065AD1B7F036B0180874E72C6556FF00F50CECCFF34E5B0F18BC9DD4F5DE4D51CE0CA5875F6B8EA3D899B4BB336296992CFD46D2B72D9A7EC88C4E6C375D7F689E92404DAEA26A9B22AD0B80A3231AE3D8BC84F909E7A898E24D93D553ED578AD3D893262A1B3E148FF8CA204AD04E065862903FCCFF0013BF5A2B166CE81B833410AE8A54135D0C1875812728FB094FFC9A8E36A98C15B1C135C01EF8857EA45E110B0F8F187EE1634D4D6542877907D5B691E66690B6B68ABA7DCDC0190C8CAC1DD1CD1D76628EB82A62E10FFC9E550C8492799248991839D47BBEA3236B6FD03A0581106E7A4DB6D5938B6D5C7167D96865D55A12694ECF385100AAC5D48D6518B34E965A026612198B02A94574D304DF38F785BD8F6BE24696D228DD174AB986CB65F67733D80D3D8B6C26B52AF4C26C7ED9B0425112964C908F348E794410F58DB2365739F9DFDC05B9CEEE2C2FB6AE8F6FF93D3322BD22DCE3AC493F4D754C6D65B491D94460A53CB39A3DACFF00814631410C58A136AE518908999B5819F99F3072A67C65C2B91E31F20E33CAF8B626F8507A6CDCE35BDA08596506B9A1C36732BD3A892BD7605536975CAA5A528E4444A5B86BEC70BCDD5E4773361ECD1AEE5D45DB91FAFF0055488B11DABB41D0E65B9F29AC4D03514A1C96CC43866605D27AA75075A751CCD64465F11ACA49F005B73C85C0DB3C6258876C6D51C48E22CCDCF9888DBA6088E14B08C591CD2A0A79A00E0ACBF879DFED267FFBC077FCCFD58BD7F49739B901D06444FB4B43AB8A15B28923284E85EC850094327E024790C18082770D56D294770824F20D0B58E1DF1BC4CFCF17FEABD77FFB437FC9FD26B92705E4BC2794723E2B672F16598FA8EAA6ECFBA5359ADAD0340A522378EAC2FD5450C22AEE6F7B2CB30C2FE0B9276E9EF7086D7CB17969DE345425A86F565D95855B0E2D35BD76812A71D8B36346D8D85342169457A6489986B3AB52F1D3F4DBDBF47C1515166ECEA2D775D16B8AD4D7E0ED25BCAFCBD36686A6B52CDB0D75AA915686C598A4FB9D00C581622FB6C8184294977DC7C0542FA219D8F8FE56CADB49B86EBA828E2A7AEBABB59E9A3DB424DFDE15969E98F00010C733439BB611534E14A44D2543650A28E528E9248959141DDCEE5805D69E90164E0C380D6614505F7C5507C99CD6672C28AEA216C0260F6D4334CD910812DEB60526A6CA10CA638DFB2186242FF017CB02B99F07F212AB2200D9AF94DA5C002CD17DCECAC63AB2CBD0EE6EAEA98BB9FB423384CC4E8A42023041212C9AF84D30890830B74F1ACB89D8D7E5975B69EA2D3E4BA3A8920AD6158EBA995401D43EB421F6D556576595283E883976E5A060361A0E6C2BACACF10545CCDE2DC61D5F3688E2EAFD379696A537685AA597A9A3A236614762A36B57FB51A7359E852DA50346B585AECB420CDF16721C64DE294144E22D9FD3929C22767735B3D4C210383B3916B9B9DB3ADB5920166CCACF0B601EA4795DA5BDD143726C3E915740D6C3F917220311A2B1E4B3D9E5B620E928D473CBA7D3101066E6F3C66C2FEC012CB9C39C8827321B3833F7D5F575F6E54325B897554656D9D6C02D9D1B84E19DAB5993CAF44E13412DD6C61BFB1CE84155D7585AD4CF4EEAF32D2C73DA6AE0A46C928CEB316A0582390984E0EC11B715C5084B279A531BC53F0CBC9BB0A47DEF6EE58DE5DA3AADA515FD651EF350DAEA5D8CCEBD18DB5D4DF1B9915DA5B0956BE022896C07AAA3D6D953DB1599D26834B4D1B991D6EE5DCA33380724E4BA3AFCD3116C75A71D9CDD3B8956A26CE84DA580A6A7BD77181482D7A426AADA09288F7AFB8C1CB5AD827678560F1B6E759C7AF35C12990B0B6931D90CA4576061CC2829BDA19C76BEB9FA7B019056688444478BC81FD3C6C6AFCA9F0F3C86E299FE7DCEB89748A8A1A7EAD91E497E0DD67C2D4F37136BAF2063233C704BDA0368DCC82DACB5FC425D553EB88A5D53859278489DFA78EFC9E6373B53203F7E44374F3760512739929C69DAC324BD9C9B195118C94E51CC18799CD4464683450431B60863F60D59EF146B8FECBCD7BA74FEBCF91BCC80BE1A9798F3ACF8553CF9EDD13EEE5B3430CB338690B24E8AE060A43D95F09C4D6558A315392884BFE992D4776C073BA4044A282BC210004614179070A64EAD11AC1E60D1A1B15099A28D63925FB68A5F54F6FC0AE55446AD8FF781C2B10155288EAEC9852140D8A1986B396013BA20EC68B699DB65758802D9E417EB22086C40434945A7C274EDD51AF4E8DDD0BE7798C295837EBF81F30B9886947F2677361425463D3C38E65A6C8FD091E5479E86782FD1E9F9951F891D7FBFE9ECF93D87580AEB2455652E36BAB2A2D2DC4BA9ADCDB1A8B48DD5B8EADA23745B12E49C586B0092B4358E75B1FB88AB2FD23EDBAE78A7C17C9BE95E78E8B3BCCB2D79E40E97B9779DD764974F3EF28745DCF9D736D9F2F009BBAD98CC752E6D3357D9C6D88270EDBFA9D66961E6F267733755310851D9AAF2EE82E44667ED43A3B7A5FBDAA9C8AE3C580B88A942346BC04996B2592279718F3050CF1C32B66814A8457110CE90B13EA2FABF307096D5B774F674F9BB8A6BBB16DB68AB6EA8EBCA174165F620A7E5AC0137E61EDDE83D6002FDD94C72C738F59EF7473470BD906CFDECD56D4553ABC0F67B90A3EFE97DE1FBD72167050484B1CFA747C289823EB5387DD20E21385C2CC5E7E11F90B424A472DE0BB46B3818581CD65289721EB305ACBB360CA4D4E29EF30BF25D627AF5788F9278BF34743E49DA711AFA2D4706E2FB6C9F37C776AA2B7B8302EB3AFB2C3D7EC377154D5D9E72923AEABE7A4598B9A34B84BB47D95CCAF485EC8065967A73AEE70B87EFEB9126480F8A411EADFE47236767C7F233D157D2485EE49607FAA2B648E37FAA3D3F6BBB37E69E26B84B51C1128E9AB2DEC49388843AE86B992E9AD62636CECED11D0403B8D7CD10CD3CB73A4F62409F24FF006F03255F699D6B966A4A221BE0C4427EC9A60F20F286C23D8AAD68E523A09BED65F926563111551C8B222BE3F6FF0037D1D713FDF870FCCB068DAE29CC69569AE0BAFE073F44BCAC14B26DA645CAED691978630D157C03184309009018C47F0EF32A8BF469E4DD0E92050D15499900FAE19221131E256671DE208BA4781999F31E73D1B207095DE4359693ADE0707B6CEE979D72DB3DA05ACCFD6DD4565B68F46984795536458049E059DB86382DBC16270D1B4ACDB8D1BE13611E71439EBB739CA0F2C5FCD79365EC6A716B4B5B7D3B296D472A3AFB4D2389ADA9A4AE28E80498806BCD08C32BE8E66CE51A4A470A4A731AD91AD43CC3FD3C4FF25F758FDB72AF2381E68362714566BFB3CD5642D2EF2FAF39DADBED64B737C4509E48360D9AC341389F6C766EC9F0C28E9634737DEE8C4AE45E1BF917E2CC9D7FC97D7E729BAE754CDD71A172ECFF0028334BAF16A29E82B23901B415099BF89803EC8B651F3CC9530100A996CEDD756D25A7C70D567C632EDFC1BFBC9F89D9CA29F2DCCE75C7DBA8A82753E19C90A78DB2F6EDA62EBD3AAC9DEA75924B65929B776CE59DA9455F6A532C742D0EC0FE06DC1B81A3629B8EA63038EABEC57B6F2A8A94D87B0A106BF5AC05AD6B560B329FB1332A196B44BF4C7707E49F7DC9F8E3D878365AFEF6EB4E178ED51A0A1EB3D32B8AAEE65CCCC986888FE0DB0ECFA43EA686D0FD2412D8A1C5D7484E7793D6D4B2535CA3453109971B8E93BAC0C78AA6EDF44B61C7B5806836B248069CEBDA8D86D85DF3DE04B612514E61554E9215B38C2BC9428259EA031C5906FB580B8C5F461BC81F2D3AE6C759CFBC93F25FB80F87B82CB5DF730BDD8DDD7B4F6DC32CE32A403365D6589B9BC7E55D2B0AB91AB018D6BA95AEAD0228FEE27284A9F84EF47D4697638FE8D6F473D71306A39DE3EE421A86BAFE496DA7B7CF66982D82CCCADB2229E2321D4B49B8438507F14D2CA65BB591D6595AAC1C8C1A1A5CE796720B9C7723917C8DB65B74AD7150A6DC9BFA2D26D816ECF77D52ADC7FCD19CEA8E7FFC884FD244BCD0D8B615D396731B3AD5AD7F46CCBB35B30CB43694559C9BA04DAB6950CCC3505896EC00B2AB12A08B4A10FB650B0B11F8B27A08F8597416D5988FB3373A45A5C26406503DA658D2D798AC19031E008411523472860A8233079070E2F8DB0CAAA9F512FC107FEB3BEFEEB5B7FC7FAEB260F4FF009027365D51DA053252EDA97E19EBA3B5AD829E48E0B498E7D91108E33658D07792DFF18F499496B8581AC64B1FA7F81F41FEAED4FF0078337FF3DF59EDF10E55CE2C1E8F10E49C767397FC0EB860D5D19A8D2295CD7FB5642DFB12B24B02B102D132A0186CB5BE7D7236BE41A184BA5535F8F6C7D90A895FDBB1A6DA857056224A64D2AD5AB8D67457344BE22C590611C1AC2B44CAC99365BC11EEBDB2A6EA0BBFB5E6793BEAA9C02B41A54204FBCAA381FB45220CB89EF3A70FE367C90BE0656B669BE26CC73467C922985C7FF4E1F12F8BCAA4740D395D634AFACA38341058D80791C9DB2D0D2CD53533CF92A137EE88026AC9257410DF5D9120E34AB0CEAE620B0AF774FD4B696F5BA2B026D658E6CFDABA9EB583484C30B077CF0B249A58FEE1DF316F8C996274CF5F458FDACF67A353EAB7BD6FE7C594EB674A64EFAACE0E8B2CF3B991B6CC6B92A49228DD22B63207985894521A9F3318D48E47CAC644D8FE7FB907CCFF0030F328201E5A3C1F19921D32F83A9D46C0F8F44D736ED318BD863801C30C3AD768A4E62622B0C0C49756F89FEDE70E95AADA1A1A96ADDE027206DF936354560169B10A093AEB8439164A24487D912C607B087B1B98C50F54E5386CE51D173E8B3595CEC33FD853575085050D64DF2C06C9F7D08428E93D98B2BEB8A58CA954842FE19BE3225748F4755FABF24439E4BF6C10BE64A8965109FB4474FEE484C723C93677399102D47346924F9521145499911E1B9A9F2204B8AD11D6D2E627B786BED92F730313643D98031A2CEAB1854CD87E2218FF006C108074F1C0C477AC52AA12C7212E9259221572AD6667AC8B035AF10436BA700697DDF100A4D3DACF2C502C4E8A5921570913163325291F1FAB25591123F62851C073CEDDDB7A176F5EB02DAC6F639B06DB0CB77C6B398EB0510D69419CCC937B93867D924A3F212D5CFF008DF8FE4D962E2A8B4913504648FF0003162FCA7CC4AD49861448F69FE0A1F2524021E3A916D67E4A507DE5EC82C26175557435C69961653C492926CCC7B980565539056484AFBDE38E6470490C30232390B1E35646B415EF956147567588962C066AB0A07BDC64010C48F59644CC2B55C3972CAE1C16948E4996B91484F744F1D5E914AE8038ACB324B9B415062A195D266D8B24053A69A591957F96B40A192C1D2FE51F0C24355AD89C72B5B149323118F96491C9F3AA768DCC377A8CCB0D1FF19083515212BA321C5D7D7C5615B33460CA52BE4635EE93D93492FCB2923B22148925198917D584F8BBF6E593CD76EEE7A2DAEBCE7C6735C76FDAD1756B0CAF5A7C0881C4BC8D8D9318852A170BF1253131FAC3CEF7F8D7C5D855B46E61B749D74D2158104A95C022A5879CD98B271FCDABA8D5C8AA3D63EC0981F23DA1AFF5FF00D4473186B298D14F85468EBE189AA28B11B22981FBE39E448FEEA428A29059D8E591F1B6146ABE248E5F629520B64FEAB558E6995E20F6B20F2C71355279462A792B992452C283121BA21984B58920E4804C2D50A36853C53C93C04358923A2DF5B1E546A719297EFA9644893B9CE489D1FC28E222F45456133AAAA932FAAACDEE56BD3D88D6A55B11E4CB3FCEE7B5248D15ADF646C637DBEABEA8E631A8D723BDDFCC8A9FBFA27AFF004FAE9670CFD8BFC44BC7AC5B35ED6969748EF602CCA133D222550202A83FC4F6EE52533FCA642226667F5413957EF7B9FD6D86D6E35938799909342EBA6DE622FDD9F44C4C93ECB193DA60BC1AC7F90C788064363C9169F30FFA8B07635F4F2197D3C9525BC262D79D1C30BC774AC991B34A524854AF226F6B62B0F8D1B340F74B12CB3BBD18872E5FCB234FA78AC22361FBBAF3889A49ABACC435F22C091580894E1127294B3C6C7923C529930F320DF6EA3C051104B28F8C20EFEDC6A89C488D99AC94F8A6F93DCBF3C6E811666B2299151EC89D34AE99F1A2AB166449511AF572B88EE6DD376D415C05956DE9B11C05E568B012F9E692451AC2C95A440FF749EDF896374B1B18C46359F3493227DCAB676ADF9F7EC078B32BBAF71FD6A94E46EB54AAB7EA318A381429EA863AB4048C9494ADA728B13E2019D4CA08499BC4BF7C14F54B2E8730E009B44E557658BF8D356A305D61EFACE31A4D9F458888113186B95273FF0077BC8097EB601CE3CA9D95959D7DF97522CD9F32526632CC8BE0428AAE70E2F58E32E464127C9F905518581468DF0FB0D8E39DBF75206D715B8AF2A5E3C4EB130A1AC069657951A0253ED2512414894120028C821AE940246211C18CA5410AA2C0937B5155D04890385DCD83395559F1CCD8E78F416EC6232081224704DCE190CCB1FC6A8B33893C894872AAB4A7B9AE2592B988BF57EE76D4D61473E37C50B3517924B2C030A28905439F2FC1FF0041C624307D9A31961239BF3B8B5F9A21C87AB888D657F35394FC6380177452AA95EBCD369D79FAF2E1162EB389513D4CD910C9831FE4302320A8125F7326C5E6D0E1FC7F75697332EA856B635D49EA12BB10A2309883EB26A518FB43F9A7CFF10E93133FDCFD38CD8DD702E94D121EAB95C75EDD9AD3E9C63B43511136701DF6B1B6CC5ACD4B45AED8D4BDB09AD886923B58BE7597E719EE63512458DD93F489F18B7538C4714DDEA7885C549E59CD02C5D3749C8CE53A163A61C620F343D35545F1B54911F09F7113A79E589CC5735F0B7DA292EAE7DA08F6259FC33FE40622DE528D9C37A56C1F30E17A90C80318B723A525A3C31CAF96492464B1B9EBF5DEE6BD034D7673A13CC6B9C595662B481D8E14A0A3A3BA123AFF00C7CE3BE3788B1C44911B923FE4736799C8C6C92C8F74571BD7F91FE362F3C2BE43DDCBA74D824CC86BE6E6130DE5DC3CE15C8B594CFECC1AD8C655FB113032A70769904A6F7EDD782F22AB76E32A043D5E02C5AF5022EF7931351A2CD78FB122A89EDEBB0F60CB3CF8EAB291FD063E4C78ADDCF8CDE0FA8A0CF585FE42212A74066B6BE182C680BB3B9CE35BA5478C17CB7B5611D7AEB796282D52BE5748435EEF446A7BC7FF00ED52ABFD7707F770EFF9FF00A79359BED454E803A76D9496021443AB8A5B6F71F2103D7C8E9D892ACAE48DEE254B92333D63F6911323639A9E8F5792FF00D9DF3EFF0060B0DFDCCCC7FF00E4FD5F1E01FF00AA0EAFC77828C1E71F0C715E49A2A150275B8DE9D9C5AF682B88A49F733F5AA6DBC2F33C2A5EF0D472EC90CB7D35CA4859477E49FD95DA56B57763FC95A28AB6512628D1A876DC90185C02C5D55F415EB0993805C561901EB1DCA26043FFD9, '2017-12-08 15:42:52');
INSERT INTO `movie` VALUES ('3', '芳华', '冯小刚', '黄轩,苗苗,钟楚曦,杨采钰,李晓峰', '剧情,战争,爱情', '汉语普通话', '136', '根据严歌苓同名小说改编，讲述了上世纪七十到八十年代充满理想和激情的军队文工团，一群正值芳华的青春少年，经历着成长中的爱情萌发与充斥变数的人生命运。乐于助人、质朴善良的刘峰（黄轩饰），和从农村来，屡遭文工团女兵歧视与排斥的何小萍（苗苗饰），“意外”离开了浪漫安逸的文工团，卷入了残酷的战争，在战场上继续绽放着血染的芳华。他们感受着集体生活的痛与暖、故人的分别与重逢，还有时代变革之下，每个人的渺小脆弱和无力招架。而昔日的文工团战友萧穗子（钟楚曦饰）、林丁丁（杨采钰饰）、郝淑雯（李晓峰饰）、陈灿（王天辰饰）等人，', '38.00', 0x89504E470D0A1A0A0000000D49484452000000790000008C080600000058A506E30000767A4944415478DA7DFD779024697AE689FDBECFDDC343476A9D559525BBAAB5EE9E9E999E991D01CC40EC4291D805B087056946BBB5330AA3F18EFB0F411A693423CD68C7A3D17838EED9DADDEE2DB0D883066630180C7A44CF4C6B595A57EACCC80C2D5C7E1FFFF0080FF7886C968DE8AECC8C74FFE4FB3EEFF33CAFF8F8CCCF6B210420406B841008047AF077020D5AA3D168AD114242F4DD8046204008B4D683FF57A3AF6AC5F0B3873F8756E8C1CF69400A81D26AF013A33F3AF15B867FA3D1482408014282D6A015F1B7EAF835069F3E781774FC1C1A4DF41F9DFA3106EF2DC69E60F091F1F30EBF26841CFC9EE87B340A34D1EF11323576C967535A2386E336F88286687C06DFABF5F828088488FE490FC60F06F320A21F50A8680E60F0FBF5602E34A60A4384180EB8042D5084A34942445F8F3F40A7065F0F5E7138D24AEBC483473F17BDAE1A3DBD18BEB3247AE4C14421139F351AB8E1F78340C5DF1B32982D062310FF11102F3A4C031DA8D453EAE1621612355C2483A5172D2246EF3BFCEAF077E8E1BB455F57830D305CC4D1CFA9D1E249CEF060A30CBF5FC48B4EA3C56892341A298CF86B4208A490F1A48DC65C24963F8305108D8D482C6453A1905AC63B1874FCE222DE913A319089094EECA2E8F974BC4B537B70B04285182DECE4E70CBF5BE9707032247E2E1AE1C142D4F16E1CEE84E89F197DF86003987365F25F7F0A2397A3F66FBE17AD87C4C4C527CB705007931BBF9018EDE368B0D5E8FB069335FE4730DCA9A3DD943C0B5227CAF0C413C4A74B72E70ECF21359868A5C3C13389F8A992239E9C93E83421DE005220E347D4F1DC272638B5B7922B67F4ABF4F0988A8FA0C424C60B4EA074BC1988D6BB1E1DBDC967D03A9AAFC109A3870B4F69B4D2F106567A3868891D6A1AE88522CE2F5FC1FBC229D45A0163712AB150C5E0A81DEE2A1257CEE8DD527B45274F92E1D7865790488C4BBC82529F313ADB12E39238D647C33BF87731DA24F1FB0D9E8FF8BA894E49A5A363395A74229E07A547BFD11C3E90481E6383894FDD5B5AA34C81D020423D5A85C90916E9494DDEC9F1D089C1D93B58C91A150D3AC9FB74B05A75F481226331F5AB9F233425DEBB7770EF1DA0FD2075736AC05CAC90FDFC45E4936B6C778F30EF1EA28489315524D86D448328D4687726063EFE374D7C7D88E81041A776AB884745C7EF1C2DC2E184A4A753A477FEE0FB9357DFE80A1E2D5AAD150C8EF4F81415E30B86D4BB88D4261BCE0148A5155A831A1C47D1EA5689BB2F9A60BF98E1DEBCC413240E63112F0A3DF83E3D0C00E2BB6E102C68351958C58B6118D88D020951C8609C9A8E3ECB1088F3D3D85FBFCCD4FFEA9BD84F9D42AB307E1FE587C853B314FFE5D7A9F93D8E3EBE4336D44C658AB8FFE6C7B8B777D122BA0E94D683DD38BAD3D4E0AE1BC6262482B1446816EFB2E108853A4069157F9E8E03203576F28D5D1142A416CFF058560C77A68E83399518B76168388C75D2A72CF1EF8E36938C178499B8A45247B648FCB3340DF8DA93AC498DF5271F8CEE80C48A8C77AA062C8346C5C4EE87647B413A52D68997D70C16D368F529AD31A70A882B4B744207FBC042F53C3A3FBD85ABEA948D29BC9DA3E8259442642CB297CFD0BB5440CD65B096E7B0771B648B73C86680AA76D032BD13198B3184208EB845F2B64BFC5D7C4D6906C125712C20523B4AC40B1734424A8E2F2BF27B903FD208194DB020CA2A94D41C4D2BE6EA024325A21931FA3DD1B54422301BC611C367951047F732FE99E1B16A4EDC2783A877F872C6B36798FADAF3ECAA3653D51EFDC1F726C30AA90507D2C5B633E4A7CB58CF9DC3B5438CEF5E471B12428D560A3246F4CF83A89DE1BD3C5C361A846D52F8B5E731AFACD3FAE03AA2EAA0EE54096E1F623F314F7F15C4379F40FFF1FBF47302FBF20A33BFFD554A1674F68FC89F9DC6C7C3FFE95D742841CAB1F42BBDD0924151F25A19053FA3098C073B993A26F7BA1E6D0E31F81D7E56B1FB7C8055134CDD815C0D8A758111449F1C4A78EFB2CBAB9FD8181A5A058532A0D41594DB02438D1657FC5CC3C916E9935118325AFC61189FC01A8D294E0890862B3EFFE527C9FED273ECD5EAB8873D64AD87501AA4A06B0B726E345961CE242C1529FFFC8BA8E512D5077B94DFD9A13197C16A28321D9FFC171EA31738E8F736117E34B54A68A41689FC5093F9E2053A419FEE1FFF80E2853564A9802BAA049BC7E83FFE84C6734B580FEA6C671D8EF2B0523FA2FECE5B2C2E2E60880CC65603F5B7D7E9ED36400E528F389014710A34DACDA3152F26EEDDD1113D4A5EA3EB699456AA68B00D01A644191A25212C8233AF699E52746734CE9CE2D1F910AFAF58BC65F0DC9B190243F3CE533E8F56439A25974E5EE1DA1A1341C915BCFAA1CDB9FB265AA4EFDC61A631DAD9513CA04D119DAA4AC7C12D803936B783144A6314B2C8E7CF50572D6CC7C3FA6087E31B3BE88CA0B438437BC926B857A5D4F0399892385FBBCCD15A91926D63EC3510076DACF90CC275110B25F4EB1729DDADD2FED90340E018D1EEB57D45E6D20AB9C756E8DDD921F3CA79FCC0C7FAFE6DD4871F100421C230406B0C2D2938925BFD2687ED26976B3932333D8A81857E7B87B0D121BC7D4CD8E845AB3ACE7E27EFC7518AA653EB7B3870A3204A313CEFC510EC89A37E155F756A4110CC8157D67815E8CF683A538AAEADF0B526D410A0E96735470B0ADFD2645C890C35FD9C469921994030DF31A8F424334DC97443244E3A9100A446598748048E83E3032DD2A19939DCF6A9D5AB34F92F5C61EAD9F36CBEF116A260B2F19527B87B778BA6509CFB9DAFB2F0CA06B7FFE2C758DFBF85DCDDE7CE8347AC098D512C93A99431C35D6A39C1D4D905724F9E86C0A5F3C6558416F4A5A24FC85418DD167AA148F0CC2A9927A7D9DF794466A64C667D06B5D91C9C810259CE93FFBDD7112B392E6D9DE2CA7FF32654DBE896467EFB3661B58308D5203519E5E6C3974AA65A13E0894E003B27DECF2A9DFA2052832BB4447441CF6A9405A10DA1013A88D64728015FB376DBA0B26331B527B0FB02A93567764C0EE6159F7F3F8B1540D615647C89110CF26331044B748C218CF2EAC44993FCFA304E18EC7873B8BC9398900094E353DDAF7258AFC177EE51DC388DB35A421F77E876DA1C6FED60946C98CED2AD42F5F8187FBFCEEAC52BE80F37713C97C5CB97914F9EE6E8D6362B3B3D3A876D3C43736C07CCF525280DEB5304E7A679F8930F7145C052CFC4F4EBA87B4751543D5742357B782FAFD393753868A28D0CAD850CB9CA14A5BD1EE16E136494770A9148598693A7D4606E9237EC68A28659DDF0084FC30BC914E564FC406B8D6881750F8C7DB07382420602C360EB594D6B599169C3C59F99E45A325E804A684A6DF8DCFB368BD5441A3988B4C78ED8B1744CA420E528E618A69D223E653460B68C80A232100882C1F92DA5A4FAD6356E6EDE667D7D99F9A6A0F9FE5D8EAFCC902DDA6CF71BD4FEE413F4A7DBB8A145B364920B250B4D45519B38E52CADF3B39C79ED19F2F315AC9D0E9DBFFA80C0146C6703940E3107EB4BD906723687F77E838A0F855C19FDE10EB29243AC4C637DEB2936DFBBC6C77BB778EAC380CACA02BBBD238C574EE3FB01966F52FEA48A7F73770015268E2A0DC234C8BDB441B059C7DBAB9F885127A7143D9C4C2301B78EA37EA452C26150277B1AA30B16A323BFBA260896A0D095182EF4738A871B0195BA64F65852EE9A947B8250A8D4021289A5A853F974B45BC5189C2B8730A9AFD06A048E80C6FCB7C63673868D27A082C52F06F3A005B5D365E6CECE31FBC9117E108225E95C7D04C53CFAAF3EC4107DA41B127A9AA59E66A6AD98094D8CCD239C2F5DE04EA38AFBE811E7C215B65587CAA28DEE49A67A8AB625626C556EB7E8FED17B845E9BA94C85E0CE0E144CA6FFC557304345F5FE160F6D97338505A67FBA8BE96CB27876969C65A18F3B88B569C89A2740AC60CE97E9AEE5C89C2B23B61BA9D44D88247AA4C7F6CA001BD769A42A469C988434D3B87CF40B84D2648F04DA8385FB12D3130439CDA74FF8D40A9AD51D83CFBD67335D1769E02B017824F3799D28204DE0EB5AA343152382C97731FF89BF484DF8B4B5CF714EF35EBE879DCF92592BB0BE32C5A1F2A97E54C3EA84F485A62404BB418B2961339B2FF0C99CC7CA9E034A53FCCA13645FBBC8DE9D3BB43FBCCBF1D6276CCD64C89916F92A4CAFCF134E69C25B87188144E76DE8381CEC55E9CE59788626A3215CAFB0E51CB2B0B2C8F58F0F58BE7C868BE7CF20A6B6E8FEE54714AE1EA0B5466AE0610D171052A6D340CBC4F8B9C7C8CEE7C83C88AE0A84181DE7319C999EA411D89FC48EA36AD928AA2581D18FEEEA647A135D8130B52578EC27266B374C1012DB51CCEF19EC5CF6B97F2A60BA2978E59DCCE82288A3F6041621188120710EAF53A51CAD814093BCAE87E9A0B9A86D96B41D7DA45DC07F7E8147B7B7387CF716F71FDEA39D1384451FB7A05920C7ED569B9E2578229FE7D3A99056218F362441BB83123D38D8E1E18F3E6479D761363058AB424E686410D20F3DEA6583F64BA7583B7789CC5489DABFFD07EADB752E1FD9D8AA0540269BA379D4625B86ACBDFA3805D3A4DB6A527A6A15F9B3BB84D5761C6CE854CEABD13ADA4199738B043305ECE92CB6CED291A3FB6C1C7ED45A2363EC5AA52A47223E1B9301CF08798A02B744B63C0AD3D14293AF41B166C610B70C058B0706F2A2071AFAD9282515C3829A8E726C2D223042592015E08FE1DF8204AA48BCC0D410A24E5C4466B26E94FDDC5996FFC9F3CCFEEB9FD17C708B7E53E1A0383ABFC08327CA74EE6CB12173585858F53E53AE8175A58CB36050937DEC9B9B4C7FEF06AFFB0639F2D1FB0683905E0BE4AD639ABB2E5B73065ECEE2E2CA259A67CA4C3D34C849032D346AB6C0B5698F5BB73779459C67A36510DE3E848B7338AA1B1D47C97448C844AD7A70945A06F285359A0755663B15DA6F3D4239FE20384B00203A1C45A7C360454480024AA5F36B92954D91CEA7C702B7E81E1D1CA189DAF730E05A3E34983B32084D38B56322D5E07D0C819F05771A5411A419C15299038D79440ABC49961A45A20C9A3C4D84886AEF661C656AE8DFD9E7E86F3F41DDDB4718928230C829C5CC5EC0B9979670672C8E1FDCA767B81495C14CDDC5B45DA617E739289ACCD403B29E871289A423052C4954CFE7AC2A32DB15FCF4CD7799AAE478AC58467702BC991CFFB01A72EBD3ABBCDECEB35CADE234B6A0E7213FDE8D528A208C865601520E72421DED80E1BD95B350659399868DF73F7E80EABAD104C715303D8AA81339E830B21E922444228C4B45D6A91AF718F920891A0A11E30EC3A90985A6DC927CEB1F72480D3947D0AE681AF38ACEBC269812646C49D195145A90AD82EC242381F4B592BA935395AB213EAE315BB6C612928227F00E5BF0EDABC85E54E121639239BF487FCEC698AF507967977CCF44CBE804139888CD0EA6CE7076699AFEE6BD38478B6F3D3142993C31A8CB36FA2C16A6587BEF210F4BC7E42C0B4F78FC343CE6A7B7ABFCB6B3C0450AA8BD76343252A05C1FB39865EEB73F47D00DE87EF810E7F62E5A8D6AB46890599BDC972E629C5FA4E8E738FCF64D0854BCC892F1B710A3DAB08EF34F1D235AF1CE4D0C9CD0238C5E8C1730123B0A2907A77C22B5195C0B9EA5F12C4D754E515D0CE9CC82CA434E4ACA8124D781ECB120B727B0AA1ADC64D9247195A46A274952C360C1AAA85861D6B221D3A181561ABB17607883CB5F6998CEA1FED106866D12FEE401C17E1B2D450C1A68A5C8AC4D23BE7919F5A89680FEF408E6D7A3DD52C3A1B434C7D4C234FA838788AD266B365CCD097E96A9D2EAF8FC5316394F9EE1611907324AE1188AFE9C89FDEC22B9BC85737B3762B32411AABC855A2E62F405ADB7AEA33A4EBC6BC549D1700AFD12F1E745B55D151F81294834C9F488CFF1143908AD15CA8C26B767693A054DBD1070301DB2B318D2AC6894ADC923A87892B996C142CD60F648523C16643A0AE98F1DCBA9474FEC6B3D8AC19355AB211C6B965D81087C022D2885830A8906C332113365EE7F729B950BA7C9DDAEE177FA082962201E1D46C80E822C16AEE2C4C47D181556CD80B5AF3ECEECC22CDB7FF60E578D36751570B5D7E6715DE49FEB35167586C1158527345E06A46120D71668CD1B887A0FFB47F7518F1A515EAC474C046D4ADA2FCC12E6257A7387F9B90ABD04D5685878490E40B28A343A92750ADE14F104EBD40046EB4227D82EE96BF3FA258F072B01CDBCA69E53F42C8D2F35A6164CF505A7770DD68E4C968E0C2A0D89DD974895AC9FE831924F623F8B24D54AA7F37891AE129AF64B67E8BFFD88452F02273C4B6020E8CF65287C7183B9F7EF92FFFE43FCE3769C9B0DEF4063AA48E6C9358A974F6396BBF4BE77350A7012D0DB70903A04ECFA3D567F7A8FEFE7AEF3BD87D728CF57C85B455E3D30794E1541C08E7009D1B806045293B36CFA17A6B9F06BAFB1D276F17F700DF5C13EDA0BA2007B0063CA528EEC172ED3C8F7C82C4E93EF683A7FFE01F82A95BF8E80FD244D6974EEE941A58913981C428F930D12C766826F260657C7FA96C9A385806636AAD9973B82D5AA49B3ACB8B469F1D2751B198E7E4E8BC4B5315EC71E271F30CE6B1B05613A19840266E3B8C99C920805DA90F4F2E0144C9ACB26F3F71FB2FAE459F40FEE46A5C2311649F6850D6AA70B743FBD43F66F6FA3FA6E146CC4A4C1D1BD144ACD2DD5616BEB16FDF333FCDA332FB07CF51843698E9581A9A02F422C04056D609C5BA098CD53FA6887DAB1CFCEDB9F726E47C1FB9BA804566B7DE932F6E535DC4E8F836905470E41B581FFE60EDEA7DB71A122669C2659A722C1974A1526447C04A7E845C98280D6A41957496E5A54159A6E4ABEF1E31CAD8222141ADB13D83EFCE5EB0E33AD089F5642A7386DE304832109202E8E904A9FA3DD2C18B06BF4E8FBE3F00FCCD34E96C06BD2CD4BDAB9A83831BBE732D797840FAB349A3053CA45DF2ED234D3FED547343BFB545696B0FB7E1CC0C4C7DF20E7F37392F7E6028EFC2C5FFF47AFF3E53317917FF82EAE6B8214CC692B1A42A563CA4DD808105E0D8DA6B2D7A7DCDEC5ADF7C6D8968286DB414EF9CC5C394BB9DE46FF781BFD770FE91F7707C5A374DE18D3CA92414A22E78DF78D90899C59C59CB0342599B1BA73A28A3580232D1FE61B663C33B58AA259D2D81E08A507D9951E9150E2E356A7E9C849A6CD7854AF410B95880812B0AD1098C7C2C3797A8EDC5E9772C341E52D3EADF4E82C698EA4CFF3DB7DCC4E06336B20FC884C178A0169A0DA61F6B935F29EC03BEA20A43958D3D16B7745C8A6ECF3BEECD0B58AFCD3E75FE5CADC02732BB3D472194214428FE807C381D55A23F75B512D584AA4AFA0D61BA44183C583408521E64F1F523735DED35D2EBDFC12EA558FFDF7FF3AAAFA0A2375E44921C7138F74CE9D8426B54E1C79630B418C8A0343AC3B058D0A91AA14A9C104080DED82C2CD699A53B0AB354A46D177D613145B02D31BA70C89F89256A8D4E2023DC8669239F3888A359C6AD3FDB973E0BA6CFFF40EDBC53E0FBC2AFD5A8F999D1CBB79C56ED1269FB7B03A1EA7AC2253BEC1AC6553E919D8968D9A2F5038BD4CE6EA3EC1E6314A68AAC2E33DDDE02D5DA75F3079F5E527F9675FFA2ADE8D07B47E748BA90B6731E74A5175C818A7FA8E008BE8E857718D54E8D19DA3B526B33C8DCA086E3CB8CFC66A96D6F5FBA8373E19D055C409F07262310D8884C309127A92423CDA5462AC3C39D8E3C9883A79B48FF2AED43D2A11342A8A30A3B97FC6E7D16941BFA221A7C92259DB31B8F253936C7794B70F0B11C9494B53EFD3440F9D123D44CF65FEF8E6A7DCBBBB4DEEC0E17250E01F793956F5140595A7F6FC0A6AB948F7CD87DCDA7FC4A3738A6B19879CECD1711C64AE80FFC62639C3E0745F620B8743E5F0A9DD6766759127FA2B9C999DE3E58D67A96C76684FCF71D3DC64F9DE01DD0FEE21A491CA6D7482773CE226A7235A5F284CCB405A16D3BFF3657A67CAACBCF51E8F3FFE04CEFFF70D823B870829D2BB2B8EF013128B9810A71264703141831D6EC12430322A3BAB14A32499DA809C38309410D46614592579E9439BF923412FAFE956E0C64B3E9B9742323E3CF6232342C1E2207732C81A3F91E480669C0CB8E2428DFD831D5EF64D5ED4AB548439CA171D45E98303C47C97E51D9F8DC23AED972E905B2E137CFB36D5C32D1ED65D6E782D6ACAE5013EBD8C44556CBEF0F8533C76EA34DAF1C88470F77B1F61CDE659FBD68BE46586F67F780BD57290850CF6C622EE8D1D502A455223269F8B188CF0D1F409A85C5841BC7E9E9ADDA5F5F12ECF5F3C8FF5DE36DD9D3AC64C81B0DE4D3184870149A4441013B9B190321E1C91E080935A740956E4E0B3442C8749065C726C9F8978AD0452D1AD688A81A0D813583E945B92A9BAA63B2DF9E454C0CE638AE5BB06335BD19D9E8C0186681D03A5841C12F8C5A8461D111CC354F0657EDD9F653B17902996088420CC085CA139521E33D224103E32F0083C8973D060F6EC0A28932097E7D8123C4E858C9608C320FBC259721717F16A4DE8F7299473D4BB7DEEDA1D1A7BFBD8DF3E66EED0676A17F25A623E7D0AF3950B049D1EE1A35AA23624C012889C8D6EF701E889907DCB23230D0E0E7658CA9C613E50E4DFD9469B79DA57EF937DF522F6B9251AFFED3F24D0AA11793FD21B8DDF9F72A258214862DCE972DE102B17630C116275C4004419573468416881CA41C91364BC411162C0E4C87A126D697A96E2F09C62664B2638F03A1DD9278B67C91AB839784F5F8DB07234E61F040FD9929A2FAC6699B24DFA3D07A7E7D0ACB639579E2163E7A9AC08CC5296D3174FD3DE6BF2A07FC8DD4C8D75C7E239AF4C6EAA84B204D56B473C68D629991633EBF34C174BACCA3CA1D143D74DBA559FB7F4317F6E06BCB0B4C1992716B06633E4BF7A99EEBF7D9BD0F51022E242F1FC3A95C756D9FD773FA58A8B85642EC8E09C2DD19811B0DFA47EE7116C5498B9BC845C9EA1DF6DC1BB7B0376AA4E140F222824A2D310D7B205724CEE224867A9C3635AC4BCD218B84ED197D385FE34877E8496754B8AB0049586C408D2E7845FD69057844AE0E4D41836AEC7582A328D5E6B8D9651342C844084121D8EDECBDC0F1D7EB5B5C4F2473D300453A181A13314C422F5B6CF23CB4756F22C7FE5390A8B65E4668FD35B01B385292A18608474D64A6CCE6B7A8F1C4E7533E43B3EBE53C338D2883BC758475D8406DB30796A6D9D5EB74737F0F8CEDDEB5CF64EB172BD8613F6B14C818F2283C45E30D9F28F69183EB341868232D85B80FA5248B7EEE2FCE9C7CC8619A429F16B2D32B9329D6FDFC57FE7D148A8973842FD8A4D2F2F2954FB986172424F3E9275CC755623544C88C4248F78B85A8809B854271518839DD658D4C82C4CB7256630525FF845A83DEF611615AA2799DA8F700BE4386F25C9DA4C0A2607CFA5F480A6AB132185C0FCDDE52BAC863679574310620E56AC83E2C80E59EEE7E9580AAB9CA738338DFFDE01BE561C4B45A0033A3970BC06C7D7DAAC861661D041F461F62840AACE60100647CA7299F22F5E46DED9654698285BF3F17B57691F7BAC6724A61791E2BACA67EB6FAF31AF2C36C22C00777507637A9AA94A85D2DD23E633054A2F5FA27958A7756B97B3BF7C09756695D6BD63842DC05190B1087326F547BB74662CF24B3358C75E8A971CD344C4F86ED623627312FE8C354943C58F48A828C73982B184102FA7699C5264114C1F8B51CD586B9C6985735E61E614953B062BB70C82CC885B2D4308AD2803900104A68AE04F4144C3D51AA14098239895C4423667FA50B33C76F2D14316B4C902190ECB305D9863BF76CCFE719DF33D9FE04695FB6F7E4CCB0E2860615A82F755958DAAE22959228FC4EEB803FC55A365BA4AA27B1E62FB88392B8F339FE7B9A6E2FC5DC5A108D8CB4B644E107A0186A73817E6C8298987E2365D8A423273CFE16E7D8BB32F5D216C85845F3C8D25CF90EB86D47EF229C6CBE7D86FED63E405B3EBA71042D1BEBE83757F9FD59D10715045FB619CC31AF90C99730BF88F6A84AD5EBC0B444A93AC27E04521F418187112789D28596A70A620280972BEA0743C8CEAA355913B94ACFED822B726D8F88E4DA60BED394D7B4E91EB0C44081684194DA62771CA8AF28124CC69DCE9E8F3331D5039853235F6AE2673349C708D39A74D8C9E260C148E507C52E9B279C6663A84EC618DAD5E9D62DEE6DA777E4260496CD3C79B3579300DD5E326E71A79D6BB12BEB886796A01E38F3F24ECBAA900334E356B5D7ADFBB89AF24BD4A0663BE4C399454FC2CBEA338923E37B32E46DE64D3D0747B5DF69D2E8E0ED990390EB22117CB2B4C5F5A626A6A9176BF43CFE9D2B8738419809CB579D86B62DC3C46EDF55838B34CF9EA113A302054E00F06DD90E85206F1B50D2AAF3D49EFFBF768FDE5FB09F2D778496052981E17E8E32A944871D749B04C8490F8058534A05493148E45EA5895BEE0D45F5AAC4B0BE90BB48C5416F5258DE108DA738A4AD5A05F8EB8DCE86877CBB620185076850BCE6C8427580962054260FEF43993299165A6A709DD809E5363E5C234D7EE6EB29F69D0F5FA645C87974F6FD0751C1A7E9FAAE730D33678C62931E32BA6B549F8E93EE25E9DD0F59367596AA0B48850A823D367FA3020EB1903EC556320595236B33D8BCDD0A3EC87AC2A9B73C22630E0ADB93E53AB0BD49A7DF63FBDC6DAE33E0B0B8B8442B173EB2117E75711EF3DE4B94389B16FA2EFEFA0DE3D403B01329F416881723DB00C0ADF7A8A6ECEA0737084FA2FFF1ED5F546E003022DE42085D3633A1491BA73F5589AA44ED02C834009F04AD1B0CF3E1458BD11A528A15623B0C11A68EB8502BB231021940F25BD294D68C2D48EA0B1A469CF682ABB037646249CC2ACE941AD7FE403A10598F60735DEA34D370FF9B93CCFBEFA048659607557F3726B9A8C3F054148EE9E4FD714580F206396F02D89F043F6AC3E45CFA470D043D18D60B684D4325AF402611BA817D7504E0FE7C623A6C9216AFDC18A162366218245D7645BF49937B2CC8619F671C81906F3070E1CF598DF72C8DF0D09966B64E7F36C043978FB41342F4148380043708288DBBD5626B44CC4B503FACAE7CEFD6B5CF9E617993F7069DDB98F3007142231EE743056E161A4992625684F46BE497646947F871638539A5C5B30735F309600011A3F031FFDA2C3C65B16F38F4CB480D9EDA83C2A9526D719100A0381DD162809862F28ED8B98C897690EF2084524AC636027F138054ECB1CFB7D975EDB62F57A1FA3D964E5C8A0A0CD480E290CB8DFA020045A4BF015A217E57F059943AA41352596B20AF45832422E832ED808CF619A4C449C33440C82240736AF24E7D657905F7B8CF60F6EF0D1419585669633975658FC952768FFE97BB877AAF4EF3511020C2234093D107D25C8E7226B622E5468EF1F91BD3C87796E16EBC39BB87FF43EC19183B08C9172226686E8012F4BA53C42C6F9D7428C09D013306CECE9A123E98C5F12CCDE17645B495DF2C07A2214EC5DF0B9F99C87EA4BE636AD18E91203729E0C40A8E8289721889098F61BC7DB21116F2DC6E8A38561DECBF4C98692B22F397320C8EDEE471C2DD320D06A52043826ADB44291F8D051BD59A768E250F8EA93D81BF364AB751ED4DA543DCDCC3367B17E701FD5EC8D6AD55A63947364BFF9148D92E423D564C6B4999D9AC67B6105EBCA32D6DB33F4B722F87294500E04ED437687D6843AA473A6C4C6FFE479D8EBF0E8EAA7AC1B16ABAA000F6A8463F5D761652BB94820ADA1160958349A6F1D63E9E33E1E6220EA6BAF82E1C2D4C311673ABE0EB4A03BADB8FABA4F4FC2CE7A809B5558FDC42DA1C1B735872B9AE52D890892263C09FAAD1EE9CB47C6001AF362DBC61CAC3A854289E8652D35B05D18EEB481C07A229F4C8AD2C5981746E2C57BD563C26797F09A83AA8BA3A0ED42A04699CA704149D8D97EC0CFF67779A16BB3D092B8968037EF71F8F61EE1F53DA46126102A520E450A0D86242C643868D708FEF24D662E9D666DF534FCC5358CBD6E54C0487297854C594788D8648534162C482B0BC78EDEB83A35E4588928289ABE0956374D14440B94099F7ED9677F2D4487827E3E3ABA33FDF4F1DFCB6B7EF46587AFFF5596D97D81B6C0B7C0F287F603A3BC2EC95E1D68A174EC83313A6E072B438503C0F4A45CF2E4BB8804F93B0931A8F7B6E8371D9C0787B4976DD64E2FC027FB8441105357A59008DB60B7E8F170A7CEAB5F7985D3775D5A7FF53ED6711F8EFA78809446CA962129D41B16D8FDF522E6572EB0F5C65B383FB9C3D44F0E11852C61AD1BFF6C1A179EF44B9908A1844C08D649049649146CC8AC1F8CA8164CDFD413665551C914761F0B78F8748050022175740C870AA18D1829935AD02D0A8EA6150F3742AAB3828767428E2B8A673ECD70F9BA91A2313138EA47D2D504772905AEEB91D03A7B7E05D57570F76A03755DD22C2559A149EFE4E1C9A6D1888E031F6C62698DB99EC37B799DF9971F436ACDF1BF7903DD7538363DF62D9FC6C63C2F7CED4B642C8B7C4ED2FAEE87111E1BAB1FD4A83213E3C982CC63CB181A761E6EB15DEA33F7CE2DCE352DE6A40D1D8FA0E78D38D3C2181102C627362E19AAB1742A0990A4A52C3256F8AB98F1395EE048BA1609A5692F28EEBEEEA333515C2104CCEE476C9AA325050A9AE590EDD3218F4E2B7A16FCE83597100804841AF21D9F4BB70C469C8164856D40FF89715C2112964651ED13226B08F1DA19EC50E1FDE13BF10AD5293BA2A1B05BA5EB9909F666445A07431AE8BECBFE8F3F210C6C2AB902C20F6913F0777A9F15CA5C2C2FD2D93FA0D7EF63354CB4AF2681864431210AB032345E592198CA70FFE33E9603A5BB3D2A471A2DC22863152231A13A654935C9F392290A4E0C130B3D51F24BC9633E8B7F25124441A5E82E2AEEFC52407F49930142013355C9D36F66E854E03BBFDAA39D8FB86E9EA1218C226BCF0011448197ED0B56F62422D429764ACA770D30FE172FBDF6FBF9C7D7F1368F135CE2443D3454E850615C5947383E41B53598689110460F1EDE3090B6152DB1A40A6F18BC2885BDB140F0C40AAE11B2F0E205B876C0D6C13EDFCD37587BF1122F9EBF44707397A6DB217BD023F3E93EB861E47090304741803204BE2DB1BEFA38EECB6778441F79ECB11E6458DB0BB08EFA8840C5F79418DCBB4337BDF87E4D08CA744CF853299F90B4367958893252B5709152128C13EE467C6DBFACD9F996A27546239546BA02BB2D79E94FB32C3D32C97525C596E0685ED1CD6B4222798D0CC10820E30AE68F0C5E7DD7E2891B1652E9096BADE4156AEAACA4F0DA7974BD47F7EA56427DAF4604F37A0F6B3E87F9F34F10EE3709F61AA37ABA6960CD97F16C81BAB4C074BE44EB2FDE1FC8598636112AAEDB7ADB359CD6119DD7CFC0D214D7560CFEF2D121CF9E3ECF452FCBAEDF67F6F115E6EF1E523F6AF251E830359F27E7496C0CB421D1798B9AD3A1DDEFA32C9369EF18FFFE21AB2F5FE6CC8EA2F177575301556C8C380CD292F768F22413631CF6A4284EEBD43D1E0578E1287E896D27C7EBD29354239585F2A6A47C138CB6097DC5ADD77DF2ED018F4CC1F9EB262B9B067B2B21F7CE87DC3E1FE05A9A738F4C5E7CDBA2D210E47B22E11BA2D35942E28435BDBB8778814BE5175EC0DD3C26687463844E0C30D970AF49E33B1F6194B2849DFEE85E330DC44A99DCEFBC827FFF80F0CE21CE9DFA40D53032141BD188238398B5272E60AECC71E7EE16578326AF9C3ACF134E9EE29D230A4B45B2A52CDBDB47BC459D196561FAE01B1140607A60B892B9AEE674711AAB50C0AD4B824FB7281D40F3B83F4698D5E3C283D1BDA5C7C9F689132A990F27D48623CA6EDA454824F85E496833691B359C08FB10E60F22CC4168F04B064129A0B5AC291F8EEACCF90E9CBF6570FA6144E3DD59093142C1D2811179A9254CDD86D765EAEA19CC9F79742A87F3FE6DB2D78EB0DA4E14E10A81AB438E0D9F2D7A6443C9733BB3547EEB69DA077DDCF71E22168B947FE525AAD71ED0BDB7C9F4FD1EFAAD4D5C39605A0C57D5C076C8910A4B014F2C31F58B2F80D3404ECF51FCFE5D943271BE7C0EBE7D0DAF5AE3A38E836B867CBE59665967132B33BA1BB514C8CF9DC7FEFA5384A660A698A7F35FFE2DFEF53D42438ECDA888C9814326874E04262373B4F4544C485CE3D84224EC2165CA2D694446D41391743286D003EBA7E13C74964382694D9017E9F473401912A1A6D891647C457D4671381FB0B827E3E7727302C31BDA67CA58843ECCDFCDC2EA02D3AF5EC199DBA6FA83EB348E9A6C0987AD8C43519AF87EC0CC54815DBFC5C19DFBACAF4EE1EF4FA35E3BC3714531F3CC399A7FFE1EEE410F691A833C57104A686B9FC0961CE072D7EA32552A52A9B8D83F7D8B731BA729BFBDCDDC660BBF68D1713CCCD93CEFB8FB141CC96BC565AC2766D0B7F6D07E98326E151993FD6280F3E03653730B18FB1D82763FB2934A90E7A23D648C72E0A45BA61EC5D629D063C2D94EA78D53E3C99529F5C2D0AE42276945630E85423001AE2004AD4B600A49BE2152DCACE1B9200358DA13ECAE49B4091FBC12B2B2AD31BD1025A31CFAE90F2DB26A7095F83A612109E6BFFDF82DDC87EF516F756934DA587644FFA9E4733C569EA12CF2EC10F05EE71E57EEFB3CB37C86E6E339FAF298FED5472C84399ABD7D8239035340AE98C1CF9BDCABD7B8B1B74FA825AE6D303F3BC382D4E46B35B4D3A1AE35ADEB57314D07571A4C6FDEA3EBD65920CB936E969E70A81F1D319F12F647397DC3EB52BDBBCB6A7F85C27736E9D7BA11D43A267D11633AE3F11D96647A9C941BEBE4513FBA51C7A4349A24BB5B6B956286880933B7B4D797B3ACE99DD5948E25A53D891A8809474A8A08F23A7FC7A4BE0047F38A5645D32A058810CC5070EE9E81E5833607BB77CCB5403CB5B1A233199B5C3EC795B367787AD3C7D9AE2107CCC8EA9CC98115E0761C1C0B32F93CB294C30D5D8A4D1FBFD6419812CBD798A6C19EE1B11A6679DA2B92374C74A078AFD063EDDC29A694A4D9EF937534FDA316DA0BB010B4A562D6CEB21C98ACA82C9DD0A72F150BA10586C037C04571AC1CDC30206F65F09F5A65D92C517877338AE6C70A3B290B6791E6778989EC7E3C3D13095563FA9E1B39E092B25C1A651A6987E1D4BD9E02D0A2DD567F1D0E5F56CC7D5F50B926B8F99A4FB62E397DCDC0F492270978B6E26055B1772ADABD190FE6AA92D3770C327D10F6E02409427430AAF39AFFF42B5FC434335C79EE29564F9DC67AE3268D3FFA7194261982C0CAF351E78873E71F27F0035A8E837B7616B998A3FFA3BB98ED3696695246900B04BB7E9F7BA6835D2EF0D4375EC27AD860F5ED9B643EEED114017659B2E819CC78E5F84891A14074C1179A63E1703FEFB22AF21C68856948FC3044FA8A8A32C8E90C59DF848FEB08551F71997492063876EC4DE0CA27B8D6260021AD49583A24AD87C778CD09419C8AA53669354612CF27270917044A688C1AC8A6C6DE82794F30FDB1E4E87CC8C3E702DA52D3CA9B3CF3136BC04ED3840325F9DA3D83E5471066A272E4908CAF06368C91A62AFA1D71656FBA1690179A3C10FEF826EE8DCDD8B25808C1ED8A4B2F04F7B179E63EAE32FDDA15B2AB8B983FBA4DF58147CD30F0AF2C70BC7D4C58EBA28466DDC8F1684650977572610D6756A14D41CDD2CC6E2C13DE39E241AF4F2100ED06B166B82A3C02A9391314990B0CCC70800461445AE8A1A9B906FC3036214FD682898D4575C2FB72589952311F6B727F89315044C42C4B9D44A9636F101547CE2A69D3284E96A483001764237211702F489480EC5D4DFE7EF4BC47E7425406A4174DAD1838F087261CAF44A54ACB1318A1C6E8272CA90504799016189D48E5221288A479697E0DF5D63D82DADBF41EB5D18E8F340CFA42B11B74D9DA72595A5FA2EEB499A97738FAE81EAB9F1EE07FBC453190E4A7A610CF9C27BFB281FBED4FD04188F061C528A05696D9DD6DB3FE8B2F70FEE9A7E8EC54C9BEBF897B58A53B5322F3CDC7A93C68D379EB36420ACE51C008C1184C4AEA5E4ADC91B155B110637063127E91632AC5C9B4274DAAD7095F719DFE7242D931729E67CC252F9160A7E0D0448CAD4034355603CCAAA6FFB8A4F125817D5B91BBA799B92FC95C149C7BCFA47220E996356600F54545AE2D28D4D3466D5A8032357E098282C0EE2864A0534B560366772143A990A5D6EA90C9195CF3EB348A9A5C28B11DCD4BDD124AE4993FB381B7E9B1F0D42AE2DBB7B0CE2FA24FCDB279F516B337F631EEB410F90C383E7DDFA31E843C3EBFCC4AA9CD7B6FDD41DD3CE6CCC32E5EB519E97F7C85A876D0D536A618ECC8415D4D315250A61585222619A4CCD5873D2712D8BB181BE064A83BEA4B31817D9072DB4C801B237ED768E1250DEE6230E404C46B14408DFA4C484F50F85063EE43ED79CDDE73215E27F2E5EC94358563385AD118214C1F4AF28D410DC604A7A209B3436F1C01BEC63ED22303019DB6A1327EB731F5FB7EBDC3EE4681D2D9393E3DDCE3623FCBD920C7AACE929106CEA5692A4FACA376EA58F78E084368952CDAD53AC576807DD847FB0AF9EBCFD33B3BC38FEB5B946D9B7CD1A63C37CDEC3BBBECDC7EC89D5E9DB230B131C8B81AF3FE3161A39B32ED1E92C739E1BF312A25D25EA023EBA6912DA148E991C4442D7C0C279AA83DC5788738A11235A62C44A40DDD851029AFEC914FB59C10B21B6DC83F14B80578F45C802335B529859BD5F44B1AA7A4702AD09F01B702CD53D03A15592ADB4DB0EB60B52322414A923374F5436386ED3E96169C5F9CE7866C7056E438A57228202C64704A26EDB91CF3A1C4B9B54FDF10C86F5E61B63283FEB7EFE0D75C2410E42CEEDEBF4F3DF4583F778ACB777BF4FFEA1A6D69221A3D2ECB12572F153908A1BCE546399E98F04898B03F19D3FF9F58FE8B056143744D4ACCB91261AD8B0ED4B89566CA2F64242C4FFA9CC8B8874244244854D38640891EED5249D2D0742C7F61085004239045272C2884C070A17C4F205E8C7C39ED3EACDF36307D4190D57496359D5360849A623D6298147740FA7C06E930D1974308CC47051F3A3EE147B7D8EDB6F862BF1217DFD44C81D6E519C220A476ED3E5A29DCB93CF373D3F87FF631BADAC43341E433ECAFD8E485C185BB1EE1518DD00FC928852867313F771ED571B9FCEC290E831E9BE10D66B65D2ABE11170546F7A94C41FA6ADCE536615E1617E7531E198A80106F2E434E2968F4D1A14A1711868C8EA4F05C2748F2422743F3099F10F467B139C73032313260D50336884AE8874542D5913B82993B92DA1301FD227CF4259FAC27C8FA025B475CEDF93B82CAA6C0EA12D91D0B52A4FF14A96368240B98E75C1B77BAC41FFB9B9CF52D9A86E248B858799BBC1992DF6B131A1E074683A205CB77DB64EB3EE2F9533CAC56D1190B5E384D65BFCD3C39824E15E105E88C81CCE70896CBE4FFC9334CCD2FE0BC7D8FF03F7E80E379346D85CE484AFD44E39658462A4613396E7398ECA82206E2B3A47B9D65A2564B8477AB386716A83CBE8AF3E61D94D2A99F1BF1BA88FB32C58A093DF24E49C95153900C63C04A5280AF4118714D5A8B646133998E8DA201E9C1F91F99B4F29A9D33E1C09D014C5FB07243B27C4D623774CC67D762C29A267D5EC785218DF1CF8B677EDF7979915B61838DBE4DD137282849C9855CB988F9D5C7602A4FE6F631A59EA6DBED71A777C455DDE620E8D1C90BD60E4374C6C4AF75A0DEC3295AB45F5AA37D668AC36B0F300B36D6719BEE773E41EF3550A6206758D4CC009D33C85E5841B69CC8DF638C4E2412EB7EBC21583CA82ADA1D3297C1F8E24596FE93AF12CE1411872D8CA6837FDC19DD8DB1884CA4744A43AC7A940A89141226848C61ACE4C92152CEF769B35531D1CF82CFA839470BC472040B8F22B665775E216CC1FA3583F33F32309DC4E38E7A3B0CEC2613AA2C3D8A2562664853F8B4EF1F60B73DCE770A14A4853A3787A876E1A045E3CE0E374493F9B51CDFBD751B63D5E4945D416632CC5D3E457EB743E3EA21F6E7CF8369E0671A185E88B1DF26D70DA87425C6DFDCA0196A74DF0304D9764858B298366C5A73366E05E64D89999067A684E0524EE49EC36B4D5A1699B519FAAD0E7AA54CE9F41C61B38B5BB6C8FB8AFE8D9D880F96EC0A27D22C8AE1B12A49FA7490B2678853A509495CDA022A697E1E4E1838CA142C1A5B2F2726C6EE089EF891892A68769F5564FB43494D7AAFE69E3E852CD974DF7D8076FC2836308C09437300B3A24CC2CD3EF339832C06CA10EC9F2D5058CA517AD8A6A7423CA17960BAD873533CB6B24A65758E3B0F1EB03A37C7054CDCA0C9DCA5C7081E1D517F7737BA556FD6064D4424A2E347C6E4190B6FAD84D10FB0F6DA6042E68953645F3D87EBDCA6F9E17D0A81C09492FCD965AC7C1651C8D0FBE81161DF8D07452223229E6520972B947EE32554A301EF6EF2E87FF821B97C81BC92B8B54E4CF81BC00BA36839D11C4EC4BD2944CC781B8EA91AF3E0D049A64B2AD04A4FB8482E16319E73A7CDDD86D1787C026830154833F21C190FAE74188252547EFE69C2663F36BF71AEEF0C024D11974E35601A08BACA075F4593E32B8CFD368E043FAFA815A120F3B8BB87AC93257BDCA3503FE052D5A770E71E077E4850D0E4BA1DF2979790DF35D04138F0C948C49A5A434612CE67B08EA2C1CE8402FDDE363C6A621C3671B4E276DEE3D40BE7B9F4CA13142A79F285123B9B47045BFDC899008D23146AB5C2EC2B97A9BE7D83EE77DF47EF35711C17D309C9767B111A56CA2215A8BE97861763D2A24C130FB59848A6C4B8F9B9D631693E157C09D2B9BDD69358758A3625C798A03AD10E016C47601A60FA8920D384FC6BE71196813155C07D5825F7E41AE65285D2E71F63EFFFFA9774DFBD1F3351870BC8D45AB19BF1289F5D8047925AE050DF3F429F9FC35F9BA272E8308DE2FCB92B043FBD8BD1F6A8EDEFB1AAB2647C8573669AFC5C85DE5F7F88B73E8B0EC3812BDC48E2A7B4424A83CCEA0CB9C7CF60565D9A0FEAD173F43CF4C3630C60459BCCE50B987685DA270FE8989A6C2DC43B6CC65DD9AA7640437B4C1D01EFDDE6A8D7A43497237F7A9ECAFB5B583A835EADE0F82EB9730B983517F7D6DE40063A8A4665A22C389EFA8C5AEDE934EC322043C4BE5BA9C83FA16E4C953F74A2139C8E21D68926A409098ED0503A925880110E58284148EEF90D8A5F7C8CD6DF5FC5DF6FA0438D3957C4DBADD1FF749BFEB5EDE858D7691E9A796705AE8B808CD9A6B366B3D96D131A82CA71C0F3AB4FF1E4A533B4FEC7B7E8CD2C52A84CE35DDBC27AED31CC5E80DFE891BF5727BB3043E685B3B4FFFE1A2A54A9DE77C3BBD39C2B22BE769E8CCC10DEA94542F1A13A30210BCD345DF4DFDD444A8D5F30716C4950D4F495C1C162066908CA872E8696540F8EC95A06E6A95972E532E6F5439C4E9F162EB652F0F12E5EA8069291347B23E9EC3E71DC6A111BB326D9AB7A0CEA4C2D0C9DEE49A327EEDC81CCE53352AFB43C164A07829C0361410F4D41088F3AB4BEFD3161B347F99B4F937B729DDE070FA9FFD9BBF85BF588A9138B6547E9A2797B5963DD0E683FD8A59A2BB0A66C2E984596CE2D836720DC3E41BBCFDE0F3F60DDB771F20267DA66FA0B9729EDF6691FBE853E53C1383F8BF551096FB79152C90B3DE86E9A3130CA25C2AB7B743F7C34E6D53C39602214885688CC0AC4F3EBE8AD632E7FED390A2B53543F78806E3B948549B07984DC5841BCFF9096D3434B4DE5C8C50C755CA11A2A2352CCD28444558F45CC715D5827DD8826154CC97286D2619AC79D8AA807419B2636B393E37CF514B31FAC9626D715A8E208BCF1EE57E15E95FC172FD2FF7893CCEA0CDD77EE91599B41FB2141B5930CB0E3C5661AF7DB7CBEB8CAD3AF5CA1FBE64D442F409C5D447CEB09CC77B669BFF771248F9CC9537EFA09BC3B9B98F52ECE9BB7C86C76E9BDBA4AE1DC1CD839642E131DCD8CD408326F617FFE1CCD92A652CC907BEA14BD1FDF4EEF84138ECC980223055627207BE4227E7897DC2FBDC0D9979EA0D7EF51ABD7C99C9D665E99B46E56C97A44DE5D814AA55843B3F0B83561CA5EF324B781845FA618E37225DA129ED05F76BC53C1846571D2CC6D829C9028A268134C21C834128B5044C2C1F257AED0FCBB8FD14148E1A57304476DFCBDE6447A174FF2D72E3C4E47853466B2642C93D00851CF9DA2B6B3C7CC470F30BA2E0682AAF2A89E2FB27CE565B6BEF316C1A3368DA6476D7A1EABBD8853EDA3BA5E2ABD1142C072856AC6C75A5FA27FEB90EE8F6EE31F774E6C5E39022A460F2AFB3EFAA32D4221E0931D6A0F8F31E7CB08DBC4F41C8C7E48B3E511B6FB71554A0C5D7E61C2CC2C4502D2C920484F341049CA7086E43E3DB449D42357A224C491BC0FD5041626C6EC8C3941373990C1E505962BC96F0E3CBD75448F2EBC781E6B6D1AFBFC12C230A8FF87B7F176EB08538ED95A8CFED1F8ED6F7DE5F73DAD69FFF01AD99687501ACF71085480D8696206A004B44548A950E4D161957F7DED6D8EB30A23633057D7CC9E5D65F9CBCF2033126FBF11795397731028DA678BB8F3394E6DACE33DDA43DD39C6C8E7507E40D4A03B7A35DF1268A9232B7E3186540F213AA1C10D50B56EC4FFAEF5A0E5821F8E769A114558B9C756118248103FDE6E2FE93E9F90DA262D1853AD6D45DA01EF33DA4B4DEC209D60A8242B59931634A37A868E886738A7A30BBCF4E9208E3024C52F5DA2F28BCF51FBEFDF44F53CB21797C89C9947D8262267213266742584E1A81C2A04C6D773F3BFDF3FBBC0B4914184512A659C9A279CCE616E37B07C8D1282FA5C869967CEF1E7373EE6B59525CEB5327CD23F226F9994A673F8C71DBAB6A6787E95202BA9BC701E4A599AF4B1D7E7284A0B2B67E2CF16C9BF701EB5532368F7224B5F0354DEC070F589E66D29125CA21A25C480192A0791F07C09FB9975BCAD23322F6F60652CBCEDE3844D62A2A2953C9A139E9622D9CF59A41D7D52AD08C4E43E1C4FA722CE5FA2E0C109BEDB0826E86552D07C4E237B907B48BC7865D6A2FB93DB3837F6701F54E9BE7B9FCCDA0CB3BFF12A53BFF81CA5D72E619F99C33F6846B42C19F5AA34FEE7E6FAEFEB9C4DF1D54B94B541ABDDC27D6A05A35C20705C8C7A1FA960770ADE6AED615A925F289CE6F093473CE51638B602F65634330BB34C9D5E23D40AE92B7A3777E84F49D4661D7B650A73B144E1F42A0FF7F670FEF623F45127062A83B285D153C8A1DC63A81814C94C4CC42D69879321A43182EFB446E70CE4DA146EDFC5DD3E42ED34074C4F31D687925437B451C146C6C592094C58939AE8CFB23E9CA88E91FE392DD2BAE6B8B49A8054B5A9693C076617729B03144E69FC832641B3177D9621D06E40FF934DDA3FB94DE7DD7BB47F789DCE5BF7080E9A23C19B00E3F772A77FDFB324C76688B8BA4DE9E973F8F7F6C9FCEC01AED0984210FA016F8635B6559B5F7FFA39F66EEF32BBB1C2822B993FBFC6FE6C96CDCE11CBE74F13BE759FDA8FAF6314B2F0FC69CC8B6B082FC4930ACFD7CC16A7E0EA0EFE4A11A3E3E3581A2905663F9C542D88241C28260804A9DE4852443141D6C2787C99DCD20CC5B38B38F70E076AC751841D1FC903AAEE78FF8994E83CF60791894D3AAA0F27772DA9A37C147CC6A74F32541393D1751295EBAD6B8A7725997AB29E0E46214BF6B165C2561FA1405A1164EBEFD4098EDA845D67ACB2A7911A8D5DCE33373F058F2D63BC728EE5272E60BA8AF25E0FF3EC3CC79F5BE78EDBE0CB2F3DCBFCA573744B26677FFDCB18DF78926ABDC64A661AC713FCD5DFFC037F7FFF060DEDA1BB2EB99929CE3C7F99E5A7CF432870DFBC85FB476F11EEB790F53EC6DA2CB294C5EC0663843BCD38FF635406D7A9CA4FB2B38B611888A64BF5EA43DA9F6EA27AEEC8EF7A5CE8A655DC183C65C138503B0E77E2E8FE4EF6884EA05A7A24FE4E6A84F558D8C5484535CA3EC6880BF1E7878A999F41663F7270D089B6844639CBEC3FFF0246291BC534058BC5FFCDCF635F5A8A4AB3424DC8694D04384E0FE7EE36D31F1DF0F0DE0E4B4D8DA122EFC656B3C783F90C85B912393BCFCD073B1873D3ECEF6C224B500F7CCA8F8E38F7CC291E5B59E7CEBFFE0E7B459F29D7A5B1B78F05848D36F91F3CC2B9B987130420A117FA706186EC4F5A84E189F0C0589032429822AC59A61C6875A8300A3653BFF2025B3FFB10F3BD235ADB37D2772DE37C2E95A821CB9412334A93D27E5E9A93C56DE204F3D748841EA678631299EA59310E9E268F7EAB3EF2F14A121B94E31336BA28CFC72867D15E88CC9A681453FFF839DC87557A1F6FA5169A59CB0B1E1C1C307F94255492DC418F3D4B339D3529BA9A9DCD3D3CCFA2E1F4B9F7E14D96F6025616E609BB9260BBCAD93A64F2E03504ED9FBD43A5EAD07AA242DD2E323B5D245B28E1F45C0C3B83E307E8290B356363F60338E8A003952AB29342A348516853AAC1E1AE1F4C4AFEE22A0401ED8FEE516EFA18499A8ED629D9699201A213E4BB045127D17F58A4DC73B5FE2CA240DA705C2B15BBF6A70CFCE26AD6C08643AB09C29F46A53AB5C7A78901226B216C8BE2ABE7C99C9E27AC7508BB7DEC337364CF2FD1FDE8D1E8B419BC9AB9657A4827C0140187B6812B14D582A0E6B6A810520B5C6A8D802FCB19424F30972B303B33C3857FF23AD7FFF06F297CFD194ABE41F52FDEA11B38A8993CEACC3CC6F262D46B6AFB98BDDA01F3050173398CB285AA3B983D1F59DF45F9E184482C09480C55FB5A4A942130D5200355A452A3DC536B68D7E7DE77DFA1A8ACC8D249A87103F8747D78A21498B6691B3FE6E3C5A7C74E9E14795FA5BCA9937C309D10A4C54D336522BD1BFE5D322E1B38DB1BA52C53BFFA02D9B38B642F2ED3FBF821DDB7EE60CE97C03430E7CA34BFFF29EEF6512C34183EA3F11BB9E5DF5F0F6CE67D83294730ED40B1AF687B0EDB410F673DCBF3D634A7823C5A08CEF54C9C9E8358C8D1BBBB4BC6B611370EF0EFECA1CECFE3BCB2C1F5EA0E5EDF637671854237A47FE311FE660DED07E8C33E462FC0342275BCD089011C4B2586ADECA65E7F02315720D8A947B79929B14FCF47F5E920C4C867E9B63BEC3ED8C6713CA6432BE9363196C3265CE75387A51C3B6EE518143ADE0F2A1DA58F3B1EA548810958550889508ADC8B1B58EB33F8874D18B4FECD3DBE46E5179EA5F8F98BE49F5C07A509AAEDE8EA0815C16193CCC63CD9738B74DEBF8FCC9A584B5398B325741032F34B2F6056F2F4AF6E8F4E1C0166098B9236E27A8A8960D133D15681D68A49B10F5EA3CF07159FD79B45ACB643B050E0E8C10E95F36B181F6CD37E58857C867EBF4FADDDA2D5EC90B57204D7B768DD3F46D71A48D3C67035DA0FC96C2C12BEB04EDED3B4FEE6C341743B8860854EB7C5B10CB24FAD61D4DAF8D776A26E35051BEBAB1731DEDFA2FFE936B9CBAB1CEB1EBDBAC35C60622C57507345C4A73B11F22512BB77A06E1CEE1A61C8544BDBB88AAC47A482D4712C18B3B21ADC95C98EA827C0973AD18331F7FC6996FFF7BF8451CEB3F5BFFBF774DFBD4FF6F13556FFCFBF41E6D45CBC80BCBD3A5BFFEA8FE87FBC1995828B59EC8D799C4787580B15FA3777F0AF6DD3BFBD877203F28F9F22386C47321939FAEDA69935390A02FA3949909714848534240F662CBCACC1722F47A6D7C528D8145C13A14364A0293D7B91E98D15FC439760B741B85420777E1E2F23E9059AD946008FEEE13921D64C09F5F9B3516FC7BEC2D121D67A85E087F712E5BC34E4270C498022F43D0EFFE46714BEF6048BBFF93A3BFFDDDF83E3A15D0F796E8E5C00E68B67A8FED91BACFEF26B948F7DAA87556C2530124C4BAC8873A503054A619F9947146DDC1BBB096BE431315CE2104F075651A930C1F14889DAD3D4A004B2A534C5D72FB2F4AF7E1173AE8CF6028C7C16B426F7EC2932A766716EED50FBF37799FAE6B3149E3A4DE1B90D7A1F3E22B33AC3DCEF7C91CE4F6F9339BFC8F11FFF8CECF945F2CF6DA01C0FD57151AE47FBFDFB29A856A331DFB818B2B57FC4EC5C997ADF4129859D31310393D6411FB534C7F40B79761E1DB33ABBC89C6F91DD6C116ED7E8FA21161AEB5F7C81CEFBB7D96CD4B8B7DFE24226CF85FB1D3217175838BF41F7D347F877EBB45F39CDD2A50DFCA326C1ED5D9CDBFB270631C292947FE179BA571FE2DCDAC36DF63073067AA182383303F51E5EB5CBCCCF3D4FAFFA1E8FBEFF2E475E97CAD6217DC3C47C6A1D7D7D3FD1E65653F9DC2594018D1F5E23C81A94BFF638DA0FF06EEE0DAC981242F4614E3B0E3193E6523346DA67CC3724D9F86C38E061BB4FEFEA16B9C75630674AF16719C52CC232E97DBC45FD7F788BCCF23485A7CF207299A8047B6A86D61BD771EF1E907BEA74941BEF36E8F46E23F316F9A74EA1FD00D5EE4FD405CCB7EE6D72DCE850E974E9F53C44CF4767A220A792CD32552AB15DAD737FF788CCE5229737E6A93CEA52FEE026C5621137546CEE3D84B2622D33CD175EF932F77EFC21BDFD1D9829D27B76957CABCFC3F76F10F6E6E1ED6B0869C15F7D48D8770745EEC140491909ED428D7FDC26FFC27972F3B33417733CEC3469BE7D9BA5A737083226D5EA01CEBDFBE4F66A341F1DB21166B07F700F430B8C175CA6BEF2245E314FFF7BD7A3E627371FD0CF0B724F2C915B9DA3FB9D8F2393B864FD7BACE7931E6FF23521731263F937A9494DF5A518F49CEC7DBC45FFCE1EEBFFF7DF8C76F3402CE71D34E87DF8106FAB86308D0997C2CE3BF7516140EEF1B5C8A15E40E1E5F358F365C2AE4BD0E851FB8BF723D7BEA4799B00F3D75AB308663968BAD8C2E0896C9963ED71E8392CCE2DE0CA32FBB76FD3C8DAFCF8FA6DF6D75B5C5C5F21A8D799B202DABEC3D9FA342FFCDCE723A642D565EAC0A56B6769091FB973405F79742FCCB2BABA485E18F0E116AD666F6430AA15B9C7D6D0251BF79D7B1082736D9BCA579F409E5FE1E8E17D44D3A5E29B041D879D2941EFA849F96A8683BD032492B2B2109681F243FA9D1E055B10AA10C708E95A0161BD41A997473C7F9E4080D1EE456671896EAC424770A13024DA32901A54DF9F74F612E9BB36AEE10A3146F119F1C122E066903E05E9E04C18069DEF5EA7F30FB7A2E0548C590C0F0F7CD3C0DB3CE6F83FBC85EAF9D4FFE6C328F3506A84AC19724CF5A1315F1415A491EA2CC4AACC21EC0A41D70027436F6D83F29AC1B5ED5DAAD7F778F3EE017EC160696E9AAC9521B00DEC6BD759D877F03E3C4049C1CE699BA0D5A2F8E8809DE32ACE6A89FEEE0E66CFA7F2CE1DCAA61109C7D184951C81A1D161882865C99D5FA15F32D8DEDA229F2DD07DB0C7D9D79EA37CD9A2D6EF509112F9D623DCEB77A8E55C4E85598490E4FED1E3840634C31E8DFB9BB4DEBF8129434ABE8989C408147CF7164A69D4A00D604C6CD060AE56287DF1024139C76EB5C6FC91A6F7C36B51A73A4654A691639B48923A1275619D025FC4989D44DAF86E601B1184E007715A6554F2A9C514FFFEBE1F912EC4288E18A27AB1EDA218BCD3B0D148AB22D152101806812570F39296A1C8976CECBEA253EAA157B2147EBAC53FF5F3D8D679EACAE707CD63DEEF55F1B5E6C6832D6AED26E7E716D8F8F23246C6A4E176A91DD7B9B75567EFB846D6C9636EDADCB8FF88D5A9323F777A9ED3F75C9012F5C42A5A41B61BD27F6285F6D959C220A0F3B3DBECCFE5100F8FA9CD6D226A3EEDE31ADD0B33702A47B3DF6431334BE5C533B4DEBCCED1CE1E07E74AA8FD3AC1870F283415F9D04CB02141B707046639A8356B300A19C867E0F935D473A738AAD6309D22FEBBF7C64D2852F2D6B8039C9870341B6B589208DAB43EB1B811439112A6BEF52CE5D71F47B901DEF6F140C23A6473EA019D698C68908453B44E1552CCFFBE581DF0838DA801750B7C1DE21E064CCD9458ED9B7CB15D62D62D44B65E425311163F672C52C91658F54D36559F834F0F794B6FF3B382896B82F242A417929726146CE637BBCCF4055F9759DED9DBE78D4B82DF585FA270719DE2C565DA7FFB21AD5A8FCE6C86A37695706301EBC202CE87779196A47F704CFFDA11F2CC2C852387775B07142B92E0F414474B605414B9DB7B4CDFAB5298AE9039D0A08D541FA72189201EE15061CC16C8FFD2E3346C89CE97E86C1EE134DB4CFDF011C1D6716CD2AA13AD44A2FFA469BAF1AE4AB01E868C94540BC1E1648D390F092DD05230FD2BCFB3F89F7E0399B7A9FDC9DBB4FEE17ABC5305228517A5A538D19D2F071AEE24EC605ED98C90A53969308D4D6E711AFDD82CC1BB5BECDDED7077D6E5DD299379AD58E819E49481B1584076037265C84D95581521AF3E08083A1E5B7E0F57C3B2C851C899EC853D2A0BF39CEF6750DB0D84145CD625FE78ABCA771E2F72AEB6C5EABB353ADD0666C9C65EA9D0D9D9A5776B93F38ECD6AD744BD781A1A7D9092CDEA018D7D8FC7A667295F5E868D452A8145D0CD803378F96E2BD5963ED5056650B9B2664BE4AFAC517DB443D773F18B158EAFDD64E95031ED6AD8690EEE5252D5A4918C418D497944DAA97F9CF991E47B4DA829A3E79AFED51758FC97DF40DA16C77FF8530EFFE01F507D97F44A9D34821BEAB1852922DD971E59DE80C6FC8A39176B8F5060CA1CB9975FA0B6E791D984E99647BBE5F1A0E2115E5AA098CF62CF1738A877B1428BE64E1B5975E885191C195256065346160B03A9057381496E719ACA175FA0F5AFDFC03B6C302B33FC1367967FF7E9234AE74EF3B4CE3297A9E06F1D536D74B08C908D9579A60F7A645D8D53B438EE36D95EF0282ECCF34A6606A7D644ED7528EDB954BEF522F5C50AEDDD2A05572471AB54BFA751114A43D1A6FFE21241ED08FB279BB42FCD31FBC465CAEFEEE07E786DB07B12B49C71D30F41AAAB4C120D1B89F2122A8C449123E92EA4D128A5C82CCF30F7CFBE80CC6638FAF73FA6FA073F88040532C931D369AD767CAA68A46D8250684F8F9C9286D1B5D2093AAA10A86A13F1DD8F907D9FCAEB4FB02C4DC4475BAC540F69970DCACD106BA7C5920B5947235A26BECE616B81C08A3EDC1F1D4315611376C0BBBB8756616CABB4246D7EC39DE74F1E6D633E96E185A62483A6E3799839935CB547377039B434771EDDC29326CF7EF555561796A8DF7A48F8F66DB24A124C17E9BC730BA7D98E087C5A4E16F14D4966B18472BCE85E0E35D5A08BF1D3DBCC2D2F725C6A622C4C51FE7097E0BD7BA346E009868A1CAB67EBD8212C41381946D727DCC35A906288A455BB1A59B4318A59FC8306B5FFF876B483E5582B22C198CC3651722D64A2C8DC0912D7D3A013BA4E5BE6A0B5A2FFE983285A3DBB4CFEB145DAEF3DA06F6ACE65CA880775FA3AA066062891216B0A30ADA81775102295C2D0224DCAFB788BE6479B097176E417B96EE4F8F5FE2C7F7DFD01CED23C1757B2BCE335F04A16CDD611B3B649C7F7C8BA4BBCF6FCE3D48EEB3CBAF590ED875BBC2805B9CA34BD0BB304DFBF869DB3993AB58AD7ED11B6FBD00BE29E4CC65C81997FF1452C3FE4E0FE16AD76934A2147D62EE04DE7119B8AE99A8FFED175E2262FC9C27EA22A96D41A25FF5F9EE0A69B34844F1DD66254F19D609A0461C46641A4DB10253E68B4B41278BA6D8CB8E263EC1653A70A6C83F99751C012FCE416AD9FDE46152C662EAD433744790119010BA1899F13284B60B99135B1D6433DD1584022C61B268D6C8357658EDF70E7F9BB8306B72E2DA10F0D66BB82E7D42C337D0D96642F53C0FC74935C5FB3DAD32CBE7899BB77EF725777D838B386EE2FF0D885B364AFAC93B72CDC1F5CA5F9371FC76F140ACD51AB865D2AF2B071CCAACC53CA14E82D1671DFB843E96103ED46FD9F234E9691D87162C21D7E9CC127C6A4F3316B25C11289CCE1C70F6B26B26A611A58CB53888C859610367AA8B69BEC3197C2DAE3985EA67B92254984E678DD76DC0F0705F5951CC517CE63BD71076FB09AA506BB17E266055D0B8ABE18F44548DB0447CC89044F2B295719A03D53D2E21F3B33B8577D2C5DC644620E4B741E743FADE1966CCE766C54A828F44332C52C7D33A4F6C97DBC990AB9079BD8B6CB7CCF425DDDC6CD09323D858140F77C76EF3DA27CF90C97BFFC12FDBD636ABE8319684A4616BFD98FD69D10696B88A4090BFA33687869743BCDCB14236DB248CAEA8D187449B23B1182CCD214A7FE6FFF2C42FEA460FF0FBE47FD4FDE4348E344B785788168851AB03493553C1D51B84482B83FCA049344BAFC661BB1FF016EDB8DFA01260A96765FA37302AF6C46BD999C3032201F3C813D5B41642CC2C04575BCA88A24C639C86009834CA2FCAB12368BE7FC3C1F850EF717329CDE0379D045D77CAC6286B56EC0F767F629EA0A178E3D7A3B0D7CA9C84B8BF22B67718E9AB8678B0833C4ECBAB48303DC5A1BD3D5CCCEE469DE3F0043C69875948AEAD4C08B58E522464287A40DE43035D3FA0463749D669F46CA799C7BD1EF0D5BFD4861E2F8F4AE6D6214B3A91680AAE7A536CCA4EFCCB0839E48F9A308416C8765A299A801A512740DB6A3C009C75404A307C97A80E7A14D892E58844A23038D0E42325FB848E5F9F3746E3FA2F3379F40DF1FFC9C4E0DCCA81ECB28F91F26F34272B665F2210DACE90A0B5D83B99929EA5688E57528F5C1CD05048F8E90151B5BDB0496C9E6B93C474B1E5EA3C193A7CEA27C85F7C916EAC601DEE56502598270E4AA87D2E996F3C9E61888948C6594350D48367AAC1A15CFAF88ED17E386DF5EC8E1FFF37B6843A01D1F6148FCED3A9BFFC51F0D2D7DD08640DA1661B31FF57A22C107D61A73A54CE6C23CBDF71E450B4126615491DAEFC66F574EFD7EEA88D6C3B39C74113D99D3E951621EFFCCA061157D1F796681DED30B48CFA36784B8F7F771DE7F44506DA7DCEA86FD4CE3A6D33AEDF49E125D633027B3DC99173457F29CFDF52F9239B74C70679F4E01F4B90A41D944D51DEE061D3E5C15EC74AA6C6C9CA69CB3285959CCCD0EE2835DCCB68F3CEEE17EBA85F282F801EC4B8B6827407BE1E4DDA9F509DAA534412959079FAC5D8954F6A58310ED05A99AB5F643B417927FEE34F6A9590ACF9F45751CFC6A2BED17AA35C64209FBE222DE4E0DDDF5A2132008091D2FCEEE848E15AF692C3CD9527634A1A39461E88A27B498A0DAC561D5418BC2EA145819D4AD23826AD4DC430E2832E3ED4946109D3891C33C1CE4C2F4145FF8D653F48B593EFAF81A6B4701CDD065C92E912DCC7070B4C78EDD838CCD725B51CA9798EE7AD8C226F3FE1EFD4F76D0A1420A89EC07A390C734C85F5A425D984636FBE8B69B7863CD24CB5027EC8F27E10991E2A191EAF798FA3C31EE5610BDA7355346873E8421C23627B96452E03D3CC67D7434D89432EEE89E9CB7E1116F9E1444E8040B52E8B12B8613283A241CE10584F50EFAFBD7121C63C6DAFBA4C56863C5BC84D34332750171D826FC688FD27C05EBD35D1EE604957286994BEB78659BA74F9DA5F6A3ABECCC48727696C74EAF51AE9468FDC7F7E8ED36E3DC374500505104DF3B53A2542C10F64326A9F349E29D4E9516D38E3F89B14B9A9F9FF886277DC6502518F59C507E181BB2255967C3F2A548F0E1E2AEEC3A41ED1D4C9C99BE452615F6FA04726CEAC135134A0121920B66F4023211878813A8B749D7BDC96C54208210FDE37BB8527056290E728AFD59037BA9485E66D83D3EA2F8D269CE1D7460AA88B1DDA2F9D7D7080E5A71F7F2880EA463898D5A2ED19832985D59A4FF379F12D43B83AA939E4C8EF418D2350E4D263925710B5E3DE65E3FC93F49056686C098CEE36DD7919E425856BAF3EBE091ACC512998BF3F43FDC216C45D98130D2A76B9C278FA98226F2B0684064A21D10B1F04B687192C76FC2193AFD6A6AC8B6487669490D50BA1BE98947B71EE98E977A82292764F7CDEB14BEF23CCB73B3980B254A2B82DC5411FFAD07D47A2EE517CEE1FA1E1C7410B641D876D081C2BF34437FA544F1C8477CF71AC15E23222E249A890E179DD06919AA18EB260393BAE094DFD824AB300E40934A50FBEC3CC23068FFE40E33BFFC3CC6743E9D920EBE5B1632C89C0D83FA71E8FAE08509D46D34B6667A258DFE67446F49E883F4482026C64101213ED3BC4CC4723D1DDBF44EF46B486956939F3714B2279B780C264108B25A32FFB08FF7C903722F5FE168F700BB324D9E1CD6B3AB4CE52DA63E77897EBBC7D15FBF4BEE995364AD3CF7DE789F6E4930D5D5981FEF10745D846144BF27D19D4E936CA13BAEB6D4E9C2851EE36AC6FE5D2AED6690DA2089F3520A8CA91CAD1FDF02A5F00E1B04C79D41252C29B613B80F6A388F6A89C66C62900A8A0129528C2C2FFEEED4EB5A9C608812FB5B8874EF049D38A6E538015EE8138E699DE23AABB81F44B26A23262E7B2D26AF8F89037ED8FC03704D4D7BDEA6B2348D7C7C91A9E93276AEC0ECC50D5CD761F3EA1DF61F6C519C9F265329E37850BE758CFCD93D84EB8FDADF693D66C10672BCE19718B36E4C78798D7C428C94C2237552EA41234DAD40CAC1F5A412EDF846F97474B2A49D71930B6CC84D3357CBE8BE4F50EBC7C2BAC8640ACC74943C760F2530531D1B7E8F54FC711E78920A707814E97192F928399122DDE8528FF9A24E60BE9F01260A885C7DF73D3A992EAD3B0F69552A8495228FCD16A9EE1C22FB50BCD7C5BED5C57DF50C3367D7985958A6F1C166DCF379E852AF87814CDC90548F7CB53F43CAA34FBC62444A5017AB1A94A2F0C206A290A1F3D63DB4E393BDB8C8D4379F4E37389182CE5BF768FDF4F688EBAD874011C842E44AACC368432ACDA08D911CEB0B95B20D160933B1B49C328D958EA2B8D884544CDA9F8E5ADD4D6A918620C109C60A637F73128837E9E3218882D24217F29FF4F1DD26B5CB735C0D7C2E5EB984EAF4B07596E0D13E523C44DDA8D229E450BE9FF23719B7521CC966D498EB5DA2D42726D55B29842AA9DE105078EE14CBFFC52F622E94D9FA57FF81D61B37B14FCD31FF5B5F480BF40C8972425A3FB93511F009CB445812D58B4E16BFDA1A004CC4059098E3C544E8C089DD545285F7F1683C4ED4E5C89723B148529F37263519F7CC1ADFED9026B88B581B98380592D609D50E1241464B720F7B34028557A8623FE8E0DEDD0734D6BD1A5A1FD38FD50D328D57C78AC551D52976ADFF8C947E64BF2CE3F148362AD13A72942FBC7A8EB5FFC3AF60CD57D041882C6447598A86EE470FA9FDE5FBD18293D0BBB51789C945DA73844011B69C68F1E42CECCBF380A0FBF1D6A00236518522B6FA4FAE65A58703281877F81563C6E222F6A81CED3E8931DA0D6388514A21A8D3D4D62484A7131D4446AAC011698D945F473AE831DA2EB3375C82DBEF11846386A9528EE59E3AC6A7C71C5DC78C5B27CDD874CA953621369BE08268C2668FEE070FC95D5925B3329372E11542E06C1F71F4E7EF60600C7A6025B5D2235784A1AE4AA331CA36D953B36049FA770E093B4EAA416EACB4964C9A81262D04E540599BB629562976420A0818BBB1E25DA819FB6C91F09E55098430A14BD6C3A27D22D94A3DF338142A52CF44A8C6741149CEC740A83D810C8CB450B10D944E7F4E32759571DAA806667523B8336EC82925EEAD7D76FE8F7F867BEF3041C8D329DD94348C285236075619A811A23508CE64294BE1F3E7105993B0E9D0FEC97D7A1FEFA25C7F02F390626CA005E98E2C9308B648B5959DB818279C284FAA9C8A137C6293160F3A55799D789644DFA4B48279ECEE1649475D31416F1D5D43222E7B265DFA4698FA683653B9BF38796388137B4A2722F450A7AEBAB46D45242ED041E49F39BC1B446C8E332029142CBCAD1ACA0F085D1F699AA8968B0874EAF70B2D309341CC24372941869BA8568DB7DF19AAF6E21918F55A4E1258C5C9B1A838A9AE2D92ADE5755AC34CBA67A21A444092519BF774F7C511556594738F3BFF8CC71FC9FB37218F11C9CC23D19424C5D41C9AA18A892661620C408A3BBD6A4D666586E96F3D8DF243DCFB55DC07D5147C3972E7EB11F891438351C8602E14D07D45D0E8A25C7F04C4688D992A750FBEA0C63B8726EE2531DE9421712726573FE316099AB10AD449F060FA8F62D02E7E8CCE1A37C94E1AC89068BC31863A251B788FA2FA747549E87483AF384FD763F0655CEDD3A9207354145013729BA463C067A55BC33608C567CF527C7603948E548DFF973FA3FBD63D48A82FD16240118A5E5AF53CFCFD16A113ED6A31C8ED87EF6FA6153D222DB98C23E05158AF848ECB9113D39C2A66C874854524133539A605FC8CF6F23A11B98BD1E448644AB13FECF09AB6441BCFDBD3756B31563E4D3EAD1EF7DA4CAB9D462D8B4E72109CB04D1EB37ED227390509DCCD230EFFDD8FE293AAF8DC590A4F9D66EA1B4F45CEB709BF7CAD35E6DA14D98D59BAEF3CC298CA5178E93441A343EFBD6D54DF1BF963C7C735E92EDAC902B948E5CB62C2D4488FD92CC4475622BC9389807E283A678C872CC7DACDEB817D63C2DE2F82EB74428E3A714A4CEE14311148269023AD9142E06AC50DAF4187802B990A53589FB1F0D2F0EB89ED4FC4A80FE349D9C289279714B8F70ED9FBAFFE2E064B66FEF10BE41F5FC79CCE8319B5051A79A747D8B5319D475812993123590DE1C022231D0599237EAE1E0BB8C4248F28BEB7D28DB55285F244979593F2E071A07D74DDE9D1BD36B448D222E5A32126EEB3319ED5B83F65824428C6FA256BAD904270A81DFEC4DDE220EFD0D7013FEB1DF2BB99F3CC19D99122310643885DEE52396BB2769AF40499D03C32E62D92741C1469A8D60BC7767D22D59506FEBD23FC87C7E820C4757D82BFF81859B25141906E5A494CAB632C5548B8EA8C151A46033FB2061E55A7C404A417793B0F769B161340C9806D369A2A3D62A78CE62D1199269E2DCD321513125439F0961629FBC394932357DD3ABB8536FFA7DFFB1AFFF57FFE9B944FE7B91E3452388022D949755C019166072503B6640392341A3E5E708C4A8C6423142BBDC7748A7235B4B9D24AA1BC81402E5420C13F6E137A7E02414F7263059FDD5A366146A6C7CCB227CD4F260FA3B1EAF3A8B157CAB76B94B64CE2E0E94E69A9EF49583026BDAEC64B1B092A32297D8586A23039532A607B010B3AE03FFBD62B5C5E9C45A9110630AE5B1AEFAC9A4AD5C676E8D05D50258D59C7CA8E5A298A2F9DE5EC7FF5CF99FFDDD763073EC6B289D1206ACCD90285174E232D132125855736C83DB67462E759F3C4FAF17804AD4FAA35EB548EA7F54979E188D519D56535097FEFF4DD3E5136D627F46CF88C403CD932374678C64AF47A72192AE0C9FC340B8B5972285AFB75960B3614F3F48F5DA498AC05A77B58E87473DEC4BB26AF0F3DE12434F6B24A634EE5293D7F0E696768FDF83AD9C79622B0C40F63BBDD647F14993131CB39841169B2BDFD2604410CB024514833B923659C8F8A313E924E19AB8CB345C498A1D8883624264E9E917351FA7448ABF5E5584797C9F443C47F37E8B2269228573AC78F0B0C628C4D09D881A4B465F070669B0B4F9EA7BDDBC13D709152924C1752DD6DC6C802683D11B50F1D45C4B033AC18CB3E6454FF15422285C4B95FC5ABB6C85F59E3DCFFFBF790591BAD35FD6B3B683F8CF1EBA1836FB0D7A653EDA0FC104C41667D06FFA091288424AA5024838B44719B314E804EE0A5131C083D1954E9B1734EEB34F13E5999D1E3D5AE240385C972669CEB0ACDB891786A8013B459129CB240285CA9F07588A924F98C4DB3DDE460679329B38859CCE255FB71E43B69CBA6D39AE224173FD5398E095F3263B0919C7B0718659BA0D6461B82FEED3D76FFCBBF61FA1B4F230B363A08E97EFC88E3BF786FB8A2D329BB26EAA345148DFBDBC7845D2F6179224648DFF7D7BFA4E3557812264FDA992E8613F588DD902CA47F565F4591489F927D66624396B1D6A7E359B41E0FE9F4899042FC7993E0AA88F3FCB6F471A4223B5764F1F105A62E66089D23CAF93CB9C532DA5CA6F6F631CD4F0FE86DD6505E10057131F832C60861A4EC3FE9D2EAEA80F78C1A0DD367D5C9F2AC98C5B24D842109BD00A5C2F8AE95390BA36463E4236A8FBB5B07C78F2A4B62BC37C670AB0A0A2FAE133A01FD0FB727823CE3772A677E3FD5B16C681E2E9296C4620C9FD6A99AEE64CC26C6902BCD0DD5E227DE218E0E9931EC6845C791D0649B3E4EB07D4A858727365315637ED67AA283AB42E39821CB5F39C3D3FFC9D39C7A6D99DCB481B024ED5062CDE4A96CCC32FDF229663F7F06B394A17DFD28B28612696F6CC60C61C63BC20ECFA1B7440DF95C816FFEC2B37CD4DEE5F8B0C729954705E1088D1B8CAB355762E61FBF80F6034A9FBB84B0A3A33C6A80968E5DE2753668511836FA041D77B41847509618B348D0E92A8D10698DD0440E9DEE4098C6A2A3CFFE28A8F187DE1DAAA743C2D7677934EB0F3AAE8AB15468722B88C4CD264E5844B10979D2254F8FF5A34A516FA0309F67E5A53C863C22E81CE1B56A78BD26DDE60E6EFD10EF688FB0BE8D703659FC4289D9975707C18F4804564C1673F4D8BF0B0884A670A6C0375EB8C8C66299274F4F5315CE58CB5F9DAABD0BD324ECB8117354C8CF245AC6C36518644E4D632D96A2D82451FE145246A48134A53E659A3F11AC3071274D260F4916724B7BBC2D8F387F7A8EFFFCB7BEC6C2E22C37BE7F9BDE778FB14E200CC8313D42BAC5EE18F13F951B273CABD39DAED337AA86FCAA8D693BF45B2EE6FC02995C86D25401CB92CC2CCF23ED0CCAEDE3B71B280CA69F2F517BCB42B9C184B2232D6E4BB049066404A515E7CB790A3A20A8D799CEDA5C34CA630754BAEB0CA18AA0C9308CF2E731F44E8FF56FD64AD1FB687BD05D56C4B56935C8F2651AB94E7396866430A5D5846959D2C12E1EE3B1952D85A0A63D5E787299FFF42B4F339537E91C1D91F13D2C2161ACF4172B3612968727953D4747E4C8B2385DEE4B9402F5283E135A206D83A94B450CA9A856DB741B6DCC5C1EC3CAE023D18649E8B968DFA7D773E9767AE45705A5F395A801668A022D5235ED147F7C10ED9B5A10D47C5A7E48BBD946DDEC714194473DB16269D220CEB30C846D612E95C95E5C425AC6A4D244EB897C3FECF9683798C4154655A871956D7A4F8B61FE4C92CD78C2A08EEDF621D2F5C68D6D9E3B3F856EB7F15C89ED09FAE36945B21CAF75CAA8439F48E54B9BB524C9EC6831AAC28CF113C339496E55E0B61DAEDE3A2493B1C95826193B433167E1361A4801D230B9F7E098522943F94C81D9D79768DF6E44298B9EA4FE8C53900334A18C1C7E65DE42667C9C475DEC7B1646284ECC2B0582A0DEA5F9C36BB8FB75BCED5AA4029563C19D600C754B02482AE51E3C20D7EBB1211E5DD72249D8D3E371AA4828EA45AA298746E311120A4556486643935EBB43AFE9717CBF4D70D51D28FAF5442FA6E40931995E256B9E6307A63E09654F8318BEA1F196053BFB47649422A80534DB2E95520763660647496C15220217214D66F316D7AE1E52B63314CE2C31FBA575AADF7B78627B81B88DC180B7DD93017D1D4056525C2C71FAE259CCB3827CA149F7468BDECD2374A8522C552D34AAEBD1FB6833BACFF75B3155380D0E71625A97245A261B1699E9291E6343EA34A69376AC19F1B2C7FF0452632C6639507DF2D93CBFB7F12433CB8AAD9D3DC48E81D715D8520CFA15CA98C726854CA0359C58B6638CC8F7599C4E91EA23A1F084C2B760FEC214C53938B856C56E9AF88E47AE58A07D54A7B8B480503E32F0E81F1EB0B03845FBAD80E31B1D667F214BE9798BA31F6EA1BCF0C4F60243A64880C6B760F68533942E1528CE282CC3C09C9EA2F28502335FDC60F7DF7F4CF36707038B93C408275D1944B2F8254E42449938AAC60A223AEA41A162AE5614C9C95431FD24870CA1F5987FCD88DFA5B446CC195CFCCD0D762E6A66BF718ACBAF5F607D6395D58D597E98A953FCDD4BCCBFBE3EF02BD713C089482ABB74B201974CDB1DC67C3231AE204DE1C46A0080A840517DFF10D9D3044DA8375D6AC74D9A8D0E19138E1F6D12FA3E4A66C82D9DC2337248DFA07DBF4FF5E6363B7F7D1D3D98E064212745DD4513EA90CCBCCDC6B7CEB274658EF995390C3B4FE02B4CED827F48E98A0D99913860F4790AFD190CEF618EAE629E4D625B0EAD99C5902B37F23A31537D1D4E485F46509C98FC855AA7C00F3D683F9F3B5D4014350FF78EF8A5AFBCC4DCC60AADE363FEF4CDFB7CDCECF22F5F5827281E527DD340F9290FD9919CE644E550A282A5458AA529859C90DF0C91B370B88C158487015265C9647378ED3A3B3B0D04B7397B6611A7D5A2B7BF077E0066969DAB5DAC9B19E65F9BC5F0F2780F0E525E9A247854C9A8DBD002A7E7B27FEF2EEB572EA16C9B401A48E1A23AC7B8CD3666D146D8A0FD91DD8648DC2D7A8C673D9C7A9962A62605CFE3E5CF512DDB9409383FCD8410132159FABE4C8025C9A2BD14E416731C35FB7C786F9FBF7EEB3A0F8E5AFCDD4F3EE16F7EFA0957D617C0F3509E97AA420D8B8349779DB46C250D878EE43B8CC1A8A3BB490A49882290234582DF5554EF3629CC1720947C7CB3C783830EEF7F72C4DC7C859553CBECDE7C40ABE5B07E38C386B6289E9BA57DA34DD80D13644512095FBA0BB61402D50DD8DFEDB0720902D7275388BADD04599BF6C31DA66697B10A16CEC0A2231A64395194D163286252DAAC3F535D322C9688F49DFC5967FB28C05063D75F3A5D186AA1424B939DCD71EFA843A3E7F2077FFA030C43E2F901A15254F2594C01F59D5614A98A11CC111019B98893A4ED7AACD9487261A5FA11A7C561D1519D20286A4DED7E87C79E5C60E16C896BDB356A3D8F1E3E819963F67C899D63979EE330230272670B6466CB1CFCE916C946D9FE60F19942A6C9145AA304081FACC024EC37F03D074BE511190BD3365181893224F6420E67CF1D41BD42A777A43889B841CA7345A7AAC7231BAAD118E851743D76F046C5087182FE474CD25834100A852F345E56932D5B5CFF709F8EE363484118AAB833DE7C398F1104B41FB4A254470A3A2AE0C7DE3E77C226EB14F87A768DA2B426CA97E32E3B429FD0D351A72F9570F0C206124B0B42A1691FF669ECB579F66B67E87EAAB8BFB747CED2E42C97DD5BEFB3B46E325B5CE7A9B317593CBF46FB5A0DBFEAC5AE853A67D23C67B2E7B499DB8625CF1A2C28852F15E1A05CEB1C35A96D6F624A816E0B4A5345ACA90AB269D2337BD84B39F8A4910E6BC5581542335ED04CA5AF3A1DB625A2EAD11631C70900C3735F88445B9E04112F99430F073D141A472A7C344146200CCDDE411DD7571846F45DC6C03E7061A682DF74E96DF6404288E6DBCE367FD1DDE4CB975731E7A679EF7A8DD75998A0D37E16516E943BEA14657E78A06E057DDE736A6485C1A56C892937C39D9F6DB3FCE234959C8531784D158E16D354B984356DD1BB7FC8D1F776E294CF5E2CB2FCAB1759C83599DDADF271A64AEE4640455AF445402047B979E3B84BF35A872B679728152BC85C016198841D45BF76CCD49925842DD17E30626F0CA5362945A44853776351BF4895428704CA7486C2D069404FA05EA9E6935A8D09CED3596B3888F87CA1084C0986058685658069C82882D66008C999C569BC630FBF152210D494CB0FBA879C9E2DF2BFFDED9F6375758937FFCDCF083FF5072DE92777B31C141A841EF67D4BA7CB6298BF0B68863EFFBEFD90D3E7CB9C5B29F3EEED639E742A140F325CFBE15DD4948F12215969120411D127634A8E1B0D9A3F6BB378CBC6AA0EA2575350F9B9537CFFD1C79CCB9B5CBA788AE9F959F6DB7BE81D67E4F838D84F73A51C3B7E877EDF27442032593032E4E64B34DFAD33F3AC813D9FE770EF989A7299C2665ADA63BB3A115B7D06752856320D6ACE2A0C525C77A9C7D3A0B17F1B46CD5A8C1DD9C998584447542034C7DD3EFBD516BFF6D597599A2E45CC4221300C2859164BD91CD28A9A998442D133424C29395BC9225B357AD5432E3EB58A91355358CE7055FB847CA8EBFCB9DEE62A4DBA2218ED649D3EBC049ADB7E9B5EC6E5579F3DCDEFFCFC8BFCEE6FBC4A6F4E1068C576B3CFEDE3368DAE870E35CDB64FBDEDE1068AA36E8B03B7415DF68954AC8AE285195A15CDBFFEB37738AC7590A6C57C29C7EAF9CA40CA93785EA1595A9D62AA94C3F5156EDFC3EBF441984C3DBB4EA652C1EBBB3417E12FF526DEE7321C3F2D69482F95BEA6122A2D2678EE49D0471B1A2DF580B9A793A7D9789961F8D12AF12BD2FA9F647B782D3421D17FBB04FC55759BFFC75FFC88C5ACC9EF7DF3352C53C66BE269638AA9A602D34364A02F420C43F01B73EBCC6B8B6EAB8F501A3B0BD298AC5E2AA1F88EB7CBFFC7BDC5B7FD2DFE5FEE4DFEDBE01EC7DA8D5E7B42D91F057541A8308210196A9EDA58A0BC9AA71F86D88641186A3A4E80EB2942A5396839F4BC102750F495A295F522BEB32598FBCA69F27B2E2FDB33DCBC7FC0E1F61E6EBF87DF76E3546A24328816F7E25409A7EBE3751DFAAD0E7EAF8F55C970EA579EC0B04CEEE77B58D382AFBFF618AF7FF332B9E7A7A20ADDC4AD3BC99E532991BF8EF3E861A164E8E32927F9C9FAC49AB06612B4884A991AA542425BF013FF884F7B357E78EF803FF8F31FF3AD972EF38B9F7F1AA5357969F1456B8170B787103EC2066FD03CF28C59E2B160813B9FEE507DB80DAEC6C899C88C11719606BBB8A37D7ED43FA4E57948055A857CD83BE641D061D8412D150CA2D930F32C90E5E14193D6FE3E4283676BF6BC3EDA53B8AE8FE72BFA6E88EB2B769A0ED5A64BA3E5D1EDF9F44594655BCB59CA97A6F06ED779552ED17CA4F8ABEF7C42AB76486E398B3023F780A8C36B1430F5EB0E6565623A51EB05A7D3A5B3BF87D7A8919BCB62CF14B08A262DC7A3BA758015865C7C6609690954B2B7C458FA34CE1A630CCF1E1226877F670E8B0443DAE908BDD1934CCB9405FC203FCE1A2C3C778A85D7CE727CEF0EE5DDB33C7BE90C175766C86724FFCB5FFB320FB60FD87D58634E66E86E77F1FB3E3223A3967C1242A5C99916F5E326D56A8B9597D7B07EFB19B23D9FF9B0CFFE1B3B34EFD7E9CB108526F03517D72ABC7A7E95BF7CFB1EF901B69B3CC68241949BC7201B9A5CBFE79293BBBC24345F7A7E836F1B33BC74E1026F5EFD80BD7B77E839019EA370FA9AE39E87256DBC50E1875195AB74650AE1BBB4F75B646C93BC6373BB5AE7E70D83D5AF6D6054F2D43EAE621CF4E934FB68137CC7C73C0E90BE0221F10249365B2133BD40D06A103A5D2E4D95F84866D9DCAE62672C2AE56972A772285F230D89D70AF08FFA9338B5982C5188847C27692E6026E1B2B4A696FFFF3B5A6B328B65167FF149965E3C43266FF1BB4FAF830E3003072D05CE718D6CAFC3FFFAE75FE0BFF9E377307B1ABFE6E13602A421C92A89C81884672B1CAF94F8E639C9FCFA02F6D40C576B3615E9B1B4BC8042B0BF798427352FCECFF1EC6C857FF18D67999FAE70AA5C62EDA84478B74BD88B3ABA7A42D193213E8AE2EA2C2BEB67C9AFE49959AFE0B56A6C3C79850DB3C7335F78955FFE97BFC95FFDF19FF1C6BFFB7764039333B244B5D763B698C1F3144E18E5F2ED5693CED10EE7FEA717700387CCFE2E2B772C5010043E952BD38879582BCFD23DE8E2872166C5429A924AE06196729417E7C9DA92B0718457DDA757EDB0502CF04A718DDBEF1FE11CF9BCF873452EFE67CFD0BC7B8873DC64EAF225EEFFD71FD2DF6EC538F778F41447DA1A941AC0D462848718BF553EF5FBE3A19648AA1B52DAA21147DA5A2951F9F973ACBFB4826D05848D03E81CA37A4DC27E07E5F5E9D5EA6CDDB84F4E0AA6F3332C4D2D62CF5728AC64719D90DE4E87E5CF2FF3DC6F3DC33D326CE697B04A335C6D9B7CA756A411083674836CC6E2C1FB9B74E705D3A70B9C99CEB03C5321705CCECC165979E114858D297A7B6DBC8E8F6384F842E36BC5B95FFF3CCED9690E0EF7F9CDDFFA252A9626B3BA4E696585EFFDDD4FF8DC6BCF72EACC1AEFFDE8A784477DCEE83237FD26E5A285EB87CC0739D6DC3CBDDD3EBB9B5544C12308DA98C0CB4F9D63E6F40A1A8153EBD06AD658BAB84079B5843D95C32AE710B90C8595454A0BB318411767EB21FDDD7DEAD50E47C721D3CB53CC9845ACDB2EDBBD16E519C1D46285F66197DD3B9BAC7DEE3C7EDDA575A736E01A8FB9E0269B9FC8C1248BD1FD1C215E797B8278A7861C299590850EC1A550515CCFB1FAA565AADD5DBC230B6B768ABDEBD731A5C6AE54409A68A5E9777A743A0E72BAC00BBFF9254A4BCBA034FD5B57992AE6A9DD6B62AEE471A5C10337C39163F0C3BAA2A32466C1A0A14ACCDEBCC317CA21D34F4D919FD5DC7CB8C37EDB61F5B8C799D92C0A45AB76C8FCB915E42F9FE1F69FDC25688711CA55B0997EE2348FF5F23CB8710D4C8179E9098A2B0BD8BB753EF8E426AD469D4A658A99956576AED598B78B981D83563F02725A818F97118005079A477FD7C0B17C8EB35D0AAFE638B53C87D377A8DD3F64EB708FE37A875317D6C9E42CFA7D9FECE20AA672F1B636696EEED0AB77C8944A64E7E6291B1DDC5693CC46097F0316F37966E62AB8F5165EABCDCE669DB307550A674BE89C31C2F5F528C04ACA6CB431F068D512A988C366F3875716C8E5B21173305478BE8F614802A5B14C8BD00F503A2497CBE2078A7325C1B32F2F51C8291EFC688B07D7EEF2C4E79E46E74A1CCB0CF97C0569DB083B8BB06DE69F9058B93C9962092D43940EF166A7700E0EF8F0B4C41121339EE6C5609FA7CE2DF2A346C81F6D69022D68F43DDED9DDE7B9274B5C7C65814C318BEFF578FFC6369F5C7B843C3BC3A5672F522816E91E1E30B7B1CCAD2FAFF0E62707045A5128E7F8DAC622673B16F952919E1B3277E12C56A1C49C6FF1C2C555087C94E7E27B3E7B952CDE74117FB348B3DBA49CB7D9CC6AFE66254F186AA429519E47A713B26C14E96C76E9AC77A93FD861E75A952DA347D0ECD0F305A54A8E99C519668D80DEC3471CDEDFA6D383CADA1A0BE75668EF1E10763A502953DA38C595D7BAF46FEE91454657C05E9BD6518FAD7BFB5C7CEC02EF9C2DD09526A694988649A0420C29F1954258199091E4D8F33C022FC0F33CD002C314989FB41BE47C7B54269411B00F9A8C9D410A81953109DC2E67E7F27CEE4B97985E2A71FCE021B7DA1A516F72EAA8CEECE234F9F54B50AE446DD893755135A8934A9086855D2971B7D9E18D9D03B2330657360DAECC4A32418F92DBA0751CA08280E3BD3DDCC636470BA7993B3347A152E095572E6299827EA747C375F9E4A35B9CDD58A694CF62D80675C3E5937E9B300CD898CD932B97393CDCE54FFFF66D9E7DFA0AE79E7E06A5A05229F2BBBFFD4BE4A76739DA3BE0F69D871C1B060DED11E472741B35324680A3FA6C37AA041AA49428A5E8F57B28DF20E866D97F7F9BDACE313DADF10D508681F1D493D4FB6D7A7B5BCCCEE409EC12D6A5A739B338477EAA0242505C5C21F7F8657ADAC003321583EDA32EB5BF7F403667A2EA7D4AD2A07ED4C1B6A069857CD4EA512E162858065E1885991DA78745806946FDAF02A9084C85E3FB28156262216767A6999E9E269FCD46131D8483F29489210C5CC7A3D775B8B250E27FF68F1EE7CC4289E37B77F8EFBE77959FF5A779A0CADCBAF90042173A759452091C59C75645424A848C000E699834B2055A211C6CEFF1F65B9FD255905B9CC1C8E6284CCD919F9EC70D43EA7D87E356975ABD49D8EBB2FF709F42D6C4713DDEBD7FC41BD776F8F3373EA1E378F4BA1DDEBE7348ADD6A67A58470883AC6DE3F77ACCE524A5BC85DB6DE3D60F701B87D16A17926EAF47A3DB475AF6A039A781A705FD404118E074DAF43A3D7A9D2E9D569BC00F292F4EB3FA8F5FE5B1DFFD267A758AEDE306CAD0D47B3E9D00164FADB3D90FB971ED2E994296CAF23C2CAFD0CB15E867F3388522C1CC1CD9C5791CCFC1E9F5F9D8F3D93DECD0DF6D51EBFAD49D10B7E763A0291902DF0FE8B43BF4FA0EBEE7E17A0E2A0C70BA5DDACD2687FB07B46A7594E7117A3ECA0FE8B55A98AEEB61C8882CE6F61DB4D6047E809412D3B708FC80972FADF0DB5FBECC4C4EB175ED13FEE29D2D3EAC9B583983FDC0E6EADE31EBAB4DB2C59994BC6548B423A5EED784818B1B8638FD3EC735C5BD3E7C6E6E062B9BA5E71CE338E0878A0C826F5C5A66FBA8CD5EA3CB6FAE2E51F50CFEF06F3F61BA98A1DA71A976FA3C737E85E9B9696EDCDD63BB67323B55A6DD35300636842BCB0B7CE5A9150E6E7FC4F6528EE9B979DC4E8BE3B6CFF4A98B680D9669D2773C0C6D624889ABC00D422C43315DC9E11B390C43E287210BC50CBFF2EA19E6564AE8A049210FC7DD3E33C2C451827AA3C3CB2F3DCEDED933DCBB7D9B99C32AB348825C0E51288CD254C31854D32CAC5C96F6429987C7475CEEFB1CBA1E5BDD1EEC35D0A16236F0E8F77A683B137981158B18A689F403BAFD0E61A80983106584519BC241CF8B5029FE7F550179340D76FC4E0000000049454E44AE426082, '2018-01-01 15:08:25');
INSERT INTO `movie` VALUES ('4', '奇门遁甲', '袁和平', '大鹏,倪妮,李治廷,周冬雨,伍佰,柳岩', '奇幻,动作', '汉语普通话', '113', '该片讲述的是一个妖孽横行，天象大乱的时代，外星妖物侵袭而来。此时江湖上精通“奇门遁甲”之术的神秘组织“雾隐门”挺身而出，其首领老大（伍佰 饰）、弟子诸葛青云（大鹏 饰）、铁蜻蜓（倪妮 饰）和雾隐七子等众人各怀所长。另一方面，诸葛青云途中寻找新一代掌门小圆（周冬雨 饰）之时，新晋捕快刀宜长（李治廷 饰）为救铁蜻蜓亦被牵连在内。一时间，风云涌起，“天外来客”与“雾隐门”之间的正邪之战即将引发，一场新的奇幻危机正在来临……', '38.00', 0xFFD8FFE000104A46494600010101000100010000FFDB0043000201010101010201010102020202020403020202020504040304060506060605060606070908060709070606080B08090A0A0A0A0A06080B0C0B0A0C090A0A0AFFDB004301020202020202050303050A0706070A0A0A0A0A0A0A0A0A0A0A0A0A0A0A0A0A0A0A0A0A0A0A0A0A0A0A0A0A0A0A0A0A0A0A0A0A0A0A0A0A0A0A0A0A0A0A0A0A0AFFC0001108008C007903012200021101031101FFC4001D000002030003010100000000000000000006070405080203090100FFC4004710000103030303030203040706010D000001020304050611071221001331082241145123326109151671425254919293D117245381B1F02533344355566272A1A3C1D2E1F1FFC4001B01000203010101000000000000000000000405020306070100FFC4003411000103030400030703040203000000000102031100042105123141065161132232718191A114B1F007D1E1F115C1254252FFDA000C03010002110311003F00F516A35992E495C468071C5287E55105233CF3FCBAE706FB871A6A08799466386DF0D02B581BB00240E704E7E3FF0090E826FBADC8453571A8D48ABC896FFBA3C9A5C5EE06DC4F8DC010791F1C0209E73D2AE1EA5DCF09A6ADD8F1FB4E36F6F8F3DF38796B04A376139C242F29DCAE067091E3AE4BFD43F1F6B7E1CD499B3D3ED94A11B94BD8A20E52360246D0615248DE44A46DE487DE1AF0D5B6AB6AB7DE74033006E00F07244CF5C1DBDE69DB3B50654E9EE45769A86D3DDDAC486D78D9938078F3F7C8CF54B29D9AD569D44CA9A5E5214438A43815BBF52078C8FBE3A0697A8750A73C9A8B0DCE9927B8B89290EB25B597CA32B4F09091B739E41184E4E4F5436F5DCE56A7B50289027B8A5B8DA5694C3086633408F2B01292768C951CA8A8FEA00767C6978AF1126D9B6C164B41580A5294E929F71309046D07DEDC220851DA06454787BFF1C5E5AA1417064800244FBC64E66311C91024F0F68775B6FC631E1169286DB08C9192A38F3D0EDC55E931DDEFBE8EE6DCA90924F23C75514265EEE188D12D28951414F2377C67EDD497EA755A757E2DA752A33D262BECF7632985057E228F2AC8C952703079F233C8EBA48DA0E6B2EECED1E75736C5C55D98A26994F71DFF0077DCAC676A07DC9F8EA2D7FD4C6975815972C7BE356A8502B294209A54AA9A43E82BFCA4A40F181C9F8C738EA8FD437A9EA0FA3AD2F5D52E0A9386B7508DDBB7ADE87112F3AFBABCED71CC9484A028672B29048FB27AC2ED697D81EA9E915DD78D58F568C59770C744BEDD3DDB818EFA99010DB4B79A3B4E14E950F694820252948E3A537DA926D958E3B3139F2FEF4EB4BD21CBC492AC1FB7D6BD1D55FACF7D0A5ABBA8192DA9A5EE49C8E0E4718FFAF568C5F0E196B61120B4E32EA86FFE47C8FE7D79CFE823D66DCD43A1C3D28D7D7D72188B3974FA7CF7DCEE2DF69AF2B47F4D4951FCA324000907C0EB4E54EFF548B9C3342FDE6EC6A9BE51192AD88016AC1E54A2004FF3FBFC74736EA5C0279A05D654C2889C0FFAAD0326FA8FDB421F7325B2A2EAC1DC71E7271E0755956D458F4D43721D90D15C87D484F6D657B11807DC47B527C7939391807A4922F2ACC4752CCBB9588A95BC634CC3814DB4900E72AF046538CE7FBFA8A9BB69D1A3A298DBADA1A98C34EC7EEA92500E7194B89040C9DE09E0AC8037000E79DF8DBC5173A1EB7A6DA30B1B56B2A740CAC3698C9C9DA882A2ADC98212485276CD3FD0F491A9D95CBC46520049380547A1E6AE220CC918335A423DD74F9F487272A60425A485296E70124F81FA939F03CE7A1B95777EF198BA52AA0C4779B565B75F7C3683FA6558E79C63CFF774B3A5EA0B11E60A353E98B79F52594ADF6E43CEB60A96147B813C37C279C11B80E4807AE7569B7854EA8DCD92C46752DB092A7242838CB68428A82436402B733EE2B3B40E38E02488C78ABC53A83F78E5959EE641286972929948F8F07DF4AC9F88282121312552094BD22C6D83487DEDAB2015248339EBD08F2224CF11C1C4EBA0467DC696EEE5B0ACADC93ED4B98E3213E71E402719C75C3FDAF46FEC8DFF0071E828487EB50535B7A448CCD5A9E527BA36AB9213C003200C6339E79FE5D5FBB15FF1D7FE21FE9D6E3C32FEA973A230EEA3B7DAA92924A4CCC80648DA90939CA4020747C946A6CDB337CE36C13B41233D418F3323C8FE28D2EBA7DEF50B6D71EC1AFC2A454C4A6D49913A2179B5360FB9040E4123E4723A1E66CED6B2AFA8AE5FF4290F89CB52DF4D27B5FEEC507633C20F29730BFD7EFD16D3A729ECA1D67B80920150DA49FF00BF9EB9CF91B2282E251B41C904FDBFFBFC74ED4334852404C503542D8D5E5D0623536F783324AC2FEBE4C38C59EE92A246D4ED3B7E011FA67AFB4AA56A2D3DD445B9EAA86D0549ED7D2E1C527030A0ADED8E73CF19F9E8BA04E5350D72D98321E4476D4F16633456E6D48C9DA9072A23938E8134DBD4E69E6A3C69911C6D4A26B531BA7AE297561C82C6D0246F2120856E49206129EE24649E4C56E6C3156B79A307E3D3ADB9D1E68A689EFA5A4B8E2DE2549514F871494800A81E40FCBC78E876A572526A897AFC72E05331DC43AF4A5BAC11DB752BC2B7A97B70DE324AB92063C81D2DF5D3D435ED6E59F32EBB1EA0B953CAD629317EA3B6D21C6892961D2B0A4F6DD40C72376E3C11E40969BFA8491EA16C817CD66C09B2A9E2A2F46934C86E7D3194B1805892E2BDAD320EFEE9C05A928200F7F502B2B4109E7AAB52805D4EEF87BF9546F5C1AD1A735DB2AB346A32A754AA54D6EBD3AA3F594D0EFD3034E2DC452523295294412DB88F09701C8E80AD7F575A69A8BE84ACE9306DAA4CD951A4448B7CA2652E2292CCA86B25E8F2C29C4BB1F195F3B161C0A05382377443726B2FA468944BA937350AA35678BA94B3152B3DA4B6B46C7037252384A14A284AD21408038293D243527467D2B5F1A514FBA7462DAA5DA0ED64CCA0CB5CDB94C9A84C21C70071E1DA425C78AF94A109482C95E15B91C659AD25EBB516D615B92641E8E33C907A19ECF3E9BD56AF6766CA5C6C8DAA04104E41990703D4E3A1DF9C5F49974B5EA46E2D56B71764C661757A3A2053262995B421A112DB5C779A0B1B52A4A417328C1384E7AD6A34BE4CA9EF53AA1566E971663CE4D97214DEEEDB69FCCA4A338257948CF924F19E971E9AB4CAAFE9C21C2B26AB6CB0DA9BA5A10A65992A7D3DD576C252A5A5394FB81F209C123DA001D352F4B9A4FD6C4A436C3D11C7A4B7DB6D6A0E29C2A194A8E73E0F81F04023AD7B4C26DCC27D3F1580BA7D57264FA9FBD3269D6DD9568D11BAC3375A971E9F1C468B2DE4286F71D20EFED84F23770124613C0CF24F484A4D22EB76F572A32AE987229D3E2F763A7E8FB5B95BB01406DC018E08C79E88FF006896B75C5E9D3D3455E9D63D216E5621D2E0310260692B0CEE951DB75F712414AD7EFDE127F30CE3C75E77D99FB48F5E1CB8E9102AF77D3D31264B6FB2D3B430F200EE00A2E25A4073B9B792941F23804F9B766F826AB692A83B6BD37B4DAB8E9659621D4A8A12B69C5FD32429014BC8FEAB639CF2738F3F3E030A849A94BA44B8570C684D3CE34B436EC25AC0E52463DE01CE4FC67A5C69BB506E686C5F0A121880FC85B4C25E8EA6F6A400A070A008DD9079F19E99F4A9315A2DB892DA881B52A1C907F4EA828481B68A42D44C9E6A2DA1419548B329547A914772142699752D90A01696D21583F23767A95F46D7F5D5FE1EAD6429B911969425254E23DA1408D891FA639FBF43BF5CD7D99FF01FF5EBE65B4B680848800003E431562DC2E2CA89C9CD44BFA8DAC8FDD339DB269B4276973ED97582AA94B710EFEF001CECEE09FF00D0FB8255B707927E063ED850B57CCE8748BBE0520466EDD8A87FF773C7DB5041C3A13B9595344636F00F1F3E7A8B7FDD772C4A83ABA1DAB7254D08A14890D1A3D412D32E4A6CFE1C500B6ADAE380A8873F28D891E4806C2DEBCAE49B68D2EAD26DC954BA849A7A4C9A6CC737C861EC046D5AC8193B8677606ECE78CF5027DEA584E051FD05DA8DB4C2EA9F411D450B0D9FA8700D84FD939C9F3FCBA5B54AB7A55E8DE837449B56C4A842B7E496EB558910105E6039216B696FF2ADF86CB610A400A291B30083C32ACED0F94296D55EE3BD1D4D429CF6F932048DD1D4E2892A694C81EEDA323DC777FF000F492BEBD5BDD52FD5049D11A059CFCDA2B76FCB5D5A5D6A4B61B7836B693DA61A520A1691BFB9BDDE783842B1C8F7C8B94DA38EB2254913F4EE99693FA776F90D3C612A313E47AFCD640F5D5EB16F8D44BC19D34D3DBC5C2990DC79EF478654005820A1B5385B42BB8A0A184A4280CE158CF5A6B542743B274ADFB3295428CC362DE5B9FC3F4956D8E5E53652B6FDA8014772958514E4A93BB39E7A456AC56F56356BD575C922A6C505288D75C7B82994FAAC44A1C5A184339482D92B69A5A1083F9D2952805909E53D32A1D6AFFD659DDC16C5628CDEE53F2C0437B92D004ED0FA494A812303182793F0715694EDC3D6A16E7D3D7D68FD62DAD2DAEFD9B5D73E87CBFCFED4176569C58D69C7452E1514AA8B204555669F86FB9DB292A71BDC12384ACEECE4925232AEB0B6B4EB5C1A16BF5D30749EE79B568F165B62935F805298C6232E7742584EDC02A7090B7C7C1504023CEE3F56961CE77D32D5AADA65010F5ED1E0B31AB0B81316018F21F61A5EE4B6424B850A56E501C239F393D13553F61F697DBDA5AAB8E7EB22A1541F844BCC47A536E474B684E42370214E02ACEE3BBFA231D4EE355634C721C546EF49E3FDD4B4FD31DD4105481318FBFF00AA6E7A4D914FD72A347D4DB52053EB7F570D2E25EEEABB6B5A92946D25246159001DC91B48F1D39E658BA6DA3F546EB7A8EE53DDA822327EB5F9A42DA829193B1BC83BD5E539FF00DDE075E7742D7B73D015B36458FE915C8F74B75E7A9D55AE50E03F2A68FAD53A86960B6800B2A219DE8689DA11B56AC93B8EA9D7BAEEA54FD367E65E7520DD525480EBB4F71B49798429C3B0AD233DB010841E7E5CE71C0E8D6DE2F242FA34A2E2DBD8B9ECFCA907EB935365EB8D3351E9DA63A7F5BAE3C8B6A9EB814CA7447242E5A135C8CCA82596D2772C215BB804A02BED93D62BD02D35AD4AD57664EB1D9172DA28A616150E9926DA7A23925EFAB4A5A2852920F0A252A584F056DA0FE6CF5BFF00D2ADB1A6F52A85F16CEB4D329AFD2E4DBEDA9E54F7FB44133A394A82C10A4FBDB428639DC918E7A58D3AF1D16A8FAABB82059D68ABBAF5C4D4381539135D2A117B694B4D6E7144FE646412ACE704F3D02FEA4F3574960224733E52607ED9FE43AB4D2D9774F5BFB88DBF98131FDBFC674F57750A9B54A74BA3183F48B88FADDFAA4C8DC8C841CE520FB4FC63A67E95D263C8831EA95768AE9FF441F2E2C70B1B78C6393E3E3A4930D5B8FBB4AA7D05B44E653203B53724BC1A43CA391B08F24EFC613F2073C73D3034EEB9786A817E7D0A730F408CCA1A415BBD96D0BDBB82303F2ED0791FA8E98C08A441441C530534BA655FFF0009A7CFEC97992A39382371C601FB0C754DFECB2ABFDB9FFF0037FF00DF57D6F56A1BD09CA4D565430B693F89218778CEDC7B49FB63CFCF42FF00C5ACFF00EDA39FE6F546E525462894894CD28F51EB16DAAFA41FF68F70531D72D39AE3ACD399518C9646429D0AC84A6402BCA410738FBEDC5958DA9D6F5FF73DA1A370AF69B21E9F4D8EEBD5279A4B4F4888B7000B2B39FC43B80FE7CFE9D42AB31A871752928977F5129B4A6EDC9417024C74A9D75E085944A3C1C36DABB794E7076E7E704CF45E9353A9DEF40AE5E950A35CF6B8B6C24B711A530A975108E24A1F463B6D9503909C0E1380078F55F1D2E82539FE7E299F36AF3E0FD35566B2BA2A0A94CCA852D0A5B8B90A295F7004E4ADD049CA96520A94BDC41F095A1E9935A95ACB56D5BB76BD6E5C54F729AA84EA9F598CF4253812D38C484A4908750D29C039FCDB7827A7FEB368B4FD46A543AB5729708C0971D1224A66BE56C30028A72A46773AB0D1206785288272727A41DAF51B4B4EAEA95A2BE9F74829B4AB7984E1BA74591B4B8F2882B7E43AA19DE4797092A2A51C1E00E8943852856DE488F48AF902142B3CFAB2B9AD3D3BF59706E7B762D0FEB25A1F8B2971D4CA56F2C1EE0625254AFC228676A94B746E5056D04F003C7D2C8B5752ECA29B1511154EAC72CCF8BB0AA4B7B8071C4B6A03694A829001C8F7640C755D42FD9F143BEB5BA76B77AA85D36A6C2B629DB7A2BC53F568ED9488B256DA105D1FD251185107048C9EB41C4A358C8AF53E8BA6E9834D584A5B8947891111E2C568606D6F1ED04EEFCA4E063C9C7235AB5ECADD28F21FCE28BBE7D2F3EA5A7BFE779A8DAA6E5976C59912D1A15229C9763805496E4210E77B1F99D58E5CE73B8A89CE08C63C66FF0053BA99E8EA9FA348AB4BD4EAF285F77614D4D9A75D927B54C0861F43E584851DAD87D282103DAAC60E31C8F7ED28D4A11690347A0069E7E5B2EA67F7521089595907F11A242B3FAFB871C7CF58D29D675FD51D3BA8E9D5CD3EB50E9EEC8154B7632C95C5952528FC5694A00805C423215C6149DC47E2A80A356D0DCBFB64BAD9F792703CC77F51C8FAD37D03534E9AE283B94A87E471F43C1FA55FE97FA87D57A069C516DEF4B569D3A6B8F555726BB7054A88990871E5E5A42E705A4731C86F6BB908F9483EEEB5956EEEF50D6A51175CB72147B93EA42535F915456D92FA148CABB2B51DB8DE5476ABC85718C67A477A5FD35ABFA76A6C3B7F5AA040A342AACC8F538CDB5505990CC64B256EFD4B0CAF6A42C94610AE40240C648E9EDAD775CC83E90EF3BEE913E57D04C72322841B48438A7964A7290338183918C8E370E527252AD47E9FD9AE638EC7E6824DDEDBBF6A80267CA79A421D31D4756995F1426D54EA7D4EE97E970A8B1EAAB6CB8E2199AB776BA90A5247B5B5282739213BB1EE1D47F45FE8B2A5A19ABCF53750AA34EB82594B8E510C090B78CE794E365D792DBC70840495A7B8AE029448E7DBD34F5D3D2C52A2E9147B7A91579499F474419926AD196EA263FF004ED15990E20E7B8ADE795048012AC63C8E8FFF0067C5AB59D7B66955FBA67B11256D50A954A3C448284B2901A2158D8A52D6A7560938DCA2AC1C01D576EFB4FA06C33189ABEF3F54D157B41B6731F6FED45F43D3EAE57AE5146754DC5121A30A64ADA0A63B6BE52950039DA956E0A20255E3EF83C9D6BD1747ED29D6AC2BAA63712384CD9721C65B0A4A480925296C048DC13E393EEF3D12EA9EAC699E8B57E3DA96CD359AA54253054EBE956F2D0C909DE73FD2DA4F38F19F91D28AF3BE9779DA7527AAF5A75E7EA8121C5AC021202C9076F819DBB52918F68C9EAF540134A93B9462AD59A82EAF1D9AE535C29925B6C349DA9196D6011C720929233F6CE3EFD5C7EEABABFB1C4FF2DBFF004E86AC8153A7269D47903702C8EE487BDA541232903E1381C048F8E981DE57F59BFF001A7AA12527268BCA6A1C8B66C6AE555BAE5C96B417A5262BB190F3806E0C3893B918CF2952777041F048F1C1158F4FB768E18A05BD4A6E3C36592188C8276B6124A863393E4FFCFA4EDDD733CCDC33DC8552939668CCC890C19B05809486E637BD7DC6D4E2527701BB253FD5000585313475D93568ADCB83352E3C86DB5E12F6F481B00F3C03FCC0C1F381C75EAB9341284102699D713AF57E87168D723AE4BDADAD9860C9284B84A545276A48DCADD8009C849F8F3D2DB45EC8B5B4C24D4F5D2FC992DF1026AD9830A4A437FEF2A46E75DC2492434D7B4671EE7377F4474CE99424CE87FBDBBBBA5B414586881B19070768F91CF39CF19E93FA9BA23AAFAC77030BD2DBA5EB790C9705698553DA9315E43AA1DCCA1DC6C513C02850C73C1181D40B8E86CFB3127ED57B0D305D875500F713469622D9D69A7BFA815F9D4E851D35971886DD2D452CB484A0FB964F04927DE7C0E064E7A13F51575EA17A6ED15997DD3ACE45C53D96C0A53301F0A0A70E32A4A508517025277E12777B7C64F01FAC372D9FFB3FB4562C1D43828AAA2A970A1141B5AD72A4A1E70B693BDEF6721290B5A8636ABDB80A006483D3F6AADCDEAFEA554D4FBAA9EC43A050A77D1DA54B621293B5B6D964BCEBDBF1B96B5AC242B18096FD83C9EAF196F38AAC261E94E47558EB5FB5BAD0D0B91686A6BDA31447AB17A52FF7D576A575D2E4B94F4B0C87DD90DC26D328A44808425B5A729C7B5DDA3B813D665F52FF00B46BD407A85D658176DC6FDDD6AD5689498ECC3A059555545A0C328429D4011DC428A4E0ED5A95DD2E63F301ED1EA5FAE4F4FDA77EA3F4BDCA5EA5DC70A870E9C4762A129B46D8A85BAD77561E3FF90DC84AD054729C2B9181D213D40FECBBF4D7675B15BA850F41B55A1C9A555534AA5B31EF85B91AAC5E61D787D3F79A5AD0D25B6C9DA82B3EEDA300F00DE6AAD69EA436B0A323FEFCC9FF0055A0D36C55A8B6A5A42774E67E9D47FB26911E9A2FCBA3D64EBA697C2D6284DCC7EF5AA3B0EAE23432A547FC35853CE29B20ED084A5411B423087478C1EBD6097E9D3D3A53B443F84C4B92B34E796987500928650B29D857D92AC38368C6E51CFDB1D628FD9A769E917A67A15C9725BF4DA7419CFD36950D812D46454233D24C83219DC40501865190424E07391C968EAEDFF51D40946CAA0DCEE9319E6D4F92D8746D2B0B3858E12A1F9781E0E33D3061E0FB295F478A4F7CDA9BBA2D80011831C4D34B48EA36AFA4CB52B7765D7A871AEC92FC86D966B357A1C784D32D25AD8961B2B2A71CC9395BAB38F6A520A8E734D7EEABD65AB2054EC630E1D62B680BA44762336966130545214848C02A565641DA001CF3D000D0DADAED666997A5C2B5B2DCDFA965A9310BCEBDF60B3C959FB24F3C904F4D3D73B3914CD28A75DF62D05099135E489750D89FC040040182370FF963F2F07CF52486994ED408142BAB75D5EE71527D7D38A47EA0C09EDD718B79A6DAAB4E92EBADB9539EDB68503825696C1502A48F852B00024F938EB95CD4DFE11AEC369084B897E5B9224496DB4B80286D6D2107948084A401E79240EA3D4AA144B66909A957A53F50AA54A5610C867B81D2E249ED85819031B5648C70A009C9CF5654B9ED39A796E5395090D549FA42A34A8CD027E95B6DE256A5673CEF1E7C9DC72781D56A548CD5A8191146549B8C3619A84D81F54D25052B4A9CC38A3838C1C73F739EBABF8FADFF00ECF33FCD4754CD3F51A7C108EF0290927DE3DCAC7DB1FF005E87FF007E35FF00087F78FF004EA94EEEA89DA9EEB8DC95AAEC0AAA6044A0178E1AEE2D54F75C48490E1DBBD0D948186D5C12704A471B874CCD2D9350682112C2A26F71B71094A76A15C72012064E7E3EC7A50D76E1B260D515FBFE98DC894869B25D54D42476F6BDB7DAA75247B54F738E70A3938E18360EA4C1A4D4220AA4C4374F6103E9DC739C2424141C0CE4678F9FE7D5C4138A5EE4020D3E44B9D2A9062F74B525C485328DDB540950C64F8FEFE99D1A8EBA2D2DDB384865A7D2C21C7DB73DA1D20052D6A50F839C03F6031E7A4ED8EDD575069D4EAB518A25990EBA16CB6EA772129E4058246723040F2738F3D34AC5B95C7F51A9D69D45C5BD2D9A62589B18B3F891F672118C72391B8E4E78C0EBE6D053CD78B5820564EF56760C5F513AAB6F43D42AECCA543A7BCB6969A748FA52875D52101057EEC21236951F3B7C63190EAD14D27B2B4E28F755621515D6E2264B4998FBAB25C94B42025048E06403803C018E4E73D35B5B98D33B8D354A2DCD123B7224C1534B3DB03780DED2376392073C72368C74AED26D1A76E4AF22854B6AB54DB593183C5A7A7BBF4E5B1B90A46C5A8281F6850DC9C6D50EBD23BAB5B3B86DAA6D5DA22B5E2CAAC69150684230AF5B7220CF5EE4A9682E2168F72B1809C60E0678047496F55DA7BEAB34F3D1A697A7506EF152A8D84E4576E7956DC079F7A54988DBAC21E42D270848410144B7C294A27CE3A7BFAA2D56B63D33E96317C692BF1AAB70CCA898D4F7A729086D98EDA541D52CA53EE090BED818E0AC9F20F435A7D74EB0EAEE8DBCC5E701E62B126951A7CFA0C99898D22B719E716A43EC2D1FF9AEDECFE02492B52DA0A7B1DEC0CB6B6177AB0CB02568C9C6208FE7F9302B67A027FE39BFD4BA4042F02799F4FEE7F024D79F3E886EF17941AC57AFA82CBF705C75E765478D517D6D34886D12CB4B6C6E1DD6D2DEF073CE79F0475A674E69D74D3AAEE219A00792FC8FA8A5456941C75494AF794F6D39094ED0AF3E063E474CBB66DDAEDBAD532817ED49AA9BD372C526B09A5283C16B42FF00DD9E291842C612ADC4EDF62D39184E487D3D69CD3A1D41CD5F9547831E82AA3AD14CA8A9D582A5B852025B6B3B4E0257951C925471C74FEC5F6DFB442D1C0111E518A43A9DAB96D74E05F24CCF9CD565E13ABD74B706D6914479E72B4BED26246614E2D24252B737607B0019485648046491E3A3CF5137FE9A597A6BFC2ADC19C98102435B21D2E339326487CA4A1A8AD359E544124E4E38CFC740D42F505A79A217854E6DC55A32D7269EF4785183414E95948EDA5201C84F92A271C9FD3A46B55CABEA9DF0CBB508AFC56594EF756D485EF7D6AE56E2C2140209FCA71F992704E320DCA2052C0D95903AAE35BAAB5725F0C552750E430A6539628D1A481F441C5614975FF9580024A5B07007E61E035E896544A6A0381A0A71ED884F6E31C2123C36848C90907381C92493C939EA86AD6829E5C59B49A4C7655188C161211B520F8D9C039F8C783D1551E655E4D1047ABB44BCE15FB18714856DFE8E14820838C783FA742BAA78B6A0DFC5189E27A939C7D0FCA8B425092278AAEBAA93498D296A88D4DC894E34C2A4422869E48529072A3E0FB41FB616919DC71D0EFEEC8DFF000BFEFF00BFABAD55A526C569CD9458715F8F243A429BDCB4E23217BB21440254EA802A48560719DC4F4AFF00F6C32FFE1B9FDE7ACF783EFAE355D23F52A78BA0A8C2884A70001C271C839ECCF5147EA8D36C5C84253B6009124E7EB5D759AEDBAC3AFBC69F0A52614343AB5BDB94BEDFB8602436A2A230AC2464F3E06EE65C8AD4744743A1D0DA025253BC80394E4279C78F18E872A973D760BDFBBE8D0D0FB01B43A54B84DAC0CA55904A9D4F3ED03C7950F3C913A7D418970DA9B13B6B5F6F2A4A9B04051F20F9F9E3CF8EB6719ACD3C68928BAAF56B1445AA506E831D2D3885A5975CFC37704928524F0A49C9047D8FC74F6D2AF575A3B5FBEA95758D488340B91A75A61FA5DC2FADB6E7C7E021087C82953A0E51C94929D8ACF04AB104E45D154AAB922B744535192708510025B4F80139FF00BF9EA8E98C6A250654991683E1A47694DBEA723B125B2DA95BB6943C85248C8041C6463823A904D540CD7A77EA32D39BA8EDC4BDF49A9D22755E23EB5BCCC296D97171CB4A2595E54064AB68494FDC9EBA7413522B90638B4D4D3E9AE4C6D51E6A03387A3A80DDBB6818DC92027692329C927AC75E97BD625EDA6773C06AE480F558C6520CA922728BAE46E1023843BE12918DA0AB29C792063AD8DA39AC7A6D3B57E7DC95CEEB32A4485A20BB3984A1E74287B406D2B2A2DA06E425D525214784F1D4541201145325C9151EFEF490EEA3EBD543506F8A9C7769B2690C331E84EB6B752DBE81B4B801213B08F0304851248F9E9A2E68A496A86DB6C08920C784DB715B285153210BCEE1EECE3E3E7ABE81745B5A80B8578DAF5989229ECFE1BB351252A6C02B4923015E76E31C65393FCBAE99C2ADFC6263D163CF65C952C16E6380AE376CEE24A78C7823DD9C8C78E7AE47E34F11DCF871E4298649F68A830540927E408249E0181EB5B8B041BBB74A5641DA2720600FCFEFF2A406BCEA4EA2C36E758D40B2E3AE2A2214BD2E0443F5054AC04B694AF094EE05654E6FC8E001CA881D8BA7D726A1CCA58ADD126C9ED34B6E0535F42D2880E27006E29F66D50272AF276039C9E9F3ACF6D526A15D94B7623A2305F792FC6905210A4F9F6F8C9F193C00723ACA9EA2BD65542C9ACDBFA59E9BF501106B46A4F3B70CA663A1D4C46CB4036C38A712A0165C3B8E3C04F3F9BAE89A2BCA5E9E95AC41FDE916AE41B9096FB03E9543EA4B416CAD39D7483478B4D14F659B7A3BD57AC88AA536FCF75EC15F6C1E1080369C7B8EE3CF1CF0A65A322D2A838991B8CD2D8EE98EE8521E491ED5254382369041F918EBF484DC35F929BA351AB0BAE5C6A600912A62D45B528608E01036823207007C0EBEDB89BA622DD55D157335D4B9BD327B6948524F84048036840C240F1803A38FBE6680402948068AA99226B9052892DA4109042BE7AEAA95C4E43690CC420052C7E305A93839F39072307E4723AA25DCF3C32BA723F2EDF71DA7207DFAAB99724E8F012D539B763290A252EB2E10E6EFBA4FF44F3F1E33D41D616B654120130601E098EF071E7838E8D483890B13C7A55C5F7112F50E7C3837632FC3A5D51F6DB80D2404AF3847D6B8A277841565214B242947804A8F4A8FE10A0FFEBD5FF723FF00C7A39BDE955AA629EA3CEB8A5BE5B9A50DC4127B8C001B4B81D28C9525454E1C2545447246DC8C88FD0547FB2A7FCA3FEBD21F077B4B9D28BA1D4AD2A51295206D044093F0A2495024E3B89C402F56862E436525240120F3FB9EA285515390D82FD4C26415292005C6240C73F271E00F1F7F1D738F3912E3A4B51D2CB6AE50DA539093D524162A325A529D80A69E75636779CC8C039C81807C74414AA147854B421524BCEA02B72D4B3C71F63E00EB68A4E66B36E1AED6E4B871DE49202CF702BCAB8F19FF00BFB7532245A287C2CC6ECAF19C21448527F5FBFF00D7AAF4BCF98EA8B190438AE4AC242BC79F9E38E73D753F5186EB8E454CDEF49854D135C0B4291F84A7DB8E5CF90005BAD24E4E4F701E79C50EB8DB290A59004819F324003EA4803E75F3295B861224E4FD064FE3357BA4F263693EA22B56A35229B535344161A90B7076F6AB705023849F09E411827EF9EAFAC6F5155A66FAAA566F0D37812D551602189422B4DBED9272D8514B69EF340ED3DA3ED212078F21316ACFD41B729EFAF7325B1BCC720A520F94A8E4791F3F1C7EBD15E893F79C5BA604CA3DB4D4FA8445A154F8AFBB90FF006C950DE4F094848C95678C79E3A92938A2DA5488AD1DE9AACBB8AE792FC3AF5CC4D5E9929A7EE15331551D2E3AE20A9A4F6D38483D929F727E703E39D262EAA55241B7535843751FA32EB31D4FA4294CA300AC2382719092738FD3ACF9A777AD1B4AA339AD1AB175487AA97F55A2C3A6D0E96FA65371C6D5769B42D21217ECEE3A544ED4242802A3CAAB7D6F6B04AD23BEF4FF005368D0FEA2139321B75179B5952D74F7D6AEE9424633B9B39E7F43F1D28793617376DB4A00AD440F948511F7DA7ED4D5976F19654A04ED009FB100FDA4530B57B576D4A45A6F3D5E99210DC68CE992EC460BAB693B80DCB190ADB9C00478F27039EBCF0D50B129D54D64AF5D945A83A1C9320154C6C0412E0037A928180A51F6E558F39F9CF55BEA77D474BB9B5C273BA4D79D52353DC676992CCA521971B394B85483F6DC3DA3CE543E4F50215D95AAC5063532830541D380E4B71A1EF49070900602413FD5F39F8E9806D30129100505ED15B8A94649A786945FB51AFDBD369751C2DC82F8693276109909C633FAE3EE3ABC76A2CA5F2D32EED4EEE77024F8E00CF4BFD349EB62DB66231250B720831E6A583BFB0F37C2DA563385A738293C838CF455124B8E2AB8E2E04A759A0D56553EA5362D3DD911987985202F7BCDA4A503DE9E1441F3F033D0AFDEE9B6494ADF75280A12092003C704E3B1F7AB10C5DBE4A5B41511D0049EFAE7A356C1C529C2E25D5367F314A8609C7F2FFF009D426A3CA92A53C63ACA89CF6D440E3391F03AE9D43B899D39A7C2A9DCB4CA943972EB70E954EA44BA7BB1644F7A42F6ED692F2525496DB0B754AFCA03646772923A9CAAB4788B4A1F2B5A028771C676E4A4123DA1581E3EE79FBF53B5D4B4EBF69C5DAAC3A947253EF0989804614608C09F2E6AA7EDEEAD9480F24A0AB89C771267207A9C54C8F462594CC7AB139E5A37F7D2EBA5414E288529472395F2381848C9C007AEAFA08FF691FE377FD7AE778DD0F4B6D875847D33288E130DA7C80E3E90905C71291B41CAB014E04ECCF0952B9C0DFEF77BFB64AFFE9FFAF4ABC137A8D4B462F22DC309DEB010900080A20120409FFEBD41A275F42EDEFF0062DD2E1DA9249326604FD3CBD2284DFED4CCC95D3D087F38C80084FEA013FCFAE2B7D5B131CBA81ED254E288093FCF1F3D744D9CE3895FE1A1212A57094F9C2B1D4782B5BC30B59FCE7C1F1E7FD3AD59039ACEAD666A2D529550B9A3CCB2EDDFDE4F545F86B7DA34188F3F25B083B82D296D3C7B9238246E008E4671069371D728B1645567697B74E7A6531FA7C3443D336A2989316FB4BED21992D283CB506565C71E754949561B4952371F973BC12B752E214B418EB794CFD4BA86D4A6C129DC842C2558E71B81C64E31D73B4E6CCA25E144914094B80E3353B0A2F762612B71B9EDBB2A5052FF0032B73807CE025213E320F1FF00EA2B4EA6EDB71D436B012A29906613B2771920FBCAC0DB11333315BEF083A855AADB42963299C88255BB8118C01992678A29B5EDF955D5CFAC5CD4FB9A5110D31A54FAA53644568A17ED2DA50A65A006F525216A4A54720246DC67A6D998E5B94E6662DD96F314E72A8E477A2D1632D084412FA23A5C79652EB44165B0A2D850231BD4A2E91D48B528D428F6FD32A71E8AC21F2C367B80AC9DC500EEE55C9FD4F3FF003EA9E259F43B8B479FD41AAC7EE4D727AA3EC09484042E74E2AC1C6FE4F38DDB49F20F466B7A494DB69D6572A495970A52A4361220A7B4EE812A824A63201099151D3EF4AFF5770C0504848241592793C18CC7001EA73477A30F576A146B064C08F54699A4414844B8C23AD89EB6E8AE6F53BB76AD082A2B292ADD973C040E7A76FED04A0AEAD6946BA93457EA30E92969C5428B1D6B75B65A48FC44040DC43632A52402BDA1580467095F4FBA79429BE9897AE897643158A6546BB15961852531DC6D121E8F8713B772F2DA00C6EC0C9DA1393D69EB1EF6AB55E5D6932DA642225350F36D23784A94E3892A27DD9F2A278C727A55E08D4ACADB5C72DDB6E7639CC0409405254A81324EE39244F260D31D6ECDF76CFDA2D512888E70A3B80931E43AFC579A1AAD6353ACA95485B331E43ED536A45D05B23F185C422639F9DAAC81F723F974FBFE02BCE15F17CDA76658F1D0ED12EB8A8A64985A734E77B515E989521B0A79CDAF9534FA17DC5FB10A09537F90A7AA4B9E4CCD47D63A7DB9754843B1AA14EAB3F52EC4465A54B312BEDB8C256A420109495F3B7695ED49515119EA937A2BBAD51552614244862299E270A6B0E3EA5375FAA21B6F7B885108484F0138233E7C604D6DAD46F90CDBDE949595DC70244A5415DA78DC95018CA4E7922BCB05DBB1BDC6370012DFCF38E8F91FBD1368DBD47ACDA53EE0B59C98DD2EA35C9F3299F54C36DCA9095B84ADD7D08F621E5BC1E2A4A3DA06D03AB6B9ACEAB52AE4D4E6E8544A6578D5DEBE258102EB6199437A52188E1A42CB8ADC7BE16A58406CA52BE4F1D53E8F3A25D8613DA434954EA86D4B430100CD7C719CF8EBAE7484D6B48753EF79B0A309D58A55DB36616A3A509EF7D3496828003FAA8079CE4939C838EB41E20D2DFBCF0FDB3CD2F62116CB2476AF75A21388C60CF5C0DA448A5DA75E218D61E6D49DC54F2409EB2B13F31FE641A917F5A752B591A474BAE5AAED1242EFD9663D337BAEB286851DE2F2B2EAD7874388424A8EC2E90A56DCA4F4553A2264BFBBBF2167280D34DE064F20F03FE5D08A2D4A044B02834FA4D323C1448954879D5428CDB6BEE3212F216141390AE1682AF25B79D4670B3D5E4F90EB52708510378E01FD33D6C3C2FA45C68D68F34E2C294A595C8044EE4A7904A88C83FF00B2A799E867B5BD45ABF71A5252404A76C63A528E223CFCA8A2EDB1235AF4E8CF45101B4C68CB9952958ED29D5ADF53281DC5A93DF3949010941DBC90B583C0AFD627FACF7F97D5CEA3DAD43A03D4A8F4C85B14BA0B12DC794B2A529C756B07C9C24009C0DA01E4E49CF421BDFF00ED2EFF008CF51F067EA97A26F79E2E4ADC8253B4FC6A0411B943E2DDB622130231546B61B45F6D4A36FBA9C0323E111D0EA27D64D7FFD9, '2018-01-02 15:10:41');
INSERT INTO `movie` VALUES ('5', '妖猫传', '陈凯歌', '黄轩,染谷将太,张雨绮,秦昊', '史诗,奇幻,爱情', '汉语普通话', '129', '电影《妖猫传》讲述了盛唐时期一段奇幻的凄美史诗。癫狂诗人白乐天与仰慕大唐风采的僧人空海相遇长安，却意外触发了横跨三十年、有关王朝兴衰的惊天之秘，随着各色人物一一登场、大唐繁盛绚烂与时代隐痛一一揭开，一个被历史纷乱掩盖的真相也将浮出水面。', '41.00', 0xFFD8FFE000104A46494600010101000100010000FFDB0043000504040404030504040406050506080D0808070708100B0C090D131014131210121214171D1914161C1612121A231A1C1E1F212121141924272420261D202120FFDB0043010506060807080F08080F201512152020202020202020202020202020202020202020202020202020202020202020202020202020202020202020202020202020FFC0001108008C007903011100021101031101FFC4001C0000030100030101000000000000000000050607040203080100FFC4004010000103020502050204040305090000000102030405110006122131134107142251617181233291A1154252C11653B10833A2E1F017245462638292C2D1FFC4001B01000203010101000000000000000000000304010205000607FFC400311100020201040102040504020300000000010200110304122131411351226191A1327181B1F0051442D106C123E1F1FFDA000C03010002110311003F00F25B7A94F0009E6E7113A1381057316A7C216B093A401C5C9B0FAE285AA4D47C850DB84CC571B755D508FC4DB637E41BEFC6297702EFB4D4251DD6234842DA4856937BBA06FF0061DB13C91CC5DAAED672711E65E538082546FE93FDB16BA10445CD306036E496D3256433A815E9E6D7DFF6BE2ACD52CA967985AB5417A875D954E0FA1D420A568DFD45B55CA15C770391B5C6043286EA1F26038CD19C4F5447E9A5A494916B8E47CE241E650835073B1DE715756C9F81BE0A0C11599DF8002ACD2894F363CE2C1A46D9C530C03659D37EE4E3AE7013E2E28B148248F706D88265C5836274BB0E3888B43808469B0B0BE9F6B628D4042AB316BB8A7229CCC641BB6A7566FB93716F7C57718E0805E8EEAD2E16D1F85CF1B0DBB609BAA755C1DD25FF009C3F5C4D99D535C24A5560506E4DAE91CFB624C88722351D88E990CAD2A5A1EE990524155BB81C76E7E701E6EA4C7469AF32A1A492AFE6001DB6FF004C40312753736229EA5581C5F74A542D069E96D695A91AD20FA82938AB3712CAB0ED2E92F79F42A3C643AF20EA6DB5B7AD0AFAA3BE1777005B1A119C6AD74047CCC0AA5D7AA119F0AF2730B0886F32DB085255EA240428A4904126D6E78DAF85919B1837D18FE5DB948AEE674787686E0AA44DAA35156A1A90CBA9F5AB7EE0916DB9B5ED7C55B5344803A831A4E2C98B532051A330449CC14C868524B8DAE6BA1A0EA45FF2955893749D80C11333135B4C0B601577323D971E4474493D15C7D29752B0A0A4B893B828B7208DEF82AEA149DA3BFE7704D8187260B7A1214B2AD1A413B009C301E04ACE628E7CB177A8804A414201BA95BD88B0E08E77ED88F579AA96F4F8BB98A4529E6A9ABA82D9588A0949749005FDB12D9109D97CCE5461F1D71013B92EA94E58A8CDA1CA89016D8E9ADC6D5673E49E073DED8900910ACE545C48A8C5E8B8FB4129E932B2401C137B1FF5C4030E206E80FE8FDF0493537D1A96F56111E2C68EA714B253648277DC8048E2F63CFB62B91F61B32A058943465D6264409970430E84E9091E9535F1F5F838107F680208336D26873612BCA97D0EC506E92A165816F6E39C7171DCA9524C668B4925490A6CDBB1E0628724918CC62874459B02DDBED819C90EB8A3751F28AE6DD4B9063B4DEC5C426E4FC0DC6047201F8A309858F53747A17F0E9C9545A9005B55F514FA907B7BEF8A6E57B10871B279846B4E479E56FBE74B6C364ACA922DC7A9413F2061518761BB8566DFC44FCBF4C9E9A2546A9518D4F94FD5A62DE79CA814AC33106CC96D445B4681C71BF189C8F7407B0FAF98C63C55C9E79FB40F96A14999471D4698891BCCBA5865A014DB4D9F5002DB589D561C61BB0A2FB3FBC4322DB574273721E874BA190149DC274DD24DF7BDF81627043C8AB8B11E44C02109331B89163E879D73400926D73B048F8FDF06407C9B826F6128548F0D154ECC34F9F32433212C2D2EAD9237FC9B0E2DB2FF0061868291236737255E32664CC54DF109CA5B531D8D42E8042D0C9B25D7163528AEDC9DC5AFD8628E4F886E1BE1928CCC64B6D86CC17E3C756C953AC8485ACEE6DF5B1FD0E04AE1CDCB0C7B0456D09FEB4FE9834E8E5E185463D398949742807D4D80B52825085A6F6B920EC6F6F8FBE059F17A86AEA42B6D13D170FC1294ED0D55B8F584225CC5990222D3F8202B7B05722DEE6F7F8C41C2C1473228198E77873996919725D5E45356FF0041B528478CA0E3CBB0DB4A473736FEF807A6E65F68F333D0F244388F42763A9C913E3C3D75171DB874AD7B9EA0D440B122C2DB01B13807AAEDB81EBF6A8F3E2C6146DEE3A46A739A6E94851038FED81FA8AA2CCA0427A9A2AACBB161A1A91547E14497A59FC0094A9B59372A2A246D61629DEFB604ED64111BC4BC1116B2CD41AA978813696996508658D2C36B70153D6E4ABDD5DED8AE053763A919DD7F0F98D39AE1BB4DCA55296CB6B7A4F44B6C36D20AD6B715E948091B9DCFED86D8F15EF1651CDFB490448555CB7E1C42854D951A73EA69489D4D0557654E2D44290410411AB4F74DF15C884E5B6E8F47FE8CBE3CA062A5EC76257A8D43451E894FA5AD21262B490481FCF6DFF72ADFE7162A0926079F33A6AAD52E0B4C2E63ECB09755D06CBEB080A51B9B7FCCEC3B9C51C859DB6E2E34C53E9D98A24E72328B4C3C1C5201D5703DB8DC1C3389C822E2ACA23F42CD5499EF970490879E5690D383F101FA7B7CE340386941233E32D19F773047AB17DC4419284B2F2508BF4DC02C166FD88091F6FA602FDDCB550B1269E20E607AAB219A6AE9A4748A1D43C83BB9E920A4A6DC051363B7CDF6C070E3D86C492770B93FFE1123FA3FE3186374AEE11E321EB8EE4AA73ECA34B603C92B45CAB700A4FB81B6D8164E7E213819EA8CA1569EED1E3B15371A6224601A1A4F3B5C23DB501CFB7DB123258A686000E44735C97243CA53329B669D1D177944585F91EA3B5AD7B9E38C0C927A3C438DAA39EE01A7C68CDD1AA33E9E030CC977AB1DF503A8B7B5B9DC249BDBE08C05E829AE24AF73AE2C8951D876536EA02DA49583B5B6DF19F5CD88CF43987511C54A96D0A814BA5D405AC81A7722F704716BE2CAA5B86E60F7572389E5972553E8BE2148722541EF2709E52BCC03EB490A3EABF27FBE3D561D204D3D5733C16AF5CCFAC26F8BE23578879FE5D4E3D3DA8EE3D1E2864381F64D91254AB8BFD2D6B7B1BE31571139086F1C4F5A33DE1561E45C9AC5CD0B3183CEAD2F498F2149D4B3A8AD052352543BA4F0477D5879F10ADB164737772DF9033B49AD6519932B0C16C539D2D0777575506E520772A4A6C09EFB1E6F8CCD4118180EEFA9A9A753985FB44F7A448F10331B925DEA37488EA2D9036BA6FB349F93CA8FF6030116396EE4BF1C08CD5BA951E946142735992E0094331D1AAC3802D89473750652C5C46CE348CCF5862AAD65A9D1E3A29CD0321A055E61F5AAE421161E90122E5571ED86972AA7E295C580E4B222865CCD59B59A23F48A856DB9B19801A5C4A9C7EA06D4A27643A48B580BFA943E98781079AE254E3F04F3146A94EAC3539F975061CFC65EA42DA782DB22F602E09B01FA5B1DB408A16F133757FF0051381D48DD1A326B7319CC91DEA9C84332A1968AB5D94DC84AD2BD3A95DAC5294FCEDDED71E57DBD086500CBFE62A2B88A15269F12598F31994EBE5EDC24FA7D6A57C58FFD5F10EB6A258194590EC5453A9F0DF085466103532E8252EAC0162A1DEDCDB8B9EF89282A84BAF3CB438C498D52A417982D3DD64DCB6774B82DC7C7D7B620E3E2A1438B8AB508D22253E6B4E455B3D461CD08708B90526DC1B632F22142418EA3061C4ED9D5D8F4EC86D3EEADBF30E45421B6D4765A8A47ED8670217EA27A8C8138F2678F734CB299F3929D48724A5F746ADAFE92A26DDBFE78F5787287C02BD88FA4F0F9F4C53564B74483F5333BF35E6A3D129920C862A0E41687975DDB527D164921761B91DF6B0C64A9018B7CE7A838CED0A3C4EB90EB54A59A7B71195CE7140B8E7512F2506DB9491E927724DB6BDBDB0F6D0798A6E226BA06765D12A91624D4B8ED22A125266A50B2959424E9F491DECAFDB0A6AB4CB98863D88DE9750D88151E67A1F313F96B26E58F3D4D950DB6D093D08A1CD45C51DCDB937DEE6FFAE314A339A58F9655E5CC1D93FC34CDB5E12333D5672A9531F485C1713A5D4D8EE090362923D8DEC76C1B1E20A28CBE560DC08DD48F0D64C06E7552BF5A544A84A1A4B71561685240FE6052011B5C0EDEF82BE342B460F0B3236E588B9E6AD15AF3546629F1A64291A10E325BD25B5E94A4A90A4D893B03627DF7E3174C9CD4264C64ADC9766DC95FE06CAEF062B4EC98F294AE93321A1F86751B04DB8E09B1FD3638BAE5DE6A6695E6E493548F75FEA30C509D4231439522B5564A52FBC82F686D010AB0427502013B5C03BFDB027152CBC0A9E8E66A0E4DA64561F96B7561C424906E54DA142E3FF7117FB0C28CFC0061D47994EA5308AA36992FAD5D34957A49EFDB040D726A6132D516AEA695215162B6DB891A2C80370756DDC006DF5C5C350A9520DDC52A95627233543831DF7E6C6761A90B9124DDC7002A52D4B22C2E91C7B0C25A85F30F89C8352639B732486EB111E7AA89792A5A52D27F2A59096EFA143B9BD89B586C3938771B16D27C0B5D0FCE643281AEA66BB04FE5CF024E33457C661CF287DB73536DD3CB6406F4202834756903B5CDAF87F4189B12957EF9FDA27FD4B2A6551910791FBCE54FCB5996A7909ACC30E5C79B0E33CA2F455FA9D1A0DCA94B50E2C78D57B76C67BE4C78F502C733774F8DF2E9CF3C7304EB7511D735F167E4ECD83C807936C6C7CCCC9F34261A9AC3150A7347D41B00A80ED737FF00EB8A3FB4B2F44CA6E4ACC952FF0010C7F2548A555E43C43423D48DC1D6A014948BD8ACEC3BDAE7DB0A2E20B64C2AB926A7B52B3558B96E80D88CDB2CB894A5B619D364B600F61B580FB600C40E66828B93B915B9754475C82B53D700DEE46F6B7B0E30AFE230A5CAFC2A24833236EB0D2EA0CE9762B0FA5B79D1721B2A5D8A8DB7DBFF00CC4AA1BA8CBE650BB848F676AF4BAC55D6F3925E7DB40D0C6BDB4A2E6C00EDC9F9DF0D6350266355F1D44BEB9FF247EA70C54A7119B2C55188710A9B4A0292753AA75565016DADF18138B3388B12D1E1A54A7D596ED4A736DC684C1D0D205EEE9E4A89F602DC0B1BE12CCA148AEE171CB250AA6DCB82F54236B763C95131EC081D31E907EE4138AF46A13C5CEC9521A43EA7E425296C581237D22D6DFEF8164CC2E8432A1AB32439E23D6E1B122A74B79D6CA1A2D3610BD2742F6500AB1B2AD7E45B1CADEA706528277208AEA28BD0732D51E43B1961F6D2B09756544D8A576DC0D26F7DF7F6C6A2E5280045B07F9C44DB489918E4BA6AAFBF91343ECF46B7224B6E075AD0E252E207E1F4CA2E9B1BF246F8734B9BD563C57131F5DA73870AA137C8E61CF0FAB15AA5437DE89293FC39E702171DD4871B5A8277253F42076BFDB191AF2B6BEF3DA7FC7346732E56CBF807EF3226993665615E4E992E7A81D4CC68882EAC8EC2DD80F738D25CE3D2195CD4C6D4E8C26A9F4F8B900F1F9788A2572A7575454D284842CA14C94D94950F4E923DF6FF005C115B77C516C98C25289EC2F037C305E59659CD15D607F145A2F19A58DD9046EB23FA883B7B5EFDF1999F59676AF51CC3A6A1B9A52B31C24CCF53AE129D3629F71ED8CE7CECC798EAE300451AC424650C872E479B0ECA8A873A214D29C4A56776D240E48B8B9D86D875011F9CA6461CB8E242B3455E7C58B548B391538CA90F090B82F2C1D4E94055D5A40D5C820F001E2FBE0A393512310AB996E7C6A345A8CB7815CB4EB09411609B0B71CF3F4C157229343C4AD11DC52F22BF73FAE0D73A32E499B0197DCA7AA2BF25721C6AE96100AD4DA52BD605F607707DCF6DF0A67463C8F9CBA11D4DD4ECCF5132AA34D69E7BC9CB91D549FF0076B41BEC363B7C8C5FD300027B1284995CF0EABD53612ED3DC9331B8896D2E30CA2CE0B1D892791DB6E3DC602C00E44B2DF52C54FA8D3DC8C5D7E5A34587A9C4E9D5EE2C7DB18CC4DF53514F1CC4CF119C6E1E5D71E8CB4C880E2D296D4DDBD04AAFA3E37DEF87307C64AF515CE7680D57127C3FA4D062D72A19B654265994B5A1C75731AF32024920D81FCA15B1D5DB8C5B33B2B7A57604774C8AF8464AA2449E57B2BD720395F9EEE5D7E9F026C85BB11A6DA250949D4404DB7037B0040E71A5A1D4636C800604D1BE679FFEA9832EC0769ADC3C4C397E3B948C90A616F69756E872CA4F0EDC0B0FA01BFD063373E4F5735F813E8BA0D38D1E9C01DB55FEA79FB711932B6667297E214A7CADFA7536BD0C460DC45A507A89D36425441D0145278F703E70C152DA615FE373CE6A57D0D732B7F9010B64DA3D12ABE312AB12551E3531535C2D87CDD4FAC0B247CEE373C5CF37C28352D87191F29D9B4A7210C0581C99EA8726A5B46F22C473E938C86D5112C31DF889953CD0559A63D3524142960297655EC773B01FBE1FC24363F50C0B921F68817C4CCC2B6296EC55174C479C49416B7BAEF7F577DAD8DA65268A9E220E6968C8566090FBF2552EACB94FA9E3705C5925CDED7BF702DC5F7B5B1702FA8B92606AE54299FE1B60472990EA560175718A1F42373A09E027D929F73EF88446DC49905855446FE2CCFB0C1F6C89B28D53628136254800E5C13607D4311910B0A92A670696DBF25E9FD627A8F2968593EA37249BFEB88EB8935E65472255988753652F32A297DB559D42AE106F720FB9D87EA309EA5495B061711A6E6562554A11A3AE4B053F86E0095388D5EAF7F8B7B77B63313192D4638CDC713F643A2B79962D4A757DE331A61E2944777665B752492B001B11629B5F8DF0C850ADB578E25116E9DB9E67DCC0C52A2D6205659704828D71DD798243295100A52A24D964DF6E77F9185B55B9319DBD99B7A4D99B2056E2A0C99572FA8A5C512923704ECADF188963913D3369D42D48CD79C764D7AA2F3A94E9F327A6864048D3626C13DF62917C7A0C7F847E502D498D7D33638FE7D6744488A90B4C2A9C7490855CB6B174A0DAC2E3BFFA60A73944210F733355A5C7AACD8F27B0A3F5E3FEE12A86616215718831C871D08095BB71F9ADF912380058D8E1718CE442E617D518F20C43B94BC999DE75469DE4A74E78CB880488F770FA9B207A6E79D24FE870865C546875337569B1B781C1E67619B264D74D435B61E4AFA89494D9208E2E38C369F0E3D9320F2DBA64CC95E91570A8723A052DAC38A2DA0804D8DB74DC9C35A75D82C132994EEE2A2BC996154D7E0D4E5A5D62326E5248514580D201FD2D8D04ABDC0447292005B923AB2D0A9AE796734385440B0BDFDB6E3EF8694FBC1982BC954BFA1AFDB07DA653709AE9740975277A48D0D9E9EA0A74909248F4A458724EDFBF00E0191F68B308BCF53E2597E14C5C375B482CA8A15616B906C77C47045CB5C7DA287188ECCB689D6D02549E79EF6EFB0C2EDCF1247BC774E69A6498E886EB8A69646CDA812906DCA6DBDF0AFA654F10A5F8E614859FA051B2DCCCBB090FA2A52DB5A23A5B09D96526CB5151B7E6D8F385F633642FE389AFA3C5EA623E2A055D033BD672752A5CB8B26A72DC96E48696B5217A59286D29BEF64A6E142DB5BDB047009F61535136600EA3BE3EBFFC9ADE545A6D5654091557670830D6EDCA12438F84821A4AC7E6009B13C9F7BDF0BAE9B1FE33C4164D6E6F4CD1EA2ED628F0535C9CD542A2EC694D328758790CF510EABA636DB8E0DFE7043917B1CFEB0A72B8D2A575F7BF363F6F9442A4CEAA30F0953B5A829242503724DEFF006E30C65C6846D491A57C941CF20F81C99C25A2554ABAC34C86A13D29D4D9D79410941246E547F5DBF7C763DA89CF20416A9CEFB1C1EE32D25BABC5F1118A54094CCE2DBAA415B08213D304A4AAE4F16C2ECA8D8B7F505A8CACEBB49EE54E6D226A059E0827FA8617C6EBE2663E071DC0F2A32E1457DC5E952080836DB922F8D1C4C2E23994815727F57AA1851DE62232D06DE5E9040D4A249EE4EC3B5B0F8A22CC540E664A865D5418EC372D685CC904E92CA54AD1B903D46D7BE93C7B627164079123271067F0E9BFE7A70C7A9F281DE27447AB48A7C588ED2E52C3C5414EAB40295E9FCA9503DACA56DEC4E2AE8AE29A19491D4C255E62F25282095937276D4A3726DDB73819041A840633521D79735202FD0850049DF51DAFB607B649328358CAD4639410A84046ABC621E13493A9C201F4ABD87D06C40C2AD64927A9757AE24D2A1225556436E28A04C6925BBEB054523827E3BE210ECEFA9A1A5CFE85C68757325E5C4D11C7E5C88D1565D585A93F877480059201201B9DEFB103B6177CA50EE511EC1ABC79198E61DFEF33D0E5AE455996DE0D32186AEB696901205B9B76DBB7D708EB1986361C9BEAA5B4DA81CABF2288FF0053D0148A054E4E5262A1127C34462C29C4A1653AC81ABDF7BF36DFBA7E31E45B0646B62BC429CF8C36DE644F30A29086A33CD84A14AD45B4211605CBD8DC5AFAAF60558DFD166CEA4AB7207BFB7CBFD457381DA1A813C8C2726227D4A4489738CA6DB6DA4B890A6CDF6173B5AF6DF603DB1B472B3709C0AF3154620F88466C9397F3AAA13B1624191D148548A7C9EBB6FAD237D4E102CAB9076DB7C7635DF8F75D8F622BE92BA8770C2FED1AD19AA99268715B992E4AE5DAEE249494837FEABFDF8C1530F900451F3D8A24CE1579717C834D14909708536D2140AD608FCDF1B60C88DDC54B7326D5B6E0B1256E2E58BD810C81752BB824761C7386D2EB995DDED32D5B354CA841720B45D774B69419212127BFC5F7B9EE3F618B2A006E45126DA2B5E5FF00E21CFF00E470596A994C9B3696413A46E7E704949A99594256874AC2176208E09F6C411E658462A2CF722CA0B50BA42C286FDF03612E254A85318CC759A6D0D888EC9F38FB6D3A86D653A13C9593D80B0EFBF18473A918C910D8B6EF1707F8812D15ECE935C872D32171D64EA5A50CF4D3BFA4148DC0040DF7F49BEE71958ED06EAEFF0079A7936BB842628B1549F065F4A430645D606B6D07F0EE2FA45B73C8C32EA00E0D45760BB221080C52E54C35365092EAD1A1C1D45029036E2FC1FA63335197285F4CC7F1E05FC60CA5379A2BADC66C226472128094071B04A81FE6BF73EC71E68E971126C1FAC7C27CE27D45F8ADCD321C485C9D454B70AF5292A56E49F9DFDB1AB855D9768EA03222D98251264C79EDA625006B7DDBB0EBA6FF008974E9245CF7527E4DED8D7420A596B23DBB99AC84301D094CACF85D982B10DFAB55BC9B4929F304BEFEB4B6951D4A47A45C7A8FDB8B9C5B4F9863F888E25B53BB20DAA6AA4AA6C1450A1AE534F7945A565063BAB4B81D236BB69E4FD7F7C69AE44C84043FCF9C43FB7CBB77B0E2027F304F7255BA8E8781E9B9B695023B1F6230EA015C4032D1E66B8343665B62654A586A3826E8411D455BEBC7EF8AB64A3404802F9836AF3A9CD33E4E18D1190A2A4802E493DC9EF8B80DE640117BCE2FFF0037E98B4B4E86623EFA4F4D3F626D8B9603B95DB70818CEC24A45423BADB44FE702E2FDAC46D7C40753D193B08EE6F2A438A604690D299715A4ADC494968FBA80B9B6DDAF81B9A058CBAA1620030A572ACE40CB748A3427D4971D4EA9A59569EA38544EE7626C2D6EC36EF7C461DAD790FE917756F50A9F11999CBB98EB90199558799A7C95C64B91565090ECA4A895751CB1B9B7F5117DC632F51A9C389BE017CF33431E1CCC017FD208142CC0BAA84171097DA70AB5A1770A26C4951B5FB77C0DF5380E324F46180CBB96FC7509C1A1C79759526090E0EA3A84950D36B28D9453BF3BFBF18CACFA838D3E2EB89A78D6C8328D4FCAF594D3C25810FA5A4129D0085DBB9DB7FF00AE31E7726B3097B3771AA00544EAC521311F624484A4A2CA5A96C8BA076DED6DC93618D6D3E72E0AAFDFB8260019AB2257571B3F52A9D21C52035294A4A1CDD2936B28EFC7E54EFCFA70EB633B4641D44DA8BF32B19F737A9F76050D2E36DC75B897242F511AB7DBED6FED8690FA8B14C876B498B597F2CE63CBB5F5D61A3227C540F2F20AD49530828D40A5236B156D73F0310733E02367461F0A8CAA4378926911D5199442174AE32D68D4B212562E2C4A7B116B7CFDB1E8F1D95DC7CD4CBC840343C4E2966A3508FA7A2931D3E92BD5A6DF20E24B229F8BB940091C40B263311DE2B2F879401B20A6D73F6C10106410661F3127DFFE0C5A754DC16FA484A52A51276B0BDFF4C0A5AA108F3A4AE0A9A75287D09F4F41C0541773EDEFDF03651772EBD730852A9B49ACCE6D85C45C14B6A0B580F2AC6C6DA4EAE2E6C39180E77CA884AF26171AA161BB89B3C4D971CD569C88915017062882FA94D84ADB710A50E9AC586E1240FDAFB62DFD3C32E2F8C77CCA6B36B64F84F89A2899E4A22A65D5E1B93E5B51B407D5285C212748094585BB0EF85B51A5DCC429AB3ED397231A04F509FF008EA2B29763A61223A9E1A9E2EB977341DD42DEE45F19AFA22DCA9BF6E38B8D63CA13F14DAFE638B57CCF52ACD05A7502420B6D20A7D48BDAE481EDBDBEB847FB46C58530E6F1C98F0CE87958CAD67DCC31272160C66D28096CB0E21008013A74DC8B8DBE6FDF099D0E261D5CB7AE95517264FE8B11654C42D0CC57CA836A4F282527637E7D26DF5C358B172CABD91F7E641CA3B309C0A8D3F3678C311DA4D41984CD4651594DD2B71AF46AD56E2E2C76E38F9C1B4FA76C383D3C80F1E7C40FAC19B88473CC47E4CF9B018AD3CF3D1DF4C443EEB29495069095176E05B5294A00F6B0D80C38ACB86B88B943958C27931596D299D9873736854E8E5288D0D2EA7755822E946A1AAF7BDEC400471638E20E4B453F0D7D4F7F68C61C1B103FF959FD008B79C63C29932A136153E14D9515642C86D43AB6E4149B10A48DAC45FB7B6234D9B2E0C830E46F84F5F286CF831E4C5EA635E477F3938993643F18F55486576D01842740401C0B0E71B6A82F898E4F1003D15F6CA839B1FCC4ABD207DF078298BCAAFF00CC18B5CACE3A5608E9AD77E404DF9C58D489F50FB880AD22DC6A239C41172C0C354EAC4A87125B6D485B0B920A54526DAC6C2C7DC5AFB707026C60B29ABA94673C8BEE30CF79753CA4996FB881E5E6350E524A493A6D64A957F609D3B9BDADBE1A63438F3712C62DF9F139E5BC9753ADD02A55BA7A19546A40D4E30AFF0078F26C54B281C2B4A6C48F650C65E5650DB18F266B0048B1E23C65191264525729E6588542A6202244F92CA37B9BA5A4D87E238A3C2476DCD937C23971645F8548FBFF00B8442A7B993FC450FAD2264131521E783AE21F484FA813B1B0DC7D0E134C5A8E77893972E3421419A51096F354F30431226C9D6A56B1E98E91EB492A3C24215AC956C90460FE9B0AA079F945C64B1CD5CEB8AD32A5C992D2999F11A76CA792DAB41E6C48D3B5C5C8077E301C8B93A03ED2C3373F0F51BF2343A34DABAAAF0D6DB0C416945E53A1292A363A340B5CA95EAB0BF6C01573862B97A8F2952370EE14AE6567E6E417331467DA498EB76A12DB20DD414122C926D6200BFCDB0DED0E421824DC8778920A1458999DCCC30E4BCB6A5259288AA6D57006DB293DF7E6FDB8C19C369CAD7EB1EC2DBC354E8A3BD5ECA74D5373A98A71E9970DB0FAFF001B4692147473A6C0004DBF4C5750B8754C0A375D91D7CB9918D9F006045D9F7FAC48981C0F38C29AD1A566C95729DF8C6F20F8413319C8DC6A0F5B649DD57F7DF04A839C3A69FE938E9D3B5A74C75A8A36245AFDF1045C99DC2A09E8AD0F476DDD46FA95F987D0E2955D4EEE74C9D2B652A653604D8022D6DB12BDC13771F729D19FCE54C9F1E3CA0D4E6DBBBEDBCE74DA76C9B36AB9FE7B8161C9B1238388CCCA8BBCCA63DDBF6013D2346ABD1F2EF8314E94F4EA4E4D1528663322540522F24FA5D74A45CA92523623637049E00C528CD94F6DFEA6AEE016BA9D94DCBB91F31BEAC99588ADC1932E19F27160BEE36DF4F525C0E36D3C098CE3841B03B94A49E142E75DE1AFF9FF00B823553CEBE2165BA5E59CE8FD2E9F4AABB11586D1D58D5828EB25645D4353674A90762143B1C688362673BD35751DE3D1B3034DD368D52CB74EA48CC9252510664874ADC4A92A0872468505946A48D2DFA53B0F4ED85DF2016C0F50CAA58D5704FF002E542A597E346C872E933EA44299616B51801309942C3202494B66E522C365937BFCE31FD7BCA081F5E7CCD3F44FA4413E3F2F122F901322A75C1474A54A4CD6C7A12F8654A2821453AD40807495DAE0FB77C6967DA06EF68A69C305A3CCBB4B2C379565516B3D2814F612DC6714EB8E3E3A6BD93A941290542C0DD37B106F8CB504382BCC7988DA77444A7B39264AA465E768B162A88D2DC8533A56F24FF3DC8B907E7DF0D3863C9E62C996AC0928CDF95A6649AB352E9C5C6D0A702A3CB614560DBBDCEE9581DB8238C358DC3A9569566607719CE5E4E959AE6D76AF4894DC9710E97D31957EAC8046A5146D6279F4F7ED8631E508AA8D027E324893F7186B4D928B103EB7C392932F4C63A74CEEEC4FC0C413538733A028EB23B000E284CB42B0501D1D224800EB04720EC314268C191E65BBC15E8B354AB2150E3BC88F0BCDB61D6C2ACE215B2BEBBF3CFCE33B58CD4B47B3519D200C5891D457FF00B60CE53F35C9A9485539729C1D361C72136E984949360C1702BA64DC9246E4EE4EC30D7A2B89005905CB1B301B7986B34FAE8AFC7A8BC6A689064F9971656B53893A82944F26E37BE0806EEE75D2CBA7FB4554A548CAB912B574B535D42E4F51B162859436AF4F7B03C0C2BA4BDCE0C06AC584FCE49F2B66AACB55756709727F89D5DAAA435A9E9D777AA4A5F1EBDEE7EC45BB61B74046DF1170C5497BE6E12CC9E2F66ECCD11E8733F87C6656DA92B1162A505693B6924DCD801B5AD802E9B186DF5CCBB6A72326DBA07880F274B791981C9215671B65C28B129D0749B11622C476389CE06D8E69BA0259AA32A6BBE0BD76A93E7C9A8C87E7309FFBE3A5C4B402506C8078DFF5C238947ACAB5E230FCA9B92E91986AAB888D522E587D2B6D4058A6E9374DC76D86D874E35F53F483BFFC7FACE35CAED4A7426E03EF02C3812A5803757A86C7E3101006E207713DCD19325BECD12A5506D6448F34A5050ED60542DF7271D907352045CF1210D2EAC8AA2186D9912892F748694ACDD5EA238BEC38E70C6026AA737BC44B9C33293FFFD9, '2018-01-11 15:11:41');
INSERT INTO `movie` VALUES ('6', '机器之血', '张立嘉', '成龙,罗志祥,欧阳娜娜', '动作,喜剧', '汉语普通话', '110', '2007年，Dr.James在半岛军火商的支持下研究生化人。研究过程中，生化人安德烈发生基因突变大开杀戒，将半岛军火商杀害，并控制其组织，接管生化人的研究。Dr.James侥幸逃生，只好寻求警方的保护。特工林东（成龙 饰）不得以离开生命垂危的小女儿西西，接受证人保护任务... 十三年后，一本科幻小说《机器之血》的出版引出了黑衣生化人组织，神秘骇客李森（罗志祥 饰）（被杀害的半岛军火商的儿子），以及隐姓埋名的林东，三股力量都开始接近一个“普通”女孩Nancy（欧阳娜娜饰）的生活，想要得到她身上的秘密。而黑衣人幕后受伤隐藏多年的安德烈也再次出手，在多次缠斗之后终于抓走Nancy。林东和李森，不得不以身犯险一同前去解救，关键时刻却发现李森竟然是被杀害的半岛军火商的儿子，生化人的实验记录也落入了李森之手......', '40.00', 0xFFD8FFE000104A46494600010101000100010000FFDB004300080606070605080707070909080A0C140D0C0B0B0C1912130F141D1A1F1E1D1A1C1C20242E2720222C231C1C2837292C30313434341F27393D38323C2E333432FFDB0043010909090C0B0C180D0D1832211C213232323232323232323232323232323232323232323232323232323232323232323232323232323232323232323232323232FFC0001108008C007903011100021101031101FFC4001C0000030003010101000000000000000000040506020307010800FFC400421000020102040403050505060505000000010203041100051221061331412251611432718191071552A1C1235392B1D11633425493F017255562E143A2A3C2F1FFC400190100030101010000000000000000000000010203000405FFC4002A1100020202020104020104030000000000000102110321123141132251610432A1142391C14281F0FFDA000C03010002110311003F00E696BE3D53CF3CD3736C609B553707E5618C29579370C7B40A094C95BAEA629A7E5D2401DD111B4A9DC816621B736000C4E73EC78C6E8386551546770C705455D54648492414E4B87FF12851EF69BF6363F0DF09CBDB6171DD21DA70C46B5B14113D6C8FA19E68C53A978C8F741B369DF7B9BD8611CF41E0AE85F98F05C19D6774F96D2D63A00417A878BFBB16BBED7DC0B79E0F3A8DB0A5EEA44E66DC3751454997C902544F515C1F4C5ECFA4AA0728A7DE3EF5AE36E98753BB038A55B36E79F677264F94D5E62F9AA48600E446B0B0B8122C6A3ADC5D8BF5FC1DEFB4D4EDF4538D233CA7ECB6B335C829B337CC4426A237944260DC20E9E224004EC77DAC7D0E15E4A743285AB14F0AF067F68A96AEB7EF114D4F04A624BC25DA5223690DAC7AD9576DF76FA973E2E80A361907094751C6159920CCE3E4D0C52492D588FC3E08C330B5FB1B8BDFB5FD30FCFDB742F1DD583F14F0FD1E40281A973515EB59119D4884A5A3DB436E6FE2DF6DB61EB8319395DA038D79270DBB5BA61808F3963DE6D801D30063F6B4FDDE3598691C618036DF1739CC843BF4B118C6B327290359F6077DF01BA32D8DF26CEE3A3679A5A9A95874F2DF4137D17DAD63D01DED84953418DA638A7CD9AA6966AD49E512473163A253DD46D7BDFA61290DBB034E3BA98A76799A44240046B37B5FBEF8CE3132E5D87527155354CFAE3A87577B862CC6E7E7857135B5D9FB30CCDC6AA9E6C8E7631B1276F81C5209508EEC90AECE2BABB5A3D4D54C97BE86919875EE09FA60F15E10EBED824D5D9885548AA2AC4616DA798F603B0F86E76F5C070FA194BEC129E6ADA38744751510ABBDF42C8CA2FE7607F3F4C2F1F91B9047B64A8B32999F53AF889637753D413DFA0C117BD9AE469E420CAECEE1745DC926C36037F2C609AC2146BB6FB7418C13256A766265942803616249F4189CA4FC0F051FF9197B4D2FE07FE1C4EE657FB4328F58E98EF3CF3708DCA17B6C0DAFEB834EAC16AE8639365EB99CD5B4A68D2A26680321670854036D89EF737F5C73E574ECB6357A10F324825782440244728CB6DB6D8E0DDA038D31DF08A831554321FD982A6DF1FF00F30B20D94198F0AC35C89241CB0EA08D7E9E47CF08A5F26AAE805380EAAA248D1EAF4802CA2DEEFCB0DCD1B615C4D96FB3E514F0A39E68554D4075DBDEFCB0D076235BB24F2D85A29596495915B67641F4C74E34BC8B393AB8AD993C7306018DEDBDD8D8DBB604FBD05014B099A71B6CBDC624F6C74E901CF11D5702E7A6158E984050555D8AEA616B5EE76F4C0B31908E29C143A80B6C6DBDF0AF61E8F3D9F96547BADA45D506E7D7002B67EE51FDD3FD4636CC32854B580EA71D68E56318EA84997A51258AAC8647F08BEAE837F80FCF0795AA13854B91EAB7B04D0572282F0BEF772A2D6F31BF5FE7894E36A995C7269D8962267CC1A57D8CB26A2C7CEF7C2254349D8F72CA46A796B2351A8346181BF500FF00E719A0265065556FA02BB78461251194831738D35CB0D345CC7552C496DFE1F1C0E3AD85C81B89247972D8278D5B48206DD493DB0D0D3034DA25A3A376259EFAEFBEF8B2625197B1DDEC0312DB74B93E98CDA0A40D32A209D150F362D89705413E43CCE26E6875062B6A49588321D3E8A3A7E9F9E176C7A48C8D2A2106C176B02482C700C154F94BC53C72D533F29D0B0D4FA05BFF0038340BBE8D84432D4B7B3A5AC3482A2CA301A6C74F899FB1B7EF97180630C57D8DC0F3C749CA154B4D1D3DBF69A89BED6E8079E019EC22B523630C67F036A1E84FFBFA60197409EC201D2058DC60318654C1E10929DFAA9F5070ACC171DED64EFE580136C31C71AB05F0CC4DC393D0E030A3DAB96AAA601032A8506FA874BF98C64906D810A714B03CB2B59145D9BCB06C14679226519A34FF00794AF4E50FEC019C22DFF1311BEDE43AE3933CF2AAE2B476FE3E3C6EEDEC052929AA669599E69210C42806C42F661BFE587A714BE4116A6DDF46D93209C544C8A56686150EC5365753D6D7EF868E44D2BD02785A6EB742F7894226948C11D438DD8799FE83144ED9294696FB3D314F99D4021598AD86AB7C800061AAF427439CDB856AF28E1B4CCAA248E1677D094D625FA9B927B1DBA606ADAF8131E6864AE3E7FD121CC7F36FAE14B0DE38CC62C483E78E8B394DEAD13269626F7C6087C30A5402105C5AC4B7960366A378CBDB5DD54900F9611B19237FB1968B4D88B6059A8CE0A231C7FB40557B1C06C651639A3CA64A9DA3803A917663D00EE49ED894F2A8AB6CB430CA6E900672D95E53A55E5334D6FEEA26B803D4FE989C734A7A82FF00274BFC58C15E57FF004889CE2AEAB38652A8B1D3A0B2C4BEEADBBDFBB1C5611E3FB3B6427252FD552025A064D1A975580245BBF7C52898652C3531303196436B5EFDB01A5D319369DA1CC75B288A55653AA45F1329B5DBCF0AA35A434A6DEDF606B14B5722C2514151732374551D49C3E90B4E4E8D82A9A3622903C291B7824BD98FFDDF1FE5829D7609454B4BA34E799D66B9A53A7B6563C8B180112C140B0B76C0E4BA42430A86D22679AFFF0077D300729628253EEC6E7D6D8B9CE37A2A099C006126C7E785724148A5A2CA03C443416F236DC62329948C06B4B91A460B870AA3AB136B6272C83C7198CD4F0430B4A1E395D402013606FEB81C86E024A8CEE09EAC51D84AA08173E1507CBD702EB63C636F63BA091A7A76669F44513D9B51D11A9BF4B77FCF1CF29C53AF276431B6ADF429CEB2ACBE904FC921B9F7266952ECB76BDD41E837F2BE298D4A5B7FE0129C57B7F912CD4F408B1C148649D97DE77274A907FC37ED8E9C6A4EDC951CD95C12493B62E35F9589DD26AE8D5C5C6AB12B7F2B8C3B925D1056FB326D0815AEA51C5D4837046174FA33D766118692711C685D9F6000C31BB748A5FBBA863692363CCA682159666BE9134848017E02E76EE7129F28AE4F4522E32F6C77FEC13368E82A22F657A55A2AB640D4EE8A14313D1588246FD05ED88C32DBD3B2B3C528ADA39CD7C2C3791DEC7CCE2CDAF04927E406EBFBE7FA9FE985B61E28B6A3CC6A206169361D8EF8EB691C650D3672EDA4AA8BF7DBAE26E2874CA5A0CCDE4D2BC8D57E961D71194522B177A34E61C4D04AC9431504D50D7B948DB4A1F30DD49B7D31CB924E2B95D1DD8B12969AB2673092B738630C5222D328BAC3029283F53F138CA55B97F219C1B7C63E3E0D306452B02473483E337EE0799C153BE80B1A5B651D5578972C148AEB0AC44372E223DE3B93E670F0C4AF93EC13C9E1684B559CE8D48C15EE2D773BE3AA313965215D6D5134323106EEE14841DB7270D2D226B6C032FE089AA29AA335AE3EC543146CE259FC26437E8063932655D436CEBC585BDCF48DDC31457A99E064939052E8585BC43B7F09FCB0F8A76E9F64F363A5C97456536510454EE4A5D9CF89C9372BF840ED73D4FC317F36736EA91ED5E6664CA2972A872F5849945DBF11B822FE9703E57C2E4873BB6531CB857C81714E691D4E415F954090D3D540510D390434450EA2357422E3C3E771D31C10C6D4D59E8E4CB19637C4879A920AFA38B305918897DF42D7B3F703D3CBE38E94F74713EB9017DD72FF00947FE218613914D0D0A822E6DF2C7559CD452E5F4308D3FE26C4A5228A254D123C514B32CE8851752C4AB7663E45BB63972BD1D5863EE04AE064D3ECF471286FEF82CB6E693BEE4755F426D8E558F7CE676FA97ED86C065CF9727C9EAA6A7CB9525727425ACAC6DDFB9F8619C54A5B039B8AA4739A6E3ACE79AC6B390C26D6C974D1A763D2D6DB17492D1CDCA5D9D032CA5CB739CB62ABA342EAE05C8EA1BC8E298E7685921853F0E426523D9109F2B5CFE78AF3FB26E214DC10F5914C1D9216B6A888DECE3DDC09E44E3408C6A567A725A383DB2AA657F6A716951997C1D2F62481B100E3CD727FAB3D48A5FB2F24F479F4349531D757C411555E1658770E545C328E86E091E5E58AE25592897E46F13B12D57DA565E2A1572FA633C2CCA497050DBB8F438F416CF37A1956F144432BF6D823A9CB24E5F3031401AC46DA1BBDEE0DFCBCAF88CB26F8AD9658DF1E6F5FFBF92464AE83397A4ACA9CE615AE034C8E6262ED6E80AAEEC47E2F8795F1456481B2E8D6873C9E09231A1C73220DB86EF71E60FEB8964B5A290D95BF7C4BFE53FF008F1CDC3ECA59B968CC6F7D24E3D052B39DC28614EB29364420633AF20A66F6E2BA2E1EAA8E2AA9396ED6BD949B7C7119454B4523271D9479166996F11191A8DD2658CDC800EDF2388CA29168CDBE88EFB5CCAF325AECA9E8A298C2E85418D7C2AE0F42474BDEFF002C22A5B1B72D1232705E759824CF571BD3454A87C722DB530EDF5C0F552E8A7A0DF65470C715649C05C154F156C53546653B348B4EA2C4F41724ECAB7FE470F1B937F04A694297934D57DAE66D4D52D2D350D1F2D8F8602B7EBDCB0DCE29C49F2650645F6B94F99C331AFCB1E84C4BBCC1F544CDF86E6C413E5BE0C60DBA1252A20339E38CD0F11D655D0D584591C1318B4886C2DD3169E0C73493F00C59A70BA64F671C519BE755D0D4564AB6A6606348631185B6F7B6F85C78638F686C99A5934C430C727399CECD62DE57C345311B282B21ADCC32AA6969F2F7869101DD4B947703AF889B1B03F9E02853726C32C9C928A15A51542C5CFB3278AC36B104117D8E0B6BE414C7D96D2CD3E59EDD3560E6D24A156395FDE8C8DC29F304F4F2389CE5618AA08E7C5FBC1FC585A18EC832842F7D37F96114CE870561D0651A5752A01BF7C6F501C11CCB3DE0DCD335CEF320EACB522AD1694B2931F2C824B311D0580B1F304603CCA2C0B0B9A36FD9C6515192F1C518A9A9BD4BC951034287C25163B8707B827CFF004C6964E6B40F4BD3EFB3B7D7D3FB5513C4A4092D753E4474C41AE4A87C7271959C8332CF65872834755570CD3CB2B0B09831637DC9B5828ED6B0C2B8ECEBE6ABB2073D816AABE2335E72212891293E1DC91A48F53B0F963B3F1E369B7D1C3F9125CA97610328AEC96996BA4A6916B4BAD3C0A46D0CAD7B927A16502C2DD18DFB0C6538C9D458B2C728AB9201CDAA2920A2A7A2A41FB48534CB2D986B37B93BF417FE409C7545714733DB11C61A6B5AFAAF63716C15B333772A3E593239045C30F960D2A36EC07987C373B816BFF2FE98409D2B268A49383B2FA7D3ACD448C225EF7B3803E648C197EA22FDF44C57544F55552EB2D2D46A62C3A96F3F8E39D452548E8727276CF6189A4E1DE7296119A9109DB60C57C047CEE306B42DEC5BF75E69FE4AA7E870B686A3E87E2519953E5E334C9AB008E98112C3CBD5AF71BEE3B639E125D33A322927A1870B663535F962BE64116A755F68CC7E1B0B6C7B8EFF002C24A4AF4328CAB6679D4D13D0BD6B540A5829C9D5231D9C7C3F975C0A7274BB1D4963DC8E47947184D49C5E2A928D65A759999E403778C8D234936B6DBF9938EB87E3EB672E5FC9E4F4740E30E3AA7A6E1856CADCF3EB50AA3116318E849F5C2471D4A981CED5A3E79AE122D61AA84B6BBEE475BE2AD58A9D6D0DDB35345534D9BE551D43AC2A0B2CCA1CACB620DF4DAE3736E986E29E3E3E0DCDA9F2F20A99D56B877AE91E495F5489CD73E127A800580240F2C346118ED2A04B24A5DBB174D29924F74037B9D3B6DE431476C9A32A75784EE0EFE677C15A33D9E4DA9C92F7373BDF198019AFD7FDDF0A13A4F0CCBCEE13CB89B910D4CAA401D895FEA71AC46B628E3393274AD11E5E92C7306D984663551F0EB7FE586C9C5A54A99A1CBC84E550AC3974CD9D1A947AE8C88A5401D0DADA5FD08363E1DEDD4638F2C9AF6D1D78A09FBAC13979B7FD762FF564FE988E8B6FE4FA0E691AA69DE9820485C69E9DBD31CCA6923A5E3DD93F2492E5F9AD444BCB96ACC21E359410A57A03F222D865E1BE81FB5A5D9CE332E23CCF88B3814199C0E0097950C0A4A0D7F86C3A93E78F46118463713CCC8E6DFBBB33CCB85DB21E1A82AAAABE28AB252D2353101C75F755C137205BFAE1E13DD51394497CE6AE69E8A80890DA3564B7CF57EA71A4B63C3A0AC8E9A3828EAF35AB2502C256022D7121D8100F5EFF000EB87C785CB6FA5D8B3C9C56BB27B2F99A3CC1945A28C82A518917F81F3EE4FC713E7C65A1B8DAD8751E4F1E686430CC91C2A74BCD202AA09E8079B1F21F960CF3634868619CBA0CCC328A7CA6AA28E17150BA2DCDD3A6EC3A8B5CEDE589C7339AEA87C987D37DD9FB3AA1315B4AEB75003B20B86B80C1BE6187D317C6EE2425A621762458E1800F28DD8DAD737B01603028250F0EE6E29A8FD8AEE1DDDE4520EC2C05C1F5C2982333962CD9489595670002FF008EDD2FE47D70792E98B5BB42AA5AD7CBE3932DAD2ED4521BA95EB137665FF7BE15A193F833E545FF005AA6FF0049B02FE8C7D13986754D46D60433F963C68636CF6B496C41579E3D49323C62F12DC1D37201F5EC36C74C71AAA2129D3B48E639CF13661FDA1F6D7534A694EA8429074B5ADA81B6E4E3B30E3518D767167C8E72B12677C4F5D9B3AC12F2A3883F379710B2EB22C481DBE1EA70FD744B88DB87B2839F47ECEBA5A60EA103369D57BED7E83A77C5F0C549B6FA48096E80F358EA0495112A9E5D3DF9B61E04036D47D36B01DEC31D3F90E118A8C5E84826E5725B15D353B66B1D44F24AD4F43451E98C1F15998D9100BEECED724FA31ED8F2DBB6742D15C996C95741945265D93CED53ECED04AD34A1638651200CC0752DE16BD86E186F83E9F9A0BC8F5B35F1AE50FC3EF4CC0C610A9000277249BD8124800103E3866925A16DB7B17D057B98A287FC3554E227DBB5EDFCD70D074C49AD1373B6976416D8DBE38A36040ECDAAFBF4C0B31B72E9A3833185E663CB524B5BE047EB85F21F050D7431265F2C9053C8E4B82B383B201D55879EFD7136A49EFA19716BEC40F52B226892CC30548CD03F2A3FC527F0E08A77696A629014883BD41F08554D4751F4EB7C7028B3D494E289FAD9B32A4743571B5334835A6A1A490A6C76EB6F8E2D18C5F472CE6C5D99414B534AD2D6A029E28A3948074B5BB6E3D3EBD31583F088497920E9E85E7AC58618CBC8CDA428EE70E28DEAB344CA5D69299D5845EFB8E8CDDCFE83D07AE3BB0E65820DAEDFF04E58F9BFA42FCD25A99A18E1896568E570659BFF004E57EC0374206F6F9E38B365E4CBE3C6C184D3C7422919808E390CA100B78C802E7CCD801E9BF99C48C757C8B3AA5A1823AAABAC86245401AAAADF49736E8ABD74FE6717C92D6C48AD935C7DC65936714429B2B2F552F3179D552C457501721509E82FBF4DF10E4D8F484592CE254A6A87E65E9E46EB6DECB7007618A43B42CFA628CC01E7C8C17412C4D94DC0F4C5242A0262CA06A277DFA75C258D4605F51B1042F7B7538D66A0FA6CCA7842B735D624E8A0EEC7C87EA706CDC4C279E2AA62CEAB04877054787E9FAE11A3231FDB7EF61FF530361D1DE381B2B5ADCF23AF69CBFB32338602E09DD6D7F3FCEC31CF37AA2E9EEC1FED0D5689AA33D99AF37296868149F759B51924F885D87AEFE5838B7ED064F939FC79A54E6F9665F94CA2EB4B2398990789F5906C7CCEDD7AEFE98BD536D11B4E93068B2FCEA8737920CBA3AA8EB4AB5846BE3D07AEDDC6D63F0382DA176B62FF00BBE68F28928E6E1CAD6CCE490AA553161A58B800693B1DAEBF13846F65122822FBC5B2ECA29D7873308969B42D56B8CFED4000580B585C826F6BEFE8312AF716E4F850067593307961CBB22CCDA4E6164A8F13A3467B01A7A8E97F43B61D3F924D2BD0B33334195B65F1669C313D2CE23265324C419FA59803D3A1FAFA60182E2CA3DBB22A0A9A6E12A9119725EA4D5045A816236B9D85C8DFD3AE1B600986921A0A3804F412528E736B0D588E5C3116000E965B8F5F4C345BB15A3D9F2B8F39A3A87C8F23AA2525016633875416F74DC0BB7537ED87E5F2C15F04FD6F0F66D474ED51534BCA8506ECD2A587FEEC0B4114C6AD20246E304C7AE486BB75F5C631E2B0019DACD623C2C0EF856C64951E7B41FDDC7FC031AC5A3E82E09AE91649CAB9B325801D2FB6219515812BF6A39BFB5D66594A8EC56289A523AF899ADFFD70D8552609BE83380F38A8769B2DAF92622308D0B295F0F8C0653B743ABE56C1925DA026EF658CAF1419AD4BC52CB65AC8B66218E9E592D6DAFBEC7E585D87556497104EB370CD655A067A88B3E916237B8D3CF460BF0B8E9EA718348A7A639719457C9515304F09362CA8C56E6E4585C75271B60D3F0094F594D59411C74D546686190BA8AD42926B049B91A06F763BF4FD353336881CEF3FE214E3C93EEBA55A8CC2AE9A25293411CDA51757BA46CAB7DC93F33828DAA2FF002BADCC6932992A789B30CB25648F78D6358E0A71DB53FF0088FA0F95F006BB5B2433DFB4B49A95E8322A7A53A95B995AF4EA09B8B1E521B951EA493E8305E90AB6CB8ACCE62A2CD726CB574A53D5D2B00B1AA1264555245AC7AADFE26D81BEC349814B2CE25A054869F54798A53D6A3524675C4C480E9E1057B1EFB30F2C6B606976427DA2CD1B67144D0AC6BFF2F8CCBA00501CB303B0E86E2D6C3295766E176D10534B1B02092189DAFD2DEB83CD8BC501DC3369DCF95BCF1B920A8B6E91B7D8A7FC07E981EA47E4B7F4D93E0E859A6715B9464946B432F25AA5E43238F7ACBE1001EC37C6A4E5B2374B44C6615B34E229246BB2A2C60F928E98640634A1AE972AA57ABA50A261CB5BB5CDF6D7E7E6A30B6DBA6334AACD33F1BE721A5AC592259A7162426CA4A804817D8EC3E98CD53A055C6C5747C515F4B947DDCAB03C3CC670D221660CC4126F7EB751BE3503EC73FF001438823A84A90B48660A6CE636DAE493B6AB77C6416AB40937DA8F10AAC304A2926586CEA648DAFABADCD985FAFC30199235AFDA6E7D2D64F53347432C93A8D45E9EFA428B051BF4EF6F338280D1A5BED273894057A4CB0A037D2694117F3B5FAE359B8864BC6B5D3C6206A1CAC23AAB315A4504F436BF96306A8F2B78EF336D2A6972EB29D4A4530041F420ED86E3685E5469FF008899CE9E4AC342AA4DEE20F17D6F7C6E21E57E0D159C5D98D6D24B4B3454444DEF4A29D798075B06EA3A6102B4207B91B926C36F4C630EB866149EB912550EA4F43DB1CF9BC23AF0DC6129AED163C883F711FD31C5C51B94BE4FFFD9, '2017-12-30 15:13:25');
INSERT INTO `movie` VALUES ('7', '心理罪之城市之光', '徐纪周', '邓超,阮经天,刘诗诗,林嘉欣', '犯罪,动作', '汉语普通话', '124', '一起连环凶杀案掀起了城市的狂欢与躁动，数起案件中受害者均遭虐待致死，且充满仪式感，所有线索都与一个人有关——精通犯罪心理学的天才神探方木（邓超饰）。在与同事米楠（刘诗诗饰）调查案件时，方木发现曾经是自己高中同学的江亚（阮经天饰）似乎深藏很多秘密。此时网络上出现名为“城市之光”的用户，以发起投票的方式让大众决定律师任川（郭京飞饰）的生死，方木、米楠等警察虽然用尽一切办法，依然无法阻止这场“以暴制暴”的黑暗审判，这座城市陷入了混乱的旋涡。紧要关头，方木觉察到江亚的妻子魏巍（林嘉欣饰）竟然是解锁江亚秘密的重要证人，就在真相即将大白的关键时刻，一场惊人变故突如其来.....', '44.00', 0xFFD8FFE000104A46494600010101000100010000FFDB0043000201010101010201010102020202020403020202020504040304060506060605060606070908060709070606080B08090A0A0A0A0A06080B0C0B0A0C090A0A0AFFDB004301020202020202050303050A0706070A0A0A0A0A0A0A0A0A0A0A0A0A0A0A0A0A0A0A0A0A0A0A0A0A0A0A0A0A0A0A0A0A0A0A0A0A0A0A0A0A0A0A0A0A0A0A0A0A0AFFC0001108008C007903011100021101031101FFC4001C0000030101010101010000000000000000060708090504030201FFC4004B1000010303020404020606030D09000000010203040506110712000813210922314114511523326171811642525391A11792D10A243343545562A2A3B1C1E1F02526566473829394B2FFC4001B01000301010101010000000000000000000405060302010700FFC40038110001030205010507040104030100000001000203041105122131415113617181F006142291A1B1C13242D1F123152452E125336234FFDA000C03010002110311003F00C4E82B347AB256CE5480ACA403EA8F74FE5FD9C02EF89A85C995F708A915B996A565CB9E1C069E32696A6BAEB94904A55809591DCF94803B8C6003DB8C6D9DB62794431B77587CD7AACAA06A9D364899537624F6EA517116A6A98DE1A74FD83B88EFFC307D339180055CD4923728B8238B14FE970CC429ECF1620EC74B2AABC3C679AEEA3D6AD2D56A9210ED39084A1323629ADE0E3B140F994919EC703F0E20FDA863A0A664B4E37F9FD57D2FD9374B50D963975736DD2DDEAFBD1FAAA344E43751BA5C85598CC38AF89954C69099284B8BFF0004E21276958CE3B00ACF7C64F7896CEDA9394023C76F2BEB654189C2F6445E351B6D6F35436ABEB058FA675FA257AE466A125373D72251696888C27AAA90E24EDDE95A93B12900EE3EA02738F6E33651CF5B52F11D8656E637E8149CB3B29A16E61B9B6899954BC6D0B3751ED5D28AAD12AEBA95D6ECC6E9EF3703EA593186565D2A21480AFF00167043A7B2371EDC1949432490BA50459B6BEBD7A7E7A7296D45406C81A6F73F85E289A93605639829FCB746B46EA556A05AC8B824CD34070434C75868A5BDFF006FADF5A9FABD99CA563F54F0F60C3656D309EE2C4DB7D7FAF34B9F56D32F67ADED75ECD2F7ED0D44BC2F0B5E059B70457ACAAE9A5D41F9D4FDAC4C776AD7D48EA49216CE107EB0ED0094838C8CB16D148C0D7123E217F0F1EF59FBC87DC745ECD1FE65F97FD41E566B5CDC5B76C5DA6D4A0C79AF3ED3F6F944A9298A8654E7451BF62B775D2946569DE50E01F609E1EB30B999288CDAE97BAB63734B85D3AB40DDD3CD7ED17B6B5DACFA65422D1EE8A3B552A7B1558DD094DB4BCE12EB60AB62C60E53938E0B751F6248770B26D4878B85F3D44B8B4CEC9B49FB9A1298A8A634C6999096DFCF4C29D4A14494A55829DC0E0E3855535F491405EC39AC40FAD8F54CE969279E711BB4B827E975E1A869B5997ED3E75428B2E14A6E0C82C4931E4B6E1696003B56104EC560FD93DFDF8CCD345520B986F63EAEB87BA5A7203C11717D47F3BA4CEB4E985BD6BE9BDDF2274275BA64BB765A2AA1AC85B915B696E2D2923B82ADA94F6EF950E0DC2E94C2F79FFE4A0AAA6CED6F8ACD8F10CA35153CA5D52B1647C62E9B0A42854633882DB1016B7E84EC64201C151E9BC464F7054B1F3E1C46DCAC4B65398ACCFF008F73F7DFCFFE5C6C84B35105E5675B3A8C3F47D6CD26DF769CFE6873A9ADA14879A236869C1B82D5EDDFB9E358E57466FBDF75B49035E34D100D7B4BEB7654792EDC8D3E1A721A9099D076BAD140581E456479BFD138ED9E0C8E76BF6EA829617B375F9A7EAD55A9566A6954265A1028B353F00ECF7465B20A56709C1272B1BC772849CE07014D40C92A0B9DBB86B6F97DBCCAA2A1C7E6A6A06C005F29D09E39B7CF51C0E8AA1E5DB56F4DF492DB66FCB5ACC7625DD78D58EE9B517D2FC7821B7B0A713B40056B4AC94A520EDC67EFE21F17A1AAAC94C323EF1C6361A1371B780E6EBEA5815761F4F4E278E32D7CCED6FA8D0EF7D371B01E3B2A3742F51EDCB835C2954BB5356CD7D1524ABE25326236E34F3990948D81202482AC27779C6DF704627A4A39D94C73C596C74F47FA46E25554729BB26CF706E0736D869B79EA9C5CEC57B9A8BC35128FA6BA4D76C95D3E1D4E9B5BB9E9306E3FA0E5CF8ADB8B058325292B64B8E96838003BD09C0C64F19D1FB95148F96A3425A434E5CC038F25BB1205EDD0A9E7D34D5B48C110BD9FA8CD96ED1C0778D920691ABFCE25B9CB9F34170DB97F5C74D836468F3149BC6E5B7F546A358A5B775A6B511E8C6952A4485BD165A21BEEB529B69C7109DA32A429413C5C50D3D14B3D31780ECEE2E68731AD764CBAE600004122ED2403F75115C676090374C82CEB3896E6BF049241B1D45CEAAABADDD571698F33FCACBD6E15DAB0AB9ACF0A1DD32299CDCD4AF16EA504D324BAE479705F506D960A901C52D5900A027D3BF0745037DDE60EB3ACDD3E06B6DA8E425AE95C5EDCB71E6E3F74D6B2B5EEA37C78A5F30E2C3F12BB5AC4B3E916AE9EBB4D8D537A915AA7CE5B90A6192227C64A4B4C281400E9632545682BEE946486430D3E1CC7BE2B9D78D78DFAAE0C92493901DF7599FCD473F9CE6CABB757E93A69CD26A1B34A775027A5C8745D5A79C972A2A6E4B8DA8CC4388E3C1D654969A829F868614447869797B50A3C38A37D3BC30065AE071FFCB4EA7CF9E74DD633B6569712763D7BC8FC7C96FE7859DCDA93A95E1AFA5B7FEB5DEADDD375D46CD0ED66E04DC116AC27BDD57475BE2A1B8E32F12909C9428E08295614952477554D098DEF23825651CAFCC05D09D7792899A97AF54E76BACD41BB5D6F195506A507447A82DB216595213D887320294ADBB93B8024F6E3E6B07B31256636D243841B9B820388D6D6E87A9B5C5EC785711FB442930C76423B4D85AD717D2F7EEE2D7B1B5D532EE9B5A7665B6E51EC0B4699488E57B844A553DA8CD13F7A5B4819C7BE38FA0BF0C8A11689A00E8001F6B28C7D6D44EFCD2BCB8F52493F552FF34777CDA74E3A6F2D869BF88808764CD7D63A6DA56F8404148EE54A574C0F6F9F0B669DB444B5DB9FE6C8EA7A792A985C0ECB1C39FCD5EAF57F971A9D3EA3515AEA170311E6DD518B01BD925BA6D08B5E503EAC1E81736FCD43F3D2139DDEBBD0B3372E8B3B3ADF7FF3E0DCA81CE173ADFAE5836ED0DCAE459B5A7EA6C3BB69D517A2A43305E4A7210BC1CB854AEC4FA00411DFB71AB9B239D6205BEE8905805D771ABB6F5BEAC7AA56174055414E32D00D88AA5B4A7014A9594A4E371F97E3C7E63191C805D65338BD8BC169B1AC4DCB69CA572C74C9DB16080BB45D7377E202BBF1BCA202DF8A43F341B0B9AED07D131D9D00D56BF6D0AADF575D94FDAD1A9AB67FECB934E722B486B6A8AD6CA5C2AC0240F2A4E33F2C8E104F55053CC18C39AFCEFF00355142E9EA60CAF26CDE38B77745A0DE16DC8F5A33EBF44BBEE075B8D09E89D6A6B14C538E3B35485143AA5A8E7A6EA4E5384E4790818C64CDD64C6A9C584FAE8150D38F776666E8A99D53BA1CB439AFABD2634BA53ACD329EDA985488643C905F53610F79B2A09CE139F5C24F12B89D2D9F700EDE5FDAA8C31C1F4405F929EDCB949B1AB56DA6C6AAD8F6D3B4596FADA9745450D810DFDC852945D8E525B595292147724E4804F71C69435133640F2E37EB737DBAA518952C61A5A069FF0069D760F2EFCB451EA2CD56DCE5DF4FA9D2038162440B1A9CC38956149C8536C020ED5AC67E4B50F4278A286AAA243F13CFCCA9A929E260D0261C1E54F95F9D05B8CDF2DFA7A503ECA3F41E9DB523DF03A181C52C4E9658ACD77D526918C8DDA8FBAF34ED0DB1B4F6E06AE5D3AB26834FAA25E3D3950E86C2643456929516D69405249048241EE3B1E14CF04B46FF00F03B53E28F8E66D433FC8345D846A5B1A516C43B6A8742A7A14D8513122C444765B52895AB08680482A5294A381EAA27B927835D8FD751C403ACE777FF00D5962DC2E199E48D07AEA86297CEF4895508CCCCB29A4B2F256B529B907704A0E16067B67DC1F4E008BDBAA93280F89B6E6C4DFEE8F77B32CC84B5E6FE09D36A5F36CDFF0047FA4EDB9E1E68E03A9230A6891E8A1EC78BBA1C468F1384BE075FA8E478A99A9A49E8E4CB20B7E567DF8CC5F575E925A549B9ECD98A8722B35C5266CE6A2B6E14C66FEB5A41DC951ECA682B0319C9F5E1062B91EF6B48DFD0FB26F8787861238F4561BF375CE0EB45E299B4CAE54A0C962A3110CCE65DB7237EAA1B481E56FED00CB6371CFD918E3AA4A7881D3EE5035F552926FF00652CFD329FF4FF008AB86B9128CC133EE0B43943B5E8AB6D3020542A35578AE5CBA73CEB91E9E30B00C46D4B4918501D963DC11E5EDC65DB553B9DBEBE29A1642179A150235B56ED5AAF46A8B51A0CF8BB99594AD0DB0951490B2119F98181DF3F771EB4E7201DD6727C3B2F027485836F52EE0675FE0418F299C4C96ECBA861B74BAA480404797B247DDDFF000E3AF7A065730B751B0D36B2E5F4A7B164AD1A1DFC6F64FAE536DC888B12EBA0C4D678B78AA5AE132DB74D1297F06B5758EC509494FF0084C100A73DD3DF03BF13B8D1B16BF265B7877744CF03697541683AF45A6DE17D025DB5A671292AA5CA52E24894B8F35C2952CB24A0255B7F54E0A57B46461F3EE4908C3CB839D6558E8F23C0BAF6DF3469777F3BB74CD5CAEA456E0C543A5F8C7A8D143A92A46E1EA9F523EE23E5C2AC41ED7009BD1DE2A6BF7AAAB4BEDDB2D9722BED35192E892857D5276E0E08EF8FC4F00C19011E280A97C86E9DE68895C51329B3FA6B48C8C7A70F9918736ED3AA465F6758845BA695D4047C34C93921583927D7E6387D85CCD22C4A5D59192344655A850154E72A0DA52A711F6159F73DB8753534263ED06A425B0C9209030A535ED6FBD35F548CA42C2496C6DCF7DA4FA7E3C4AD75317DC94F69E50080A7B76C7D47A454E9CED5E0C6663B50A5A663ADA54AD8EAD4A52401B46411B7F0CFBF11CEA2A863C170B5AF7D0EE555453C0E6100DCE8A81E53A7BB0ADCABC9951CA4A23255E5390AF523047BF63C5C7B225D13A62E1BB7F2A63DA3635CE8C0EAA11F170AFBD3F4F69CF3CC4C6E133524B6E892EEE425E5A243C403803387319C0CED1EC38E80391805EDDFE7FCADE2C833DED7B7F03F0B0EF998B91EA3D6A4BD48793F58E14AB76718EE7DBF0E1E51B03F752F881CA6E1237E9D47EEFF00D7E1BE4294DD73A14D62E5A899152751095B028FC3474277948DA9EC00FBB207AF73EA78E9C3B31A6A8CCC1C53F74EE453AB167BD6DD4A0CA759F80475CB6FEC49429C0318C1C1DDDF77CBB700B839A7385BB483669E554BA6BC9FE88EA0686D3EDCAB5952C3B3A5B1F05578D72F4D325087807DB71450A0C7DAFB49428AD69476C0E242AF19968F11748413606E3C468475F9E82EAFB0FC0E2C4F076C4D7806E35B1E0DC8F1EFE744C6D3DE5DB955E58357EF2D38B35554916F29E891AA1547EAE26488529C6A4263BDB508012A61E28737A490A4E3D3BF1B53E29362D4C25959977F97509362381B305AC6B592660ED7BDBDC5593A252A8568C635FA369ED4A8D250B4A54C86884C774ED4AE38055DC21CF8A680FD8698FBB21D43C06947D3B4E89AF67DB3A677D6A1D5EA6FDE524D4A6AF09759741431E84271FAC33EE49CF13F3F63349673B54C0CF345168DD170AEEAFDFF00A4176B749B89E656C2E4A36486092027BE1471FF004384B56E9698591B088AAA3BB5523A4DA8C6BD486D2B7FBA876EF90AFC0FB8E1961B8919058948EB2972391DD2A7480FE10EA94377A018C7DDC515254383B74AE46846B1EB3304154471BC241246EFB8F6E281B54EC99484BCC4DCF9971274EC3E8538D1702D6527071B72300FF3E0392A2C751BA298C42D5D94243F29A79A6D6D0194A5B79614703DB23BFE7E9EDC2B9A4BBDDB7D53285A43459766854D559BA54ED429D194DBD25A0E1436005E48CFA7CF031F9F0DF0F61A7A073C0B17590554F1515C184DC059C1E36352996B680D0A1C794A3FF7812994DBBDD61D31DC0839FF00D22838FF004B3F771DB2C5E19D16A490D73BAFAFBAC46D5E7A9D54A82D75B6505BEE4750A80DDF3F283F7F0DE9B30FD2A7AAACEDD2CBE0AD9FDE46FF00E45FF670C73CA95E5085284A431516D85B0E3A4BC90A4E40094FA939E0C7B6EDBAFCD7805531A6C6E984B991280E45751114D988425BE9ACA949C1CABB90127BA4E403DF85E407342DEE1AF04AB5394BB8351EBD47FA26C9B05AAC569AE9BF161D46230D751D6FCC6425B24A16A0328DA3276AB3D883C48E2D14AC7973DD669D2E003A74EE57780D550C9136360BBC58D8B8B6E793D0DBBB55575A3CB66A1EADC0735067552953AAB15E8DF4B51DB88C4720252B4BACAC3037052D054521CEC72A1DB8169FB68E026D71C2EB1134F53561C342343FF5DCBA3ACF40D6ED23D36917922E597515C286D85B5F0896D4BFAB6180EBF924952BA6C2894E72B428E46EECB6A65739B6B22200CB8409CAF7327AA96D5CAEFD2567CA752E325A93F114A71A510AEC54729DC919F7F98E26AA9F340F2E6264628E68F52AB5D2ED44B4750A92CC4AE30AA84A92EA52D34B637282738C6E3F9FF0EFC0B4F571D4DA270CCE26C072859A3920F8DA6C0218BE3C453933E5C6B15A6AAB7FF518B7642587E3D3A1F5BAAFE705863070E2938249EC91FB5E9C3D83D9EAC8EA7FC65A39B6A7F16FAA19CF9268839C37F5E2AA1E5535E748F9B3D3B89ABBA2572A6A34B7D412EB6B6BA6F4673D4A1D6C9CA15FC88EE09E1D535354364B116237093D5B5D01B3B9D8F54E7311B71B5216DF7093EDC3CDDA414B2FADD0C4BE8539C7512D8CED3B9248EC3F8F0A649DB15C3C6C8F635CEB16AE34AAA525FACC78D327297F1592FA0AD2A0523E7F3FF87027BD46E93E33BEFB2631C2F1112D1B6C8D6E0A6C191446A96D4657462A495248C76C0271F97152FC8600C60D1BE5DFA792451B9E262F71D5CB2A7C74E4D1EB9A4744435316A9EAAF6F691B081F0E8416C9FC72503EFF00CB85341526598F4FEBF84FA7A62CA73A74FCAC5CD6FA4BCC472AE90CF5002543D3D78A6A7233299959BA4F7C1BDF247FD7E7C32BA5F90AE6DA688A9EF1DA4ADCCE4ADC5FDAEFDBEE07FB382E5BF297476E1372D18F1DCB7E7B932AE236E0DA643A1B5908C28149EDEA3EEF9E3812FAA2CE600689BBCBEC4B4E9953F8F8FAEEAA73D1921EA7C96E9721490E858202B032323383DFCC064104F01D6451CD1163C68459174953534D3B648858837E168752B5B6A1635AE8D53D1BD6F333A14E663DC0C7D1CA8ED3CE296AFAF56FC15B984839EE7008F4C710D1C33538732FCFA1E0BE875D2C152E1365B5C2A774D79C4B2F53F4ED22A55ACD324424179A5C4CAE248CE49F28FB24F718F4C9E319A6BB0B1DB25ED8ECFCCDDD766C4D6BADDC35245C96259C2653187762E489290E4B427ED29A4672BF4F41F23C2B7553D8EBB1BB7D512F81B96CF76A96DE34FAB156D1EE53AD6BC7422929A0DCF7ADD6C50513A3440D3882F0DC4A8000123B9EFDC9233DB3C39C2A930F9EA45564B16B5C4F1E8F7EEB2A5ED9F23A171B8D3BD67EF31DC976885069B429DA3D7AFE90DCE98411705BAAAD99553992944A8A951C1538A273B89427291E6202483C30C3F12AD9657099B661D8DAC0775D1B594B0323059A381EBBFF00DAA77FB9C1A96A95A3CDACD6E45BF3E9F66DF7419F4A6E3CC3B3350A780FA161B273E54A2436578DA4EE0092080D18D865AF6C6D3775B8EFD525C4CBCE1C5EE16B11BFC8ADBF974C5C401DDBDBDFEEE0EA8A3EC75534D9732E05EB414D6696A6DA579F0549FC7DF899C5294CB19CBBA6545376520CDB205B62831E2D7A353EB423352DC755D169C74256FE01FB09272A38EF81F2CF1354113DD3863C6B74F2AAA03602E61D3EC9835DA8CD8D634D928861C71A52D0904EDF2FED7DFF00F1CF176D964FF487970D41235E8A723630D6B45F7B1F359D1CDA72EB746A66923F7EEB252E02E24794A6E3D244DFEFC6D606E4293B4764A8809383FAC091DFB4A61C278D8262F1BDAD7D7C6DD3BD5FC93504921A489A5DA5EF6D3C3C562A734D684CB6DB9316AD447E2496A51F888D21BC2993EC929C64119FF771714A73104150D5AC2C710A72EBC6FF0026FF0066786D64A73350BD15B69B4A11D308048292A73DC1F6FECE0A95C9744CD51DDA5742D7469CD3B0C38DA4A0C8417885388DC70011D938383F78E31736D644E526D628A2C7D57B16851931665932D671E5D95A281FFE31C672445C57A0B80B02A8BD19D73B1DFD16B9673D439506934F9719CAA87EA624EF514381BD9E549183E83393B87DFC29ADA4CDB0D51D4B512B5E1A5DA2F9E90F3B74B6AA0C526C655C0E2A0BC869E2663719A9002C2540612AF5C1485648CE0F7F4292AB047019A43BF4547495B04AECADB9B2D15F0D0A8DC675320576916DCCAC51AA95151FEFE9603D09E19DEDB81BFAB3F6B29502125241212720464F03E97136068CC1389DC1D48417595C7CFB722FA7DCF0E89D3B4E6FC3222C581568F3D8911FD63C86D4149511D82D253B90A191B92AF5CE387D5CEADA3ECEAA978B8703B107F8E0A494352D8A42D76B7DBC946DC95E8E69C7281AFAF696D16CFA950AF2B120389BBAA01EDF06A89759CB55565C5A3734D38D920A0A94010AC905253C27C62A6AE7607B9D76B8DC751DDE5E0AAE06C7534C49B169DB4DBB8EBAEBEB955172A8E6806BC5FF006A73276745934BA4E95DC158FA3ABCD4C444A63EECD616CCB6B7AFC8F254A70B8529EE95F7C8DC416BECF495B415CD9A4168C0F8AE6DC1B017E47448F1E6B1B03A11F148FB5800491AEF61B78956EA2E2A2D7698D54E9350625467D196DF8CEA5C42BF05249071C7D26A2AA9EA29DB230821C2FA6AA21B0CB13CB5E0823AA4B73CBCC543E587971AE6AA023E2DAE9C3A5A558EF25E3B52AC7BED014BFF00D9C466293658CE5DF64F30AA615556D61DB73E01640B3FD04735336F5D5DE61F99EB9A9B4A925116D6810EB4FB524565203A1F4BDB16501B03CA3CA0150C9071C2033D553FFE96DDC35D75D3D79ABA1046F0187469D3A2B5BC1779F6D40E6DB92DB9ED4D5EBA9DAEDD9A65763B6DCDBA24242D7598C51D5892DC27B38F040536E1F4596D2BCE544F15554FFF00C691B66D6C75B12A327A56418902DFD3DDA6C6DF5431E259AF14FB534F1C6ED69CEB73A0C502A321B5A8A9C92B776B6A09F40900A81EFEC9EDDB89AA514CF7C5131A736B989E4DFF00034EF54B491CD0C52CCFB5BF6F70B7F2B1A79A5AA4EB8A14A95F10F485BBE653CFBA7A8A57BA89F7EE3F80E2E291A0003851D5EF2E71254C7F45553F70BFE3C36F8523B143916DEA93D00BC6228A01C97077C7A7F0E0C7C6E06E10D1CAC7687445962D2AEE9F0BE8DB7A985E9539F4334E6421B1D5714AC6CCAC800927F58803E638C9C34D785A5986400728F11A69CC4D2A8F20499B65BD3424362831EA94C9B507C9C0284351BABE6C1CE0AD27CA71E9C6467A7ED0301D4AD7DD5FD997DAC077A2F99666BE6A2F2B7725B77B598ED1AA0BAC52BE8561DA1370552D0376EC94253BC9F2F751F52338DC4F1D4B963B38ECB06104D98770AD5E437C187979E6134EE454AAF765D1635DF1DE893E8B39C90DCAA756E96B713E7798284B8DA1C4B721B3B5614959208504E0C33F1A9FDE1F0CCE1B69A5ACEE75D76DEFCABE8F0A8594EC9E06E97D75BDC7877ED6D39556686696F319C9A6A7DE923436C54BFA5F7055A2546DD974564CA8D4B50694CBB4F25070D14AC2D693FE0CB6F2529FB18E26AA6BE69E16CD0FEB6E8EE6FD0F9F28E9E9606CDD949B1D5A36363C5BBB85A0DA01AA757D4BB55C6AE789D09619536FB1BC148C76207E07D7E5C31C36BA4AF81D1CDBDAC91D7520A59416A873C63B55745E8D51B6F4D25E999AADF95486A8EED6D88DB8C3A3ABAAE3915D233BD0E745C736942F684F9402E123AC1A824753BE579B58E97EA34BF71E88986A9D14D941363C0F5C203F0FEA5DDDE24F7EC095ACF4F45334AED48CD1B7F4DA83257129AD96F6B65D77A64794384A12DA0FDBDE0288412AD3DC1B3556471BDF537DADD00EFF009A3AA2B8D0D2678859E74BFEEF43E4AE0D6ED10AB7267A755AE6239433398956E455D66E1D3D554DF7A937353D9C2E5B2865D52CC4969602D6CBCC9482B404AD2A4A8E19BB081420BE91D6D2E4707CBEC7753D062CFC4E51056EA09B077EE69E0DF91D415C8F1298FA63CC2725F267CB6EA1548463C3AFD363D1E7A63CD7995325414CEFFAB5381B7828A1CC2319048241E16B9A6A22ED89B6D6EFFE931C283E9ABB25BA83EBC966CF87626DEBE7416EBD11B26DF9758B9ED1BC175B8C2AB6E92D4A42D423B0F3BD9696D3DD25C65C3B545A527271D96D7B2582A5B2BB461035F5DEABA39208D995C7A8EFEAACBF0EAE52237213CB3DE1125DDF4FAC566E6BD65D52A8F52E32D1118DA80C478ED05F99410D0254A5632A5FA761C1FEFADABA70E6EC34D75DB95335377D6004696BFCF5517F8895FF002DA8B5488B9885F9125CC289C2C3A3093F78C67078F30C8409C3938A9A8FF645BDCB3E751EE85CBA3B8CADD56549DC1473B72738FCF8B6A76A83AA75CA50FC3CDFF26FF6DC1F6096EBD134F948734C2A9568F0AF6AAD3988F91D454C90948DBF23BBB63876D6D8E85242730D42B164785872A5CC9DB32E5F2FFCD7D836DDC6705343AFDC0CA21CA5632025455F54A51EC3B2939F5038E9F14720B39BF25E32495846478D383F829391746A8BE1EF7E57ED8E6AE814FB86FCB403B1ADC854A28AB529E75D1B3129096F63C1B4BC4F98A4A36A36859F2F1158AC538ABECA9DC034EE6F6208DADEBC55A6152C1EEC65A9692E1B0DC1077BFAF0569F2DBE111A4B4AB32A570E9D6AFEA3D11FAFCF893D149BDAD24914C2942B7402B7548EA32A2E1405AB07090725433C2A77B4D5323445D935C74D41D0FE35469F676983BB4ED4B474236FCA07D78B2BC52B977D684E80F24DA1770DD0BB86D71022DC11E14A2D519B79C3BFAEAC9861C015D9C0E6109015827D706D2526232BA4A90585A761FBF4DAFBFD2C7AA323ABA8C3E9DB1427383B13FB7CBED7DBA239D53F0A9E743976D17A55DD13C52EE48DA8946A529FB7E831E5862DE92EB51D4FBD017B892B75CE92825D746C736905393C64E650D29CA69DA03CDCEF7F9F0470363B5D131D454D438132139401C7DB91F5567F83A6AD5C1AB5CBE546F7BAE23DF1726A287DA9BD221990975948703249394A5D6D631ED9F7E00C3E06D36736E74F05E6365B2C8C23A6BE3FD1599BE2C9CFCEB0C5E71755344EC0AF18D49A85617449AC369DEA718652DA50A47EEDD0A479563CC028A738241A18A3B52E51FA7A25D0C60CAD791A85A3DE0DBA6916C0D05B52CA8F1D2DCE4D2599D703E85EE054016D9641F5094A94FA80F75151F970261ADF78AA73B8BFF4B5C59DD94373BDADF93F84F0F10FE67AD2D16D17B829152BDE0526654AD4A947A7B72E461C9B21E64B0DB4D20775AB7A923B0C0DE09F43C33ABAD11C858CD6C2E7D792558561AE9ED238723FBFAA967982D5CA640D306B426DE8C9992AD2A0C38129A2428BC596184655FB2C8DE09C60AD79CF952389E05AE6B1B6D82A98E32D7BA4FF00913F7F5E0A15E46398D7B493C49A9BA7AC4D8D06957E44AED26A31E310DB7252DA552E085000E4B6EB2B09F43E7233EDC6B8DD207604F93FE394FD402BC64B9EA1AC3BDCFD8AD19BF3991D31D28D12A8572FCBAA3448E9AB4B521A07738EAB28F447727D464FA7E7C4F61A1EEA42D1BDCFE175340F755E6E001F959A5CF954DF50AA265477DA9321E0E38C4D88B61F64E770DEDB894A9B241CE081D8823B10787986922500ACEBAED80A892655D0A4BA254852B6FAB441567B8FCB8B4846CA2E47DDC6EBF1F4D5B7FBE5FF00F547047C4B3CC1226D69CB324ED00058C631EBC33934095C2E37D53934AEE5A60408EADC4211B5CEDEFF009F61EBC2CA97CAC6121358990BC8B845F4FBFA9B12A2D7D30FD7E4D391BD0EC16A634A404293B494A1CDC9DC309C6476DA3E5C2FECE07DB383BDFBD16259D97ECEDB5BD054EE83F323763166C2BFF4A358EEEA70B62E680DC48B76D4512E22E5A9A574DC5A5A05490093923B124647A90054E0942F26681B95C34E39E96DBEA8A871BAC6010D490E69D6E37D3ADF7FA275735BFDD09735DA1B0E25857458D4DA555E4D19892EB54C79321A420A9494A924A46C242091F6B014304F6E398F0FC4277650F002D3DF6858D0ECA6EA5097E2D7CDBEB5526BD47A955A308372C57989E991BD6FF4D600EA36BDC9521630082091E65020856381E6C22185F9A47971FA5D1B057BA7B358D016A7F8746A2C3E567C3D45EE8B91EAEC68F4D72AB58762A12EAA0CB5B65E10D294007016F35B96A1B520A86E3B785729FF0070C8C1B37771E96B9B7F6899E29257EDAEC3BF8BAC807AEF775EF9F6373DEF5F890DFAC5CAFD5AA1296A58682D0B2F287A2D402948200C28F7F4E28CB1E280BC6F6BFCD611E56D564E36F92DF5E5B351F41B46395AAEF31F656BFD12EDA6D3DA0E5D8ED326B2EAA9622A3A6BCA10720A4ABECA9293970633BB8069E17D25182C377B8FE9E75D2FE1FDACAA5C6B2B7B399A5AD00D9DC1E6DE2B1FF9A3E7A2F4E7A75E22EAD55D2FB11555E8906DEB6DD74660C76E50DACA948C8DEB2A2A7319054E65248031B4D07BBC658ED491A9EB7F5A2634C5A19FE3D02A3358EFCFD1AE60ABB1EA91DA618BA2D688A6244B9216E17D12DD486925B1E72A49C956D194B69F420E14C2DD02DA4BF6760B3AF59F5553A49CD55ABAB51544B944B921D4A30648CA23B6B7FAAAF739231F8608E28BDDFDF28248787348F336B25F1BC455009D6CE07E853DFC5075AA9956E606DCA2A6619D4B508533E106D5090D2DF0EF953900E519F71D8FA8E26308A47C542E27F56A9854CED3521BC0217E39D7E606C8E612735AA5A6931D914BA951A3ED92FCA7DC5B8A6CBAD92A2F92A0A053B71923CA3071DF8270E8278DF9266D9C0EBEB542629342F66685D76DBF9D14717ACD9D119764443B1449073F8F1654E06C5454CE39B4431F4E57FF00CB3F9705E46ACEEE42F6FD0E48383E52D1EF91DC1E087BC14234591B58B5C553144084D3C4BC13B16DE42D3DC288F9E3E7C0F33098D170BC769646EFD427C871A62956853A54A94F27A11A4475A12E2FD82CA54081F811F7773C2D6DC1BB86837D130CB7D1A753B6AA86BBB482772CDA6FA61A9D71AA3D4636A447FA423C281417A989832232DADC84A9C79D12D243CD94B9E5485256929CE0F1853CC262F006C7D70B5C4697B00C713B8F5B92901CE257625EFAAEC3F01F5BACC4A0C48CD15A482480A591B4FD9F32C8C0EDF2E0980E56943E5BB5B7451CB3D822A15A846B58432975A0119F4C9EFF009708F1193E13654784C60C8332D5BE6E6B36872B7E0C522816A3CCC237B539E9B517984841719DE1B6D80A1DC052D209FB801E9C2681978E36375748ED7C071F929C48EED31391EEFD310B0F1237522F859F26B6F56747EBDCE1EB68589957E953E94D2B2151E3C8504959C8382B46E77B64A816C0F7CEFED0E2262028A1360DB66F1DC0F2FBAEB05A5CD37BC3C5CBAF6F0EBE7F64A8F101E7EED383ABEBD0EE5D048B6ADBA3582E5AB7BCDA7C40A55696892A5E5EF87C8DC86F6A54E7656E5941C16FB3CC030B7BA95B5336AE26EDE34B737EA761E0528C631202A9D030FC3CF3ADF5B74B6C7BEE171393DB79AD4DD58B22D6B52A8C3F29759667D40B4ACED4475077AAA593EFD348013DC93DF1D8718E2999AE37F0088A4737B2B8E1565CC054D2F0B72F7A8DDD4DA8CAA1C3AAD2E3CD090A521D93B96C2DC191F0EEA095A495023D4019583C23A77FC65BE0984B193083C2CDEE686553D5A8550A6407D7299A52588ED4F524AC14A094B8ACA46C424A9DFB3957A8C904F16142D3D90279BFAFA241349671B2B9AA3583CC4785869A57916950ADFB66DEA0B74CBBEF59E84072B3558D25C65863ADD353AC3CBC31D371B21B410B0F2B6AC2472F88C770D66973E774B9F3FF00B8B975CF1DC93170E97BD64E8DC4B4DF75F6DD80D942A34D8E1A798CADC506D63D0E33D943CAAF54F62384A1CEF7F248F5D51D210EA2007ADD212EEA37D4ADA91B941230523DF8A2A7768A7256DCA12FA211FB9778373ACACBEF68D1E555995D426C04240F54B492064FB638E9C0DEC166D66972BC552B06652EA1225B1534B652E79095E12942BBED3F2391EDC1AD85CF8C1210E5F91FA2E3A6F5BAA995B72352EB2ADF4E5216EBCD495288F7CA4670AC76EC739FBB81DD030037E56ED95CE20856A8BD2E8D6A9163E9EEA2B2A86BB6E950235324D319E9350A348DAE21286969C389295A56778DCB393B8613850228E9585ADD6E6E535A87CB592873F8161DC12AF51EC58944BDAA950B89C8F1DF4ADB652CA12A080BC6D1B52A24ED2467B9ED9EDE9C046624E56A26386CC0494CA9B1B4BAC6A7B0CE9F556655254C931CD11DE8385EAA2564A0A11193B8A168504AB048C83B4051EC95F2B44C486DEE37D135A62E848279EF548F3A1A67AF1AEACE9EF2EDAB316A14CB174F2DA8332F24D442A2A274B75B120416C2B1E44AD5D35631B50D11F6D69C2C6554584174A7578B8603D4EEE3DC3EB6F14F62A5388B6CCD03CDDE4741A01E27E97F053C788EF8855DDA4B61D2395ED0EFA42952AA309B9D26688E63F4DB7410DBAD20F70E2D3F615801B6F694F72920AF67F007574A6BAB756DEE01FDC7A9EEEEE7C371F1DC61B42C14947FACE848FDA3A0EFEFE3C54AFCBA54A14188AD3BB9E71A57D73935CAED3B7175C2182E6D788214E213B37047A1CAF20851E2D6A277E50F66DD3E8A629E99AD391E75EA9834ED4CAE72D9AD7060D134A936056EE0B721D4605ED156B4CD11E4843E24C564A9519AEAED285FD59D9E6DA1B238575303EAE9CCA5D9B29FD3C5C753A1EF1AA630CB1C35021CB6046A7ADFBB6F14EED2FE636D8E68B472A36C6AF5F2FC1AC2687F480B99E8AA5FC34A75C4A4462A077BCD2D387025414525276EDC126726A07D0D5DF76DEC3927D6C9F455AC9A972B74B8B9E82FD14DDA9ADDA936CB761177E9094B588735E81216DA4212A48212163CA93B42C0C77CE483DB0FA91D2326E9C8BFAF248AA238E48CF37D0D9561A0348A4589E11A8B5B5274F6A4FD59EBAEAD59D369EC400E74DC6DD8E0BEC384E5237B6B56D01C5BC9416D2024A95C1F24C247DCF3FC247514E237E56F035F1D57034DE8376DE7A1F3AA332D392CD369D52761C7A8F45D4A9D2A75C7773A97095B6B01684615841EDB329207092B8C43106861D6D721174C27FF004F739E34BD81FBA486A3D2E7C3756C1C206F201233939F7E1B5358A5529405BBFF00349FEAF0658AC2E11968B56F446158D2EAFA95744B331B756DC68F4F92DA9A00B0B2971449DC141D0DA4A718DAA27390016F491C2E77C613374742CA22E7BAEEE2CE1FC2F73F4DD0BBBB446E3A846D459712F4A6B91DDA5D15C758316A71F2AEB2C2D452A42D0369D9DF3BB3EDC5249161FEE966121E3A9163E1A78F3A5B9BA9191D389C680B7EDEBC124E9B664C837638AADEE66354584B85E0839D8B240231EA3B1047FC4711B34E1C481C12139642E6583BA2D03D5CA7AE0D83A317F5B5194B9574E9A5BED98CD0387A6C377E04F748DC54A4B6D1EFDBCFF33C27AA361993889B77B40E42F0EB369EBAAD41D4AA25EAE41336CBA738CD429BD9C0C3CE3CD32EB692524A5495A9680464A7BE0FAF0A9C32B9AE69DCA3800632D3A10125396EBB2A16D731367FD0979D4A869A1F5665C559835221749A63052EBAE7550ADA77A88096D3E65B8B08C7980E35C4981B4AFCADDEC0752E3D3C86E740354C7070D74AC73F5FD57E8001CF991B6B75A4975732FA5DA9DCC0C2A65BCA9CAA7D4D94A24D3EAAA5BAB93306F43089297F2A38534EB60671BD1B09EDDFE7AFA6A8734C847E7D75F0553572BA9A88C719F8BBB4B0E7D78ACDBF173AD45B9F9F2AC5CF2264798B88E438A6447503D30886DFD4903D14DAD2B6CFBE5B3C7D530605B82C4D3CB47D5413A31DB1701ADD373942B3F43F56F4C99B7A4D8335153165A29B76C8536CAD82F30A488CF16DD400E0710BCA805A37A5291B927CC07AB9DF030869DCA2628C99038A0CE6F796AD4FE6B35B6D216A5DD6F53E5B119AB75E95390A891DA8EB73689280DADE4A5080E2C96B7958F44173B01C52E294F454CF1202EE45B53A0DBD79AEEAF0EA89DC2488816041F3E55A5CA97255A2DC9EE99D7EC2B9134FBD2B55492D2A757A4D350194B2D341086596D655B5295F577124AC950EE9C63888C5318A9AD9C3AC580717D75E4A714B4AD8D9A1BA9539C9D37B12AF702EE1B76DF8D476A9533AF3C53DA662179ACE4B6523202D40797214AC67DB3C32C2AAA560CA4E6CDB5EE7D77F0BF4F0B6E1FB5B7B229D355DE4BE51ED0AAC979FB629E20CB8F4FAE53D6F2E4C56D979E5A1C8FD35052DC512A411D81CA947EEA2CCE0FBA9AAACA647009734CD58BC2D8BCAEBB8AE2BCDEA8B575D2612DB8EDD4496D4C84A52D35D325452B48464E48EE493D88E367D332A723AC016F2831512431BE307472E4DE547A7D72D71722C178C9FB29467CBE62921408182083DFB8F4F9F0532231380B82973DC5C2E414A4FD0989FE786BFABFF003E0CCC7A21123A9749AE2A6C3A23D0568324A836A92EA5A42CFAAB0B2703B0F427D87DDC3312345DC0ECB8BBF405194CB5E7D8716933EAEF224227B7D565E8CF751B480482D950182AEE09009DB9C1F5E09F7A6BC5870B3ECACEB94D04BE2AD16D894EB6D2D9916F6C46C39C2DB7DD0A0AC7BE148207CBF3E271FABA4B7FC89F9A6D238B7B3D7F68FA2B7795FD4DB52E3D25A5354DB23E32E1D23B7513E99325C64B89F8B616B536927380D870B5215DBFC560FA9E136226E00E135A49F290772107F293A7F786A139AB92B512F5972199F67AAA5549125295AE6D444C616B5AB6A7F5B6A80CFED288C673C0B3CAD05A183645B1AE2C25DCF821FF000ADD33B6AEC72F59F7459D4FA8CD5BB1DE66935280148921A74BC222D07052147CC92082975B6C8FB3C6F8A122CE1DFF005163F31F45BD2CE5A444C3602D7F11A8F91FAAB2B51B90BA15FB74337FE9F41A6DAE6A76F53E5D3985B80C5895232125C69C6DBEE1058DCA3B47DB5139DC0F12BDB16DC1D53A153F06576BAAC74D7BAB2EF2D78BD6F190B96E26A1795494B75EC1C28C85A9B2303B2709524649383EB9E3E8D4C3B2A464638007D125B07389EF56B78565E6ED6E2BF6B4244C4D76051C06154E68ADC99110BDA10E36A5252A5363002D24F90005236F74B89039890B6634002FB2AAB45F97AD61D41E60A877352353219B7283575CABBA8B5848764CAF2B9F0ADA5486B0A5A5F095A92A206D404E55DC145F03DAE6B81BF1F9BF922EA26ECA10D1B15E9E72F466AB69EAB5BF43AD5D5363D224D35F73E0E11E8A64A88510B2B4107295200C7B03F9F0BEA1A6371F875B0D5694533658F7E5401CC8DA8E50935E9D09F79C6CAC456141F52CEF71414E765127EC20E49C9EE013C35C38973D80F8FCB65ED490222AB8B26C5974CE4C34B19B75D8F2A70B722B121B0B0A536F385D752803070ACB993EE3EEF5E1A3A4CD2E8A6E4177BAEA7CA668D5B931979618547A82642CCA5347C854A52FCC3EF04904E7DC704899CD1AA0E48EFB2FBD6B4F934EB1A6474417249434B69B3BF392476207B1FE5C742670901BA1DD19CB653EFF0047F78FFE1AFF0057867EF11F54076327452EC0A856951595499321C6D978A9A52DC24364E338CFCF0387A58DBE812C32B914B571D6EF199BA7BCCBD12974FF00AA438D8296D09503B50949006E5ABBE3B9CFBF03BE3118006E4ADA399C6F7479A4D7249FD1D934D8AE80CB0D2D486369C0792F25FC81EDE471691F7023D0F0254B0076BEB85B46E25539E1CD78552CEBC2EFD2DAE392DF4572DC761B6A2D12EAD4EA0252ADA3B9242F181C24C4DBDA441EC1AA6D42FCAFD56875F159E4A2856C7F45BA1DA6BFA3974DD735EA74C5C8B71D86B532CC171721B71C512924C9D8A401DFA69485A4381791EB9D466322216734EBA10475BDFBD1F4DEF1BBCDDB6EEF2FA251557523907D11B7215ADA454A6A16A2D469F468532A31EDF92D3DF1CDBAD896F2DE50DBB540BA14A076B98053EE527D40A49F0DF82D9801D7CD614C678AB0176C49E9E4AD4D24629D6469ED4276B4C59525B4D1196E33F4B6D13551874F2E4807BE48192320FA630A39051E1F4941DA38CC2E0ED7D7729855D45438811EE3A2CDCBE6B7E130EC0B9E1DB349A37D2725A98E45AAD76D092E876639520E372141B82B0D966385A7086836A4A969E82D6A4B86BC4B46059A47AF242E5C4B30BDEDEBBD79ACCD54E51351B5F2808E4DADF62DC8CF51A522552A6DBED40922A519081F129F87421094BE5A325012E38E37D653450808095AAC51B4EFB160D3EA98511AA634894EB7F2B2BCB904D7BD3736D561CD49B102AB2C5C0115166896F85444A434BC3AD2C14ADC0A516D7DB76D08752A0165BC894ACC3833E3009BF43B5BE5BFE7B961888ABCED2D26D6EA37BFAFA77AF2F32BCC8F2A55BB89343D408B1E6D55A933DBB4E33F6F3BD452731DE40770404F64BE91B8B7942969CF70AE3C964F67CDF3B07C3BEFC9074EAB8A78B176B6EC75AFE1DEB3D79D03666A4EA25CD73683DA5219B1A9F51694CBF0E9AF22332F4942410ADE3EA925E4B8DB41672A4B5919C93C62238054BE4807C1A780D3F9BA64D7CFEEEC64E7E3D7D7C951958A95BF4ED2BB6ED201C44789163B5D161CD814FA63250B248F45607AFCB1F988C712EF341B9B77129734EB37E979124513A488ED6E012A4E14B0A3BB713E99CE7EEF4C7055F45996AFED5EA90ADA8AAA154184B897093DF054938F623D7D3D38F6F9960F686A0FFA72CBFDDFFBBFB78EF23D61942CDEB274AA35D34C132E5ACB74B841437BAFA8A7D7BF61DFFDC4F16324E633F08B952E1A0B745DCBF58B0ACCB41540B2A80B2B9D223257569C4A5E75A495ACF4D04652951C654719DA9006324E3099659733CED7D173972A72721DCB2DDBACF25776C672245A2D327B8B921E056B96E351CBBD04253DFF006372958002BB67040F2A637491B9C3808A66815B1CA868AC1B53C4774F19A929505E762BC66A11B5A710FB28929180720E0A13FD5E1661D7356C6386A1DF608C3FFE7714CFE62347F56EE0D5A857269B698D6ABA68F73CA66A552A6D294F0436EAF0B57D5A481B7016476C03EC33C2E9E8A696B670C692093A81A5EE9AD3D546CA66E6201D3E49A766F862680DC960E99DD77769D5D0F5C72A8B324DF353B56AAA75C44F494188564F55A69070B2AE9A4A86076CE017F0E17198230F6904839B5E52F7D63DB238820F44516AD4CDE56637A608D4FA05B6F56223AC2EB3753404460969C5296E153836214ACF7494A8E529F9E67291B9AA5B4E32F22E7C6F7F1E1379486B4CDA9EE1F253339E13F2EA9AB352A547E6A396C32AE4B85A974771DB856633AB43DD7E8C7434A5A5008DC854773CC50484EFC050A0187CA6573AEDD4E83A6AB2FF005389B135B95DA0D4F5D3D1BA9DB42755C50B5AA956231A79A709A95BD55856CB15C8300A024C596E3267151706E52CA8EF27CA5A4E30827770BEA1F7764CA381E60FE794C036D197E627736EE236F25A934EE572FBB69D92CD3F98FD2AB8AA330B11A253AD586ECB9B20B0A2A0B425A708672A57D638AD8D6D0029490071B9C1EA6FF0965FE11CF1E5CF295BB1281CDD43B93C73FC70A5AAF5B9AADA95AAB705B96B697522ABFA3702A91EE7AA374412570CBCFEC2E2DFDC42529534A08701EC9CF657A840D1532F691B610E20B81205F73BF88B69F84E334308639D2900E52013D06DE7CA3FA9F29B5E7BC3668BA4F6DDA6E2EF0B875BDB6E7212B421C9ADA56E146F3BF629B4B6D052028900774E0A8E5D454B2B304113596797EDCDFA25D25546EC54C85DF0866E8135AB971D6AD3F73AF73598A87122C17662D497D979C6A32079DF2CB4B52F6F6090A20249EDBBD784E70CC4A9E3CEF8C8B787E0A21959472BB287EE94941BE170A4267C06DF78C80B2D415F9CC76C6479B181D81FE59E33768DB2D1C9757BDFB2E5BAB54C88825C3E46F073DBDF20FAF1B42D42C9AA0DFD2FA77F9B17FD51C1594AC32B546F6AD4A4F452B776B8B28CEF753B8838F6CFA7E5C53C805D4CB0FC2BD57C749EA5C16CC76C1EBA96A5819528F60324FB004F6E3C60B12BAB5D51FE1D57F57295559D6133D3553A14D8D5C61216E36BF8A6D60E0ADB5254A6D4194254827053B876DC78EE239DC5876DD6845B55A19C8BF32D77D7754ED8B1AA96A5BAE8BA1F933A655554F5999196E472EA90C2FA98423727B02938DC7BFCB2C25F70E361AB895A4EDB1D3A2A2F5375D75121699551DB36A4CDB9399D4A95416AAB458E90FA63C74B6B0BFAEEA20BABC94AD452411E8127BF05D5CEF8699CF668415FA18DAF9003D1086BE4BBAEC0E5EB4E35674F351AE6B7EB7783929575BF45AF3F1DBAABCDA0E243CD21411D53B4052D294957BE7030AAAEAA78E963998EB176FD3E47646C10C6E95D1B85C0D907E9A73CBA85A43A6A8B12269A5915E8B1DB79C2FDCD477A53AEE5455B5643E94A923D00DBFCFBF1E503C369402D0753B8EF5D543499F424683629B7CD5F3370B47B95CD37D5BA2F2C5A4551997DDB6B7EB502AF6425C889CB6C28B6DA10E215B0F55430B52CE31DFE6DA4C8D607068F921E2CEF9082E3F353A72C8F589AE3CEB459DAA5A1D61D5A31E5D95351497AD660426E42EAACE1E4B290121C425D5210BFB41200C9EE48D1B239AA86668FD3D3BD10F9248E90E571FD56DFB95ADA7160E97581CD756B957468E59756A246A647A83157AB5A30955205D8EB74B2B79A69B4BADA4A0049710B581D8ACF6C1AC8A363CB4347C902F924734124FCD110D21A14DE79EA16BDAF5BAB5A90FF00A248331D6ECE949A6F59C4CE71B46FE8A46E09492123DBF2181638DADC55CD6E80B01D3C4A21CE2EA105DAD9C77F05C0E6C349ED8D18D1D8D0ECA99556D4E5DADBA64BB567BAA990F0794B9095A1492877255E64E061441078DE7A48DB0E569235CD7BEB7EBEB4583677992E6DB5B6E120F9E7A3D5341B44AD8BAF4F2FAB850DDD908C9B929152ABAE644A91296C96DE0FEE5B88F311852C903B03DB849ED04B3D1C71C31BCD9F706F624EDCD933C2228AA5EF7BDA2EDB116E37536DA488EE36985F06C8438D29390D8CA42BD719FC7DF892B929BF2913ABB49871AA5BD849484B853B47A1C13EDF9706C07443C8103F93F749FE1C1972B1B05FFFD9, '2018-01-26 15:16:18');
INSERT INTO `movie` VALUES ('9', '312', '31', '321', '悬疑', '312', '312', '312', null, 0xFFD8FFE000104A46494600010100000100010000FFDB00430006040506050406060506070706080A100A0A09090A140E0F0C1017141818171416161A1D251F1A1B231C1616202C20232627292A29191F2D302D283025282928FFDB0043010707070A080A130A0A13281A161A2828282828282828282828282828282828282828282828282828282828282828282828282828282828282828282828282828FFC000110800A000A003012200021101031101FFC4001F0000010501010101010100000000000000000102030405060708090A0BFFC400B5100002010303020403050504040000017D01020300041105122131410613516107227114328191A1082342B1C11552D1F02433627282090A161718191A25262728292A3435363738393A434445464748494A535455565758595A636465666768696A737475767778797A838485868788898A92939495969798999AA2A3A4A5A6A7A8A9AAB2B3B4B5B6B7B8B9BAC2C3C4C5C6C7C8C9CAD2D3D4D5D6D7D8D9DAE1E2E3E4E5E6E7E8E9EAF1F2F3F4F5F6F7F8F9FAFFC4001F0100030101010101010101010000000000000102030405060708090A0BFFC400B51100020102040403040705040400010277000102031104052131061241510761711322328108144291A1B1C109233352F0156272D10A162434E125F11718191A262728292A35363738393A434445464748494A535455565758595A636465666768696A737475767778797A82838485868788898A92939495969798999AA2A3A4A5A6A7A8A9AAB2B3B4B5B6B7B8B9BAC2C3C4C5C6C7C8C9CAD2D3D4D5D6D7D8D9DAE2E3E4E5E6E7E8E9EAF2F3F4F5F6F7F8F9FAFFDA000C03010002110311003F004C518A515634CD3E7D5B54B6B0B5199A63819E800FBCC7E839FCA91F274E0E72B23A4F01F862D756125FEB0C4D8C521448133BA661EA7A8519E9DCFD2BBDBE7BCB9896F3C29AAE9F70EAC3CC4BB62636FF00658A9DCAC3B12323BE6B427B8B3F0BD85BD8D9D85CB5BAC642FD9A232B617192C0727A8E79AF09F88163A1EAB7E65F095BDDDADD49B8DD3043044D93F79548C893279E318CF1BAB87113B3B23E9F0987F670B4497C73E375F131FEC6BAF0C247AC5BCE163BF86F3CC8E070E036D60A37023B1E3BF6AD5D1355BBD17525B9D3E4C16C09603F7665FE84763DBFDDAE6FC3FA0C3A546CE8435C37F1053B47D33CE4F726B52470A315C5ED353BE10972B4CF6AD1B56B0F1069CD2DB11246CBE5CB1B0C321EEAC3FCE7A8A6DE23C48B0CAFD1F75BDC37546FEE3FAF5C67B8F7033E49A078827D07538EEA21BE03F2DC440F32A73C63D47241F518EF5EBD2DE5B5FD806B6612C13A878E507AF7047E86B4848C9D3B142D7C4363A2BA4BAB4D1D9DA5E4810CB2B0548A70305598F4C81D4FA7BD75EB8232A41046411C823D6B88D24E9DAA6B91DB5D3413F9D6ED33DAC882452E84216E7823078FCEBADD274CB3D26C96D34DB74B6B753958A31845F651D87B0E2BB60AC8C59A2BDE969AA79A5CFAD0C05A29A0F15465D4E357F2ADD7ED1707A223703DD8F451FAFB501627BC9FC9D8B12092E1F2235FE649EC3A66A9DAE896F15C3DD4E4DC5E39CB4D2751FECAFF00757D87E39A96CA078834933892793019C0C003FBAA3B01FE26A4B091A4F3A5639576CA7FBA3807F1C13F8D160124B18CB1298507DABCFBE21DA4DA769B7DA844DB6396110BA800057CE03FE20919FA57A6F515CBFC48B3FB678235855DBE62C2590B1C004107FA5382B322AEB4E48F051D293B51D8FCB22FA0742A71EBF4F7A5F5AE98EC7CB356761FD8D769F0A751B2D2E7D6EE2F401E45A09BCCC7CC1031DCA07B92BFA57155B7E07449FC4B0D94EA1A0BD8E4B5907B32123F5514A4BDD67460DDAB267AE787751B7D5127923BBF3EEC90D22B214645232AB83D864F238CE6A8F8B3C2B06B3034F6C122D457244847CAFECFFD0F506B8D92DAE34DBD7B09A468EF6D4FEEE4524332FF000B83F9FF005FE2AECFC25AECFAA2CB6DA8222EA1100CFB06D5950F1E601D8E7191DBD6BCD92E6DCFA98CAC78F5E2DC5A4F25BCF1BC52C676BA9EC6A02C5875AF56F899A225E69BFDA7000B7F68A0B63969621C953EE3A8FC45792B4B89E0B786392E2E6E0ED8608577C921EE42FA01C927A572CA36674D39DC4BAB886D2D9EE2EA548A14E0B31EE7A0FE75E93E08B7787C27713F8861921D2E11232ADC2B2B18F196DC0F2177676AF19CFD29BE16F055AE85E4EBFE31BC8E596DCEEB781947916C4F4DA3ABC98CFCDEA78158BE39F188F1042B67631CB169FBB7BF9836B4CC395C8FEE82338EE715D5470D3946E71E2B171A716BA981A2EBB73A7EB69AA5882D223B858E772DFBB3801598F70A00CF6C0AF4C87E2AE9DF650D369F782703063428CBF8316191F85791834DAF45533E6A38CA91EA7AA4FF001650806D7479371E8679D547E20669BE18F1D6A3AF78960D3EE8C36903C6ECAB6C0B166519DACE7A0C64E40ED5E60A7BD6E782E7F23C5BA5396DAAD298D8FB32B0FE78A8A90B44DF0F8EAB52AC60D9EDF2FEFD0A4DF3A9FE13D3F1ABD676A2DE20A02A9EE1460545A646248FCE61D7A0A927D42085F631DF2768D3973F85611573DF6FB0B78CC21F2E33892522353E99CE4FE0334925CDBDA2AA3B10C47CB1AA92C47B01CD5730DDDD482499BECC8176AAA10CFCF539C607E19FAD5AB6B5B7B7CF9510DDDDCF2C7EA4F26A93B08837DEDC29D882D10F77F9DFF21C0FC49A9174F8776F9CBDC3F6331DD8FA0E82ACB0CD28E0628B8AC783FC4F767F1DEA0AC73B238547D36E7F9935CC7AE2BAFF008B10345E3392438DB3DB46E3D88DCA7F957203DEBA69FC27CC6234AB21D52DA5D49637B6B790805EDA659941EE54E48FC4647E3510ABBA269D36AFAC5AE9F6C0EF989CB01911A0FBCE7E9FCF02893D08A5CDCEB9373DAF5DD160F146916F770304B831AC96F328EA08CE0FB735E7E9733E95A8C5F6E8DED6F207C9DCB8DE3F8803FDD2B9E3F2CD7A8F87AC974AD3E3D3E0667B7B7012377393EE3FAFE3ED4ED4DED243B2F2C9E70BD0F905C7E06B8651BB3EA96C73E659B527923D3889564520DC346CD127FF00147D871C727A549E1DF0C58785F4E7B9BA915A758BF7F772A852C00C927FBABC74157758D42E626862B2115A5B2234B713C83E78E25CE4AA76CF1827F2AF1DD7FC4DAA6B9E67DA2F25FB1798DB6D780BB73C6E2002DF8D5D2A09EB239F138BFABC3D46F8BBC4775E25D4A4964971648C45BDBF60BFDE61FDE23F2E476AC3238E95267AD211915DB1563E6A739557CD21806338A00E39E69F8AEBBE1D787FFB42E1F53BD43F6281B6C3C67CD973D707B2F07D09FA54CE4A2AF72E850956972A337C33E15D535D2AE96D25B5A1EB713A155FF808EADF51C7BD77FA4F85B49D222961B5B76BFD4CAE0C8C03B27A100F118CE39EBEFC57496B7D7377A779854ABC733C132C6769241C021BF2FCE9DA65D1B1B85B69E0895666F91A01855C750CBF52006E724F38AE77372DCF7F0D85A7435B5D966CADEEE4B645BF754C0F9E2B724027BE5BAFE58ABD1471C29B6245551E82A5C7BD2019A93B50EA28AA12EA5107315AAB5CDC0EB1C7C85FF79BA0A9117EA94FA95BC3279419A49BB471A166FC7038AC8B86BC29BF54B85F9465ACECCB676F72CDD4F1F4AB31CEB1C012C2DE2B785D4152A07CC3D70381F893401E65F17125935AD36EA489E257B668D430EAC189C0F7C106B875E01AF6AF1D067F066AC1D05C3243BBE62011C8DCE0F6C0C9E2BC540E4FAD75D295D58F9DC7D2E4AB7B92715DD7C1AB699F58D46FC46DF66587C9DE7FBE581DBF90CFE22B878219AE6EA0B7B58FCD9A67548D738F989C0FC3FA66BE84F0A68B1683A1DBD84443141991C0C6F73CB37E27F4C54D4D558BCB69B94F9D6C69C31F1CD498A5514EED585ACAC7BD73CD3E28DE8B4D21E15244BA830B7E380B1AFCCF8FAF02BCA40C5755F127551A8789E4B546DD158AF95FF6D0925BFA0FC2B96C715BD25EE9F399855556ABB74D0663AD1EB41EF47AD6C712F225B58EDE4B844BE12FD97FE5A08941723A6173D09CE33DB9AF43D1FC51ADEA8E2DF43F0C5B3D8A61170EC88883A65CE0647A004D60F82FC3905F5ADCEB7E22410E856D0B48EF33145971CB1F7403393DFA0EF5E77F11FE2F5EEB89FD95E160DA3E8280A036E7CB96E53D4FF710FF0074727B9ED59B8B9687B38484A942ECFA2B48D66CF52B5D4A3B2B885E582E84372B1B6560708ACE0BF42540393EBC578D7C6AF8A7632DB5DE83E10BCF3649711EA1A943F75173FEAA26EE49E4B8E00E8493C78B78674FD5757B983C3DA1F9D37DB26C2D82CAC913B6D39761D3850724F6AFA23E1B7C05B0D1A74BDF19496FAA5CA1568ACA307ECF130CF2D9FF0058793D405F6353ECE095D9DF19B91DA7C10F165C78B7C096B737F14897F6FF00E8F70EE847DA0A8189973D438C1CFAE457712DDA45D558BB7DD8D4658FD4761EF54A687ECCD14B6E30D810127A2A9E9F91C63EB4A89E72EDB26711B1065B95397931E87BFD7A0EDED9E9D0DA37B0E512DE1CDCFC9177857A1F666FE2FA0E3EB532CABF347648AE63239030A0F3C50DBE777B78DB644001232F5CFA0F4FAD2C4121716D6E80471A9C807841D863B935162904566BCF98F23E7A8CED53F80A23D2EC6352B1D9C0AA7B6CAB4140CD3A90CCFB8D3A3214C6234F9763218959597B8C119FD6BC47C71E1C9F41D565916D8A69D70F981D06510FFCF3F55F607DF15EFA466AADF595BDFDA4D6B791AC904836BA37F10F4AB84F94E5C4E1FDBAB1E5DF06744371AA5D6AD709F25AE60849EEE7EF11F41C7FC08D7B0565785F4A8B44D0ED34F84EEF297E67C637B9E59BF13935AB4395CAA14551872A13155F51BA4B2B0B8BA90131C31B48D8EB85049FE5567D6B8AF8B57BF66F084B08FBD752241FF012D96FD01AA8C6E5559FB38391E246569E79A790E64998CAC4F72C49A5EA38A68EF8A45E0B735BAD11F2CDDD8FC67BD76BE04F06DD6A3A84379AB5BB43A6C58730CABF34EDD8153FC3CE493D7A7AD5AF84FE1D6B9BF3AD5E467ECD12116DB871216FE31EC00E3EB5E91E23D6ACBC3BA05FEB1AACBE5D9D9C4649180C93D828F524E001EA45473BBD91EB6130565ED267867ED3FE2B78A3B1F0958CA111D16EAF5549F99431F2908EDCAEE23D96BE7D8637964448D1A46760888832CEC4E02A8EE6B57C51AF5E78A3C59A8EAF7516EB8D42705634E4AF448E2F7C0C0FAF3DEBE93F82FF0007E2F0988B5AD78C173AE14C451AA83159E41C853FC4FC9CB7D40E39ABE7E5477A85CB1F03BE182783EC9358D642C9E21B98802B9CAD9C640FDDAFFB4703737B6071D7D5259638636799C2A8EE69AE5F785863663DC9E147E3DE991DBE24124CC659474661C2FD076FE7EF5CB527CCCD610B0C0925D0FDE878EDFF00B99C33FF00BD8E9F41F8FA54B26F08B0C20A29E0B2F1B17FC7D2AC1601093DAA3442AAC5B97624B1FF003ED49176B0C91D2D2D7E45E140555FEF1EC296D10DBC451C86918EE76F527AD46A0CF799EB143C7FC0FBFE40FE79AB2C3927340598FA29146296A4A131EBCD1B452D1400F0319A5A28AA2451DEBC9FE355EEEBAD2B4F3D02BCEE33EBF2AFFECD5EAE2BE78F1CDFB6A1E2FD4E67C88E1710293D1553827F3DC6B6A670E3E7CB49989B7FDA51F538AEDFC0BE0793548E1D575885A3D3B6F991C0DC3CE3A8247653F99FA75BDF0F7C0EB78B0EADAC29F207CF6F6CEBFEB3D1D87A7703BF535EAA060D39CFA1CD83C0DBDFAA8834F84C16AAACAAADD5947407D07B0181F857CDDFB5078CD2FF0057B5F0B584A5A2B03E7DE153F299883E5A9FF707CC7DD97D2BD9BE2E78D17C11E109EFA10AFA8CF982CA3273994FF111DD54658FD00EF5F16C8EF2CF34F3CAF2CF33192591CE59DC9CB31F72493554617F799DF567A72A3D2FF66FF0CC7AEFC435BDBA5DF6FA343F6B553D1E763B63C8F6F99BEA057D76A7A8AF0EFD93F4C683C21ACEA8E306FAF36A93D4AA2819FCD9ABDC54E3359D697BDA1B518DA20A3A8A00E39A5E9D293A8E9FAD606AB422E5A74423841BC8FCC0FEB4EB897CAB7924C03B4640F53DBF5A4887EF647FEF1007B63FC9A8AEF996DA3EDBF79FA2FF00F5F14C09ADE310C4B1E7242807DCF7A973EB481A968105145148028A28A00928A28AB24ABA8CFF0066B4926DBBB60CEDCE33E9FAE2BCEFC27E04B78EF65B8D7DD2EAE84ECF1A2337964F07E607963939E78E95DC78924D961855576273B5864155F99BF4155AC17F7E9213F7AE644231DB67FF0063493B112A6A4D37D0D9C6071411C93E94F15CD7C45F122784FC15ABEB046648213E48C70D2921517F1623F5A2376CB68F977E3EF8A5FC4DF106EE1865DD61A5E6CE15FE12E09F31C7D4F19FF64579CB87D9FBA43248582AA0EAC49C0029C996E646DEC79663FC4DDCFE35E99FB3D785D3C45F1092E2F221258E931ADDB29E8D31388BF2F99BFE035DCBDC8DCE2F8E67D35F0EBC3EBE16F01E89A30FBF6D6EBE69F591BE673FF7D135D12F14B8E28DB5C7F11DEB4D04DD46E0075A41D0D283D735024C6A956CE39C75A85086D426240F923553F8924FF214EB753B19BB31CD0142DCAE7A48B8FC4723F99A632C5145152014514500148EDB519BAE06696A1BBE2DA41EA314016A814545713C76F13CB332A448A59989E00154498FAB3BC925EAB10218ECC82DE8CFFF00EC8A769C3165A573D6527F357354753F3AE34BD44AAE24BA858EDFA8C20FAE31F9D6BBC62DC69D12FDD470A3F046A00B8D2AA23BBF0AA324D7CDFF00B53F88CCD2E9BE1A888DB8FB75CA77C0DCB129FF00C79BF2AFA0F586531470B1DB1B92D231E8117924FE95F0F78E35F6F14F8CF58D69F3B2E672210DD5615F95063B7CA01FC4D6D421CCEE65565CAAC62818AFAB7F663F0F8D27E1D9D4E45FF4AD5E66B866239F2D4EC8C7E409FF008157CBFA16933EBFADD868D67FF1F37F30B746C7DDCFDE6FC1431FC2BEF2D234EB6D274BB3B0B28C476D6B0A41128EC8A30056B5DDA3622843ED16C734530E3A628CE3A0AE33AACC5539EF4C9C9F2D80E5BB0A933826A3949DB9552C4761400F886D8C2FA5477485A2F93EFA90EBF51DBF1E9F8D5692E2EC29105B7EF0F42E4E3F4A84CDAB778AD4FF00DF54AE0694320963575E869F5916973750DFBA5CDAA4104C7E4225DD993B8E8319FE63DEB581CD002D1451400557BD6DB09E33920558AA1AC48D1DB657EF13851EAC785FD48A4C0D2F5AE6F5181356D5224B8694D8599124B1F44771CA86F5C60363A0E2A2B6D56F7579644B3B2B98220D9F36E136AA8F5C7563E8A381DCF6AB574B1C702D8C3B82E733C84E58FB13FDE6E33ED9F6AA2489E4796D2E27727F78F9451D8160147E2173F8D6DC90EF785F71F90EEC7AF04566DFC652CAD431E4CE8187A0CF4FD29FABEA696221B70CA2EA65246E6C2C683EF48C7B01FA9C0F7A514D86C709F1B3C40DA37C3EF10DE236D9EE635D3AD88EA77B1527DB8DE7F015F2204D8BB470A3A0AF64FDA27C51A7EA69A3687A3CAD3C36AEF733CC09DB23FDD5C73CFF0011CF4E78AF1DEBD2BBA84796272559A9BD0F56FD98F463A8FC4B7D4586534CB479013D3CC93E45FF00C77757D644820D78F7ECBDE1CFEC9F014BAB4F1ED9F589BCF04F530AFCA9F9E19BFE055EC0475AC6ABBB674505688DA28A2B03724A28A29123738E3148705194F4230681D690714CAB1937105CA5BBC53B1B885B1804FCE8472086F51D79F4EB536937AEE3ECF77B85D28E4952A1C7F7876FAE3A1FC2B488AC4BED26E1F6496F73B9A13BE312A8DC8DEAADF4E082083408DC1DE97D6B2B47BF96E0C96976A8B7D060CAA0F0C0F475F63FA10476AD45E33400B59BA80F32F6CC371121799CFA051C1FCC8AD2AA76E04B757523F2AA0423F0E4FEA690864B27963ECD680070325CF48C7A9FF0FE955ACA05691581CA0F9B2472E7FBC4F726BCD356F88935C5924361A42C459CB4EB3C9E62C9C7032A41233D41EC00A5B7F8A5AA2CB8B8D2AD1A01FC085D0FE6723F4ADBD9B7B1C7F5CA3DCED7C6BE22B1D0E3B44B97325CBC8248E08FEF30008C9F45C90326BC6B5CD52F358D4A7BCBC977190808807CB1A8E8A3DBAFE3515F5D4F7F7D71797B2996EAE1B748E7F4503B003802B3757BEFECDD26F6EC1F9A288941EADD07EA45690A563CBAF8C9569F245E87987892F3FB435CBCB80494DFE5C79FEE2F03FAD56D274C9B59D56CB4AB400CF7D325AA13DB73004FE0327F0AA417693CF27927D4FAD7ACFECCDA27F6A7C476D4245FDC6956A6607190657F9507D71BCFE15BFC313BA82FB27D57A6D8DB69BA75AD859208ADADA3486241D1554600FC85590322947AD28E2B8B73D18AE5D08A8A28A82C928A28A448514514011D3969B4E5A65181AD4445FDBCD6C552EB3BB79E9B173907FD939C67DEB62C6E85DDB2CAA319182A7AAB77523B1078ACD994C97925C31CC7FEA9074E14E58E7DCE3F2A7DA39B6BBDCE408A7211B1C00FCE0FE238FC16A39ADA08D627686279C0CD43631B476EAAE3E73F33FF00BC7935381EF40EF55B81FFD9, '2018-01-25 00:00:00');
INSERT INTO `movie` VALUES ('13', '啥事', '恶趣味', '恶趣味', '喜剧,剧情', '大三', '231', '321', null, 0xFFD8FFE000104A46494600010100000100010000FFDB00430006040506050406060506070706080A100A0A09090A140E0F0C1017141818171416161A1D251F1A1B231C1616202C20232627292A29191F2D302D283025282928FFDB0043010707070A080A130A0A13281A161A2828282828282828282828282828282828282828282828282828282828282828282828282828282828282828282828282828FFC00011080118011803012200021101031101FFC4001F0000010501010101010100000000000000000102030405060708090A0BFFC400B5100002010303020403050504040000017D01020300041105122131410613516107227114328191A1082342B1C11552D1F02433627282090A161718191A25262728292A3435363738393A434445464748494A535455565758595A636465666768696A737475767778797A838485868788898A92939495969798999AA2A3A4A5A6A7A8A9AAB2B3B4B5B6B7B8B9BAC2C3C4C5C6C7C8C9CAD2D3D4D5D6D7D8D9DAE1E2E3E4E5E6E7E8E9EAF1F2F3F4F5F6F7F8F9FAFFC4001F0100030101010101010101010000000000000102030405060708090A0BFFC400B51100020102040403040705040400010277000102031104052131061241510761711322328108144291A1B1C109233352F0156272D10A162434E125F11718191A262728292A35363738393A434445464748494A535455565758595A636465666768696A737475767778797A82838485868788898A92939495969798999AA2A3A4A5A6A7A8A9AAB2B3B4B5B6B7B8B9BAC2C3C4C5C6C7C8C9CAD2D3D4D5D6D7D8D9DAE2E3E4E5E6E7E8E9EAF2F3F4F5F6F7F8F9FAFFDA000C03010002110311003F00F7FF0016C4E195FAA11815CD44E636041EF57AFB549EF23092BE541C818ACFC573BDC8948DE3E20916D238A3F959060B7AD64DF5DC979299253B9B18CD57C518A04E7726BBFF005ABFF5CD3FF4115054F763F78BFF005CD3FF004115122EE602801A06E3815AD05ACD15A412ED60BE6310DF97F855ED3FC3F2B049242AAA707AD6EEA8D6B65A3CEF7276DBC29938193C7A7BD3516CB8AB6E606A572DA96A0903106DECB69703A3CC4647E0A083F53ED4D9E4F2A266EFD0556D1ADDEDEC879E313CAC669467386639C7E1C0FC2A2D5E5CB2C2BD719343773AA11E851DDBA666CE73DEA1BAD42D2CE5B68AEEE2289EE5FCA895DB0646F415301815C0C77BA678BAF9755F22E51F45B811C11B63170EE414FA72B93DF148D9E88EB8DAFD8F58302B21845B830AAF545CF2A7BE01C95F40CC074AD0B61FE9117FBE3F9D416364D1AB92C649A46DD2487ABB7F87A0EC29BA85E7F661898C665B890FEEA2CEDDD8EA49ECA32327DC77341C0D39CB4457D62F8DA4BE5C28B25C4992158E0000F24FE607B93F523285DEA0CD96BB8D3DA38401FA93552596496EA5B8B890493C9C12061540E8AA3B0E4FBF3CD2093DE91EA50C1C231F7D5D9AD6C0DFEB36C239A5B49CC6C167B7621832F2320E411F7B8230735AFE01F8816DAB6B579E1CD5E5862D7ACE568B2BC25C853D573D1BD57F2CD61F87189D76C4F6DEC09F6D8D5F3DF8FAEDE1F883ACDD58CD246C2F5E586543861CE4106A93B18D7828CAD13ED0F0E5BC56D6B756F0C62310DD4ABB47605CB0C7B618558BFB948A454774445FDE4AEE70A883D4FB9FEB5E4BE15F1E6A965E1AB793528A27BD94C325D4C7E6918491214648F237B6CF98807D700D7A7F87AD74CD5E08B568EF8EACB21DC92B91B108F440000474E4161EB59AA7CCCE76DAD58F8A17D72457991934A420AA38C1B93EA41E420F43D7BF1D7771C54B8AE67C61AA3DBC29A758B917D740FCCBD618FA33FD7B0F73EC6BA1454119EB26794EA7A5BBFC4BD53C45A621FF0048730A21FF0097858A2C391E9965007FBB9E86BD0BC2DAA247B5E3C3C3300723B8ACFD3AD521D7ED225188AD6CDCA8F4DCCA07E8A69B7908D1B5757518B1BC7CAE3A4737523E8D8C8F707D4565E65CE36D4F4C5E573EB59DAEDDB5ADA1283E66E33E959171E24380204DA07AF26AAEA7AD0BDB41134603839DC0D68E5A58CAE8C980EEB863FF004CDFFF00413557D6ACDA7FAE6FFAE6FF00FA09A83159D8CEE4B18FF439BFDF4FE4D50FAD4F18C59CDFEFA7F26A8706815C6D14EC518A02E20EB5D77849650AE4FF00ABC7EB5CA201B867A5765A46A1676F611A17C37F10C77A71DCB8337474A2AA5ADFC172E5627C91D8F1456C9A28F3AA5A5FC28FC2B1B188DA5ED4BF8518CF6A044B77FEB17FEB9A7FE822A1538208A9EE87EF17FEB9A7FE822A1A7619D77866F5E58CC2E72AA3209ED595A85E7F6EEA00C473A5DA49943DAE251FC5FEEA9E9EA79EC09C68AEA6B8964D2ED18A09101BA994E0C7193F741ECCD823D864F5C56F451A43124512848D00555518000E828BE963AA9C6EB98576088CEC700726B05A4334D24ADD58F03D0569EA6DFBA083B9C9ACC0315274C05505982A8CB1E00ACAB78A2B8BEF32D9112CAD5996208A009643C3C9C7E2A3FE047B8AB9A9BC91DB47040C52E6F094461D638FF8DFF2E01F56159B71782302C34B017CAC23CA0656103B0F56F6EDD4FA10CAA394DFB381D7E8FAAD8E970CD2EA3245142149DEFEDCE07AFD2B87F11EB136B1A91BA9225B7411F971423AA21393B8FF0078F191DB007359D2224B726E65669122388CC872647F5FA0F41C530E4B12C724F5345FA1DB87C32A7EF4B7285FDC88ED2564E4ABA467EA580FEB57490327A015CB6AD7DB2FA3D3B1CDD5DC4C847FB3282DFA2FEB5BD20FB65C1B71FEA23FF5C7FBC7B27F53F80EF48E873DC725CC8613728FE541860A7B9420866FC4640F639AE37C51F0DF54D56F2E754B492D512441208199BCC271C8E98C9F4CD76F7CA1E38D0FDD691131EA33923F206B466D505BA8FBCCCCC1555792CC4E0281DC9359CE6E2EC8C25152DC974EB2D3ECF444B89A75732429BEEE52012028C01E8071851C0E95A9F0B1EF34CF155F466D2E5347D56359239644289F694CE7683CFCC9CE71FC15AFE10F0BC56A12F3548924BF2C645463BD60C9CED5CF1919EA2BA7D7D4FF00670B850C5ED254B81B464E14FCD803FD92C3F1AAA54DA7CCD9C956A26B912D0BFAE6AD0E9364679433BB1D9144BF7A573D147F8F40324F02B92D32DA67966BEBF60F7B70773B0E83D157FD90381F89EA4D1199F53D6E7BEBF057C95114101E44208C9CFAB90573E9CAF6E74856B27733846CAE676998935DD524ED1086DC7E0A5CFF00E8C1572EECE2BFB19EC2E73B1D7008EA07661EE0E3F2154742E65D5243FC77ADFF008EAAAFFECB5B38DC032FDE53C7F85243671D6524A1A5B4BCC0BDB63B250380DE8E3D9873EDC8EC6AD55CF15E9D24891EA5609BAF2D8619071E747D4A1F7EE0F63ED9ACEB3B98AEEDD2781B746C3D3041EE08EC47A516396A4397D0B5663F7ADFF5CDFF00F4135128C9C54F69FEB9BFEB9BFF00E826A253820D3B199A56FA64F2584AE11B05948E3AF5FF001ACC7428C41EA2B7ECF5CF22C7C92A49008DDBB91E95872B6F72DEB4AC54AD623A297F0A3F0A2C4094A188EE68FC28FC28B0C9ED2E5E0903231041EB4541F8514586A4D0B452E2802AEC45C0027A735AFA1E982EE63E68223032715168CB6CD7005D64276C7AD7696B0430A7EE14283E9DE84AE6B08E97390D674E786E48504A85001F50063FA5625F39B4B692465C951C2FF78F403F13815E9AE1704B0181EB5C0EBB226A7E26B2B68D408601F699303AED384CFD58E7FE0149AB15C8A4C9748D3D74EB431E77CF23799349DDDCF53F4EC076000ABC2971505DCA21858F73C0FAD41D49142E25F32666FE1E83E9496E8B24C030181C9FA55667C035CEF8A35758920D2D65F2E6D4494C83C88D465F1E99E07E341AD882EB573ABEA57735AC863B5CF90B38EA635EC9FEF1C92DD86DEE385792386D0456CA234E800F4AAE91848D1514280A000380052B7031E941BD28C61B6E4073DFB703DA9B9DB203DA9E4E7E94C7C6D3BB8A46BCE707AD1B8FF84D74D863837C82579908E9D18127DBEE93F8D7736900B78563524E39663D589E49358D2327FC251A774F31A19FEB8CA55DF10EA234CD2E59863CC236A0FF0068F4A0C9CACD99DAFEA2EF2ADBDACA13CB7C96C672C01047D39C7D6B6FC0FE15BCBED5F40D6B51B9696DD1E69E2842E140501558FB92C48F6AF34D123BBD6F5DB2D36D4B19AE5C26EFEE83CB31FA0C9FC2BE9ED1AD12395ADAD5710DB225AC43D00193FCC7E55115777665527EED91B3631B48C71D0753572F1A3B6B2B89E63B62890BB1F603356EDA0582108BCFA9F5358BE32706C20B31D6EE758D87FB032EDFA291F8D742564715EECC8D311D2CA369FF00D7CB9965FF007DCEE23F0271F8559A09EF546FEE5A2F2E1808373312133FC207563EC3F9903BD666C887C3E7FD12E5B9F9AF2E0F3ED2B0FE95AF1BE2A9C1124112C71F0A093CF724E49FA927352838A0762C4D3183F7B82D0FFCB4039207F787F5AE575DB16D26F5B51B05325A4DF34F120CE47F7D47A8EE3B8C77033D4C525235A07B69214FBBF7907F74FA7D2A910D27A332B4F84CB025D43F3DBCB139491790C369E86A0F29BFBA69DA4DE0D0AED99C7FC4A6E1B17119E9039E3CC03B027EF7D777AE7B97B5B6B681DD614E013C8CD348E7952B3B1C090475A4A9AE71E6B638E6A2C50918BD189452E28C53B0AE2514B8A314582E2514B8A28B05C5A29D4629937163255B8AED349B98E3D311E57000CF535C5549E6B05C02682E13E53B58F54B49B2A640B9E3E6E2B8EF0FC6B3C97FA97DE5BA98AC27FE98A6557F0277B7FC0AB3756926FB0BC703159A764B746FEE976099FC339FC2BA9B7B68ED6D618215DB14481147A00302A5EA745295F5022B175190B5CB2F64E2B5AEA5F263CE79ED5812BEE12CA4E33D33DEA59D50EE51BFBB8AD9732B819FBABD4B7D077AF2AF18CD7937C4CF0FAB45B618E13226393862C18923A7DD15D8E8D613AB4F7BAD5CACD74F969641C246BD9507651FA9AA70C4B75AACFA8BA10EEA238C1FE08C13B57F1CE4FB9A46B6B9A2EDC0038C0E6A12D91ED43B66A09E65850B3B2AAFA938141487BB851CFE559FA85DC56B0493DD48238906598F6F6AD3B0D32FEFFE6863F2633FF2DA7523FEF95EA7F414DB7D02D6F999DCBCB0AB1512C84167EC4A8FBA8BD70705BDC772C43AF1BDA3AB39FB30D75358EA31DB4AF2C8C5A38F18658B630049E801241E7D6B95F19EA925EEA26DF727956E4AE13A16EFCF7E98FC2BD1FC4377169F61359696A12554CB38E7CBE38C93D4FB579BF853C392F893C4D0D846596DD41967900C958C753F539007D6A5BE83D6D767A4FC04F0C148E7F10DD261A5CC36B9FEEFF137E2463F03EB5ECDE14847F67A5D30CBDC16981F66391FA63F2AC7114767A04B169F1881ACEDCC4900E9F770A07D78C1FF00EBD755A72A2DAC4917DD45098F4C718AD608E49CAE5CED5C9EB72FDA3C48A80FCB676FCFFBD21FE6047FF8F5759FC35E7CB7124925DEA09F3457370CD9F441F229FA6141FC6AA6F4269ABB2DDD4E96F04934CDB63452CC7D0564E94649A792EEE14ACD28E14FFCB341D17EBDCFB9F6150EA72BDF5C2263F711B03B7FBEE3FA0FE7F4ABD6EA238C0CF27A9AC8E8B59170371ED4E0DC55179941F98808BC9268557BAE650560ED1F42DFEF7B7B7E7E9408B297065245BE0A8EB21E9F87AFF2AD4B3F97B927B9359E9C0C0E00E82A769BCA8CB77C5344BD4C6F19C660B0D478F92E2D66D84776D8723EBDFF003AEF629E092CA2F3244DAF1A9E4F622B8CD424FB559BC6FC86C8FCC1154346BB967D0F4D776258DB459FAED1568CEABE54AE686A6891DD48B1B06507823BD53A7B127AD25071395D8DA29D8A314C571B453A8A02E368A7628A02E2E28C53A8A2C21B8A5DB4B8A28B058AD32EEBFD250F437B1E7F0048FD40AED248F15C46A8E208ADEE5B84B7B986573FDD50E371FC064D7597179BE053048B22B8CAB21CE47D4507550F84CAD5DBCC9C44A7A7DE3E95917FF73682028EC2B59E2619247CC7A9AE7B50B9124EF6F651B5D4EA70E10E150FA33741F4E4FB543475A928AD4C7BF224DC8DCA03C0EC3FFAFEF542495232A99F98F0A8A32CDF403935D047A04937CD7B7457FE99DB8C01EC58824FD462B52C34EB5B0522D605463F79FAB37D58F268506672C5C5691D4E62D749D42EF07CB5B488FF001CDCB7E0A3FA91F4ADCD3F42B4B4759581B8B85E44B37241FF0064745FC056AE28C55A8A472D4AD39EECCED76E1EDB4B9CC27F7F26228B1FDF63B41FC339FA0AC179888459E9A76C50811BCFD97031B57D5BF41F5E2ADEAC1F56BE8E282429676CCDE6C8BD59FA6D53EC0B027B67039E457D51E3B1B3DB122AAA8DA8806057356AB6D11DD83A1EEF33EA725E2064488DAC038EADDC93EFDC935E89F0A7C2EDA1E96F717516DD42F886752394419DA9F5E493EE7DAB83F87D7B6DAA7C431624099AD6279E42464061803F1048AFA0B49B6FF96EE3FDD1FD695183DD9AE22A24B95199AD58B258C3E481F6849E151CE03A9957E53EDFCB19ADBB6659879D0E51C9DB22371C8EC7DFDEA0D63FD7698BD9AE803F82B9FE6055B788ACBE745F78F0EBFDE1FE35D6958E16EE55F11DDB596837D3C67F7CB1308FDDCF0A3F322B9CB7856DAD22813EE468107D00C55FF17CDE64BA7D82FF001C9F68907A247823FF001F29F91ACEB8976C4E47A544DEA6B4D69739CD45DAD35189AD9CBC72C823F21B9EBD4A9ED81938E9C76ABD24BE5C79EFDAB2606FB46A52DC1398E12618FEBFC67F3E3FE027D6ACDEB827693F2A8C9A835485D3E43737AE4F30C2063DD8F39FC07F315BD18245666896E52DD4B8F998EF7FA9E71F8703F0ADA45E280198C555BF93F767EA2AE3F1589733799BF1D33FD69A125719AB4C62D12FA45FBEB0B6DFF7B040FD7156208560823890616350807B0E2A86AC33A560FDD33C01BE8654CD6A638AB472E29EA90DC518A7514EC72586E28C53A8A2C161B8A36D3A8A2C161B8A29D45160B0EC518A763DA8C7B55D82E3714629D8F6A31ED4AC171B8AA0746B0F30C9141F6794F25ED98C2C7EA508CD68E3DA8C7B5161A6D6C507D355F21EEF502A7AAFDA9C03F91CD59B7822B7856282348E25185541802A6C7B527E14581C9BDC4C518A7628C7B53B0AE36B2351B97BB9DECAD1D91138B8994E0AFF00B0A7FBC7B9EC3DCD4DAB5E482416566717320CB498CF929FDEFA9E807E3D05456D0476F0AC510C2AFA9C927B927B9AE6AD5797DD5B9DD84C3F3BE796C2C51A430AC512048D000AAA3000AE0BC75ABA5BDBDD49B888E04CB907919E8A3FDA3FA0E7D2BACD7B5136900860C1BB981080F451DD8FB0FD4D786FC53D4C09E1D22072CB17EFA724F2CE7A67DF1CFE35CF4E9F36ACF4673E55A1D57ECBB6E6FF00C7BAA4AF818B2676FC645AFAC5142A80BC015F2D7EC8F8FF0084BF5B1DFEC23FF462D7D4D5DD05A1E74DEA666A9F36A1A4A638F3D9BF28DFFC6B48F4ACBB93BFC4564A0FFABB795C8FAB201FD693C47A92697A3DD5DB9FF551B301F41557B1295F43989AE45EEB1A95E0398D5FECB11FF663C86FFC7CBFE42A86B7766DB4F9E551970308BEAC4E147E248A8B4A8A4834D82395899368321F573CB1FC493556F47DA753B7B6192908FB44BF5E420FCF71FF0080D6074A56D0A33674C82DA30772A10B21F518259BF99A7C974BFDA76F6A46E69C337D15719FFD08558D5630DB09191B949FA6707F435C7D86A0E3E22699A54AAC1A3B598063D1D4B2153F92907DE82FA1EA7689B625F53CD5951C53621803152638341056BB62B0C87D149AC15E411ED5BB7C3FD1673FEC1AC38C73415123D539B4B58BFE7ADD423F00E18FE8B5AD8AC9B81E66ABA543D95A498FFC0536FF003715B18ADA3B1C3897EF586E28C53B1ED463DA9D8E6B8DC518A763DA8C7B5160B8DC518A763DA93F0A2C17131453B1ED45160B8EC518A7E05262980DC518A7628C5003714629D81462801B8A314EC518A0068155752BB5B1B56948DEE4858E31D5D8F403FCFAD5CC573F2C9F6ED524989FDC5A931443D5FF008DBFF651F46F5ACEA4F923736A149D59F285940D0A334CC1EE653BE593FBCDEDEC38007A014EBBBA8AD2DA49E6388D064E3A9F61EF44B2851D6B97D52E9EFB524800FF0045841663FDE933C7E039FC73E95C114E6CF6B48AB2295FDEFD9ACEF756D431B950C8CB9E807DD41FCBEA73DEBE7CBFBA96FAF27BAB86DD2CCE5D8FB935EA9F1835036DA4DA69E8D86BA6F3187FB0BD3F33FCABC92BA92B2B1CD377763DB3F64DB848FC79A9C2CD879B4F6DA3D48910FF002AFAB15B9C370DE95F217ECBB9FF0085A0B8E9F629B3FF008ED7D7CC01EB5B4363967B9932903C48A4F1B6CDB9FAB8FF000AE5FC77762EE5B1D3E33959E605FDD130CDFAEC1F8D6E5D2A8F1048F23349E55A0386E80B39DBF5FBA6B9903EDDE23BD99BE68ED235B64CF676F9DCFE463FCA949974D752490AC7133B90AAA3249E800EF59BA4A33C325DCA0892E9BCCC1EAA9D107E58FC49A9F594F3DE1D3D4E44E774BED12FDEFCF85FC4FA55B75C66B33528DFA662CFE15C46AE8B67E29F0C5EC8096179F665973CED91186D6F5E40C577B74BBA061ED5C07C490F1F869EEE2FF5B633C574BC77571FD09A0B5B1EB71F4A92AB69F709776905CC4418E6459148EE08C8AB341043729BA0947AA91FA560463906BA5C6463B573F1AE38F4E282A2578977788D467FD55993FF007DBFFF00615AD8AA3126CF11DD8FFA7383FF004396B4315BC763CEAFACD8DC518A7628C53311B8A314EC518A006E28C53F02931400DC514EC51400E14629D8A314582C371453B1462801B8F5A314EC518A02C3314629F8A00A02C50D62E4D9E9B3CD1E0CB809183DDD8ED5FD48AC5409676B1C2872117193D49EE7EA7AD59F10CE1F51B5B7CFCB0A9B87FA9CAA0FFD08FE02B9FD46F40CF35C58895E563D5C153E5873771D7B732CD2C76F6B83713B88E31EE7B9F600127D81A82CA18EE358B982DFFE3D2D552DC3776DB92C4FB96727351E8729F2351D5B3F3443EC96A4FF00CF57C6587D011FF8F565EABA92F87BC23ADDEA36D94CBE4C3EBBB6AA8FEA7F0AAA71E58FA9529734DF91E45F127571AC78BAFA58DB3042DF678B1D36AF191F5393F8D72F4A49249272692AC83DC7F650B0F3BC61A8DF004FD9EDC464F601C9FF00E2457D52C702BE7CFD90EDF1A6F892E4AFDE9A18C37D1589FE62BDDB53BBFB32058D7CC9DF3B1338FA93E807735AC744612D59CC5CDF0FB7EA0CBF34924BB1173D12350093E80317E7FAD67786948D152E673892E99AE9D8F1F7CE47D30B81F8554910C7E119A6DD9BAD4FEF49FED4EF818F403CCE055FD5104A6DB4A88612519971DA15C647E24AAFD09F4A866D156441A5A1B833EA2E39B8C0881ED10FBBF9E4B7FC0B1DAACC8BC1ABCEA00C01C0AAD22F5A928A520CA91EA2B93F13DA0BDD1751B5233E6C0EA3EA54E3F5AEB5B826B16F9712B0EC682A237E0D6ABFDABF0F34A766CCB6E86DA407A828703FF1DDA6BB6AF1BFD9F2E4C379E29D273FBBB7BCF31067A64B29FF00D0457B250480AC795365DCABFED67F3E6B62B3B505DB741BFBEBFCBFC8A0712A0E7C4B79ED6900FF00C7A5ABD8AA16FF003788AFCFFD3ADBFF00396B4715BC763CEADF1B198A5C53B1462999586E29314FC518A02C368C53B1462801B8A29D8A280B0EC51814FC518A650CC518A7E28C5003314014FC518A00662940A762B27C5578D61A0DDCC8DB6565F2A33E8EC7683F8673F8526ECAE34AEEC8E36F751135CDEDD86C89A53B0FFB0BF2AFE6067FE055C76BFAC1120821CBCCE70AABC9249C01F8D4BAC6A31DADB30076C71AE00F61D0547F07F4A7F1078AA5D56E9775AD861C67A34A7EE8FC064FE55C118F3C8F664D51A7E876B3D97F6669DA6695905ED62F3E723A199C9FFED9F98AF1BF8A3AD7DA1E0D2E17CC71CAF3CB8EEC4E147E0A33FF0002AF59F136AB1DB69FA86AF31F919E4953DD57E48F1F5001FF008157CD9753BDD5CCB3CA72F231626BA1EE73C55A0AFB90D1451480FA9FF64A23FE10DD671F7BEDDCFF00DF0B5EA1E2566B5D0EFA6CE6EEE13C953E85BE5503D8135E3BFB21DC674FF125BE7912C3201F50C3FA57AE78B24325E69B6C3A19FCC6FA2A96FE616B45B195AF231753553A8E89611FFAB491A623FD98D081FF008F327E55268DFE92F75A89E45CB058BFEB92642FE64B37D185636AD3B5D6B37115BB1F31A04B2898766958B3B0FF00751377E15D5451A451A47100B1A00AA07603A5433606E86A075EB560F4351B8EB480CCB95DAD9F5ACBBF4DDB5BF0AD8BE18407DEB2EECE22FC681ADCF14F07EAEFE12F8D1776D3716D7F7260933E9230646FC091F8135F498E95F317C5EB67B1F18E97AAC4BFEB361CFF00B71B7F86DAFA6A370E81C746008A04C776AA9AA2FEEA37FEEB63F3FF00F50AB954F526FF00472BF8FE5402DCCBB16CF882E87F7ACE13F93CA3FC2B5B1587A7BFFC54A57FBD667F471FFC556FE2B786C70D756A8C6628C53F1462A8C86628029F8A31400CC518A762971400CC514FC51400EC518A7E28C5003314629F8A00A006628C53F14A05003315E6BF1935D8B4E8B4FB591F19DD3B28EA71F2A8FD5BF2AF4DC57CE7F182C752F157C543A568D03DC4B05B4511C7DD4072C4B1E807CD5153E1B237C325ED2EFA1CADB3EA5E2CD6E2D374F4324B3370A3EEA2F7663E83D6BE86D3F4683C19E087B2D3DB33EDC79A47324EF850DF991F80A4F86DE04B4F06698CAAC2E3529C0371738C67FD95F451FAF5FA3FC7BA9C160B6AD74C56DA0592F256F640028FA92FC7D2A210E45734AB57DB4D456C78CFC6CD512DD6CB42B56C2471AB4801E807DD07F9FE02BC9AB47C43AACBADEB577A8DC70F3B960BFDD5EC3F018159D5074051451408FA1FF64346FB5F89A4FE0D902FE397AF58D7A75BCF1359AA315B64827DD20E8E418B201F41EBF5AF2CFD946DDE6D2BC4C10E019605619C646D6E33E95E9DAD59237882C45C1136DF314215C228DA3A2FD40EB9ABE842F89995E168BEDBADEB1AA9DA6DD6E1ADEDB1C83B02A3B0FC531F81F5AEA6B2BC2E00D121231F3BCAE71EAD231FEB5AB505876A630E0D3BB507A1A00A37CB98B8EC6B22F93F723EBFE35BF22EE520F7ACAD463DB128FF006BFC682A3B9E39F1063FED8F1E785B424E73309A4C7605BFC14D7B7681299B44B093392D0464FF00DF22BC43C2520D5FE3E5DDC70D1D924817DB626CFE64D7B6F8757668F6D18FF966BE5FE471FD2807A9A759F7EE373FFB2B8ABCEC1509AC7BD932A79E58D011467E9D9FF849E1FF00AF3973FF007DC75D3115CF687197D7EEE5C7CB15AA460FBB3313FF00A0AD7498ADA1B1C388FE2323C518A931462ACC48F14629F8A31400CC518A7E28C1A006628A7E28A0090A10706931534F2195CB1EA6998F6A603314629DF851F85003714629DF851F8500371556D34FB6B496E25B785525B87DF2BF5673EE4F6F6E82AE7E1451601B5F3AFED01E2769759B8D16DDB0A82359B1E806E03F12DCFF00BA2BDFF5AD4ADB47D2AEF51BE7D96D6D1991CFD3B0F73D07B9AF8B7C45AACBAE6B97FA9DC7FACBA99A523D013C0FC06056751F437A11D6E66D1451589D6145145007D49FB255AF97E11D6AE88E66BD09F50A83FF008A35DF5F9F33C4F0E7F82198FD72E83FA7EB5CFF00ECC968D6DF0AEDE561FF001F37334A3E81B6FF00ECB5BFAB298B5FB16E877CB19FF74AEEFE6A2B4E8447E2657F0AF3E1EB13FEC1FE66B56B2BC2FC68702FF71E44FF00BE6461FD2B56B32C4A5F5A281D0D00308AA1A9AE6DD70390DC7E46B408E6AB5FA9F257D9A81A7A9E03F00D1A5F1D6BF3CFFEBC4126ECFA99067F515EFDA7A0480AAF40C4FE7CD7887C3489B4CF8D3E24B1C6D59127207B16571FA1AF70B13F2BFB60D01D065FCBB46D1595372454F772F992B1FC6A95F4DF67B29E6C64A21603D4E38A0D12B2347C330E2DAE2EBBDC4ACC3FDD5F907FE824FE35B18A874DB6FB269F6D6FD4C51AA13EA40E4D58FC2BA52B23CA9BE69363714629DF851F853246E28C53BF0A3F0A006E28C53BF0A3F0A006E28A751400F2293152628C508688F1462A4C734628023028C549814114011E28C5498AC7F17EB70F873C35A86AB3E08B688B2AFF0079FA2AFE271405AFA1E19FB4578C9AEF505F0D58CA7ECF6C43DD953F7E4EA14FB2F5FA9F6AF13A9EF6EA6BDBCB8BABA7324F3BB49239EACC4E49A82B99BBBB9DF08F2AB05145148A0A5ED49476A00FB93E0A4420F85BE1C882E0FD915C8FF7896CFEB5378A1026B5A69FEFB39FC91B3FD297E1A910FC3AF0B4A3855D3E057FA141CFE07FAD58F15286D5349FFB6B8FFBE2B57B1945FBC627867FE41D32FF0072F2E47FE4673FD6B5AB23C3E024BAB423FE59DE13FF007D223FFECC6B5EB2350A28A2800A648A1A32A69F4858282588000C926803C7FC29672DCFC7AF135D22FEE6D6011B37BB22003F43F957A7249B2197DC01FCEB1BE1EE96B6B6BA86A4E775CEAD74F76EC473B49F907D02E3F3AD1B96DA857DF14148ACCD924FAD731F113C411F87745B7BB914386BB850A7F79436F6FD14D74D9EB5E41F1AEECDD788BC3BA421FE312B8F7660A3F91FCE82E5B1F42DB4D1DD5B453C0E1E19503A30E8CA4641A9315CBFC3EBE12D94FA7B1F9ED5B7479EF131257F23B97E8057598AE94EEAE79728F2C9C59181462A4C71498A648CC518A931C526280198A31526DA3028023C5152628A007EC62338E28C56DCF10685954019AC72B838A4994E36198A315208C95661D17AD3714C4336D2E29D8A00A006E2BC17F69DF10ED8F4EF0F40FCB7FA5DC01E9C841FFA11FCABDED88552CC70A3927D057C4DF1075C6F11F8C755D4CB131CB315887A46BF2AFE80544DD91AD18DE5739EA4A5A4AC0EB0A28A2800ABBA2E9B73ACEAB69A6D8A6FBABA95628D7DC9C7E554ABB3F845A55DEA9E3ED216C6E56D1E19D65F3D864295C900FD48C63DE840CFB4BC3DA5268BE1BD3B4ADDE6C7696C96ECC7F8B6A804FE35CE78CB53B6D2AEB444BF94C4C6E8C51CAEA76323230E5F1807A753DABADB6BC0EC90CE9E4DC32EE31B743EB83DEB07C42CB2EB1616326192247B900F3CF08B9FC19FF215B3D8C23B98BA610BAE6AA808224586718EF90CB9FF00C7056BD62C3F278A40000592D5D38FF61D71FF00A19ADAAC4DC28A28EC68010D63F89E768B43BB588E25997C84FF0079CED1FCEB5246C0273583AB9F3EFF004A83A869CCAC3FD945247FE3C52819B368896F6D1C6836A20000F402B1EE24F3256F4CD69CF208EDA466E80562A9C8E7A9A0B821F5F3A78D3523A87C5592556CA417290A7FC0081FCF35EFDAB5EAE9DA55EDEBFDDB785E539FF6413FD2BE59D0E47B9F12D94929DD24B72A589EE4B73FCE80933E90F0DDD9B0F10D8CD922390FD9E5FF0075B807F06DBFAD7AA015E5F6963F6869E2076B344CAA7D09E87F0AF48D22EBEDDA5DA5D63066895C8F424723F3AD693D2C72E2E36973167149B69E0518EB5A9CA300A5C53B1463DA801F6F6CD3676E38AB12D9797003D5F3CD1A7908F966C002AF4932888BA90691514AC6215C75A2A5918BB163DE8A6493CD70D281DB039A8314F0BED4BB7DA8431D0DBBCAA481F2FAD445482411CD5AB79FCA42BB722A2725D8B1E73420D2C438A31522AE4E00E6AD1B41B01CE38E6804AE73DE28B6BCBBF0E6A76DA5EC17B35BBC50976DA0330201CFE35E31A3FECF30FD981D675C94DC1EAB69180ABF8B75FC857BF15A4DB49C53DC6A4E3B1F37F887F67DD420479340D561BBC748AE17CA63F461907F4AF25F11786759F0E5C793ADE9D7168C4E159D7E46FF00758707F035F756DF6AADA969969AA594B69A8DAC5756B20C3C72AEE5350E9AE8691ACD6E7C0F495EEFF127E064B671DCEA5E10769A0405DAC243991477F2CFF17D0F3F5AF09652AC430208E083DAB269A3A23352D84AF5CF84D6EE3C3D2FD9C6DB8B89E46DD8FBCB188F68CF4EACDF976EA3C8EBDFFE13DB5C27806D6EA38D5944D2E500C33A67A8F7073C77A965C773B6D275ED467D3A6D32EDA5B828BBE2F9B6DCC041E1D1CFDEC1C70DD7A6E61D6BF837C497975ABEA8DE2E8CE9D74B1C30DBCF3218E2982990960C7804EE1919FA564C310844F1C72C92472C90C60C84938DEF2383ED818C5653EB735B4091DB3C9086CE124943827A81E59C9518C73900D35263E45D0F53BBB8B77D6F4892DA48DC33C91928C1B3BA32DD47BC75B35E43A36A2BFDB7A43CD696E972B78B13488811812BB483D7A8707AD7AE8E945EE0E3616909E0D2F6A82F261040CE7AF41F5A092ADCCB993603C0EB59521DDE24B21D7CBB4998FB12F181FC8D4D13924927935574B6F3F58D4AE7F85365B2FF00C041627F37C7E140CB7ABCD858E11D4FCC7E9DBFCFB55243C54534DE7DCBC9D89C0FA0A953EED06A9591C7FC5DBA307822FA357D865C2923D370CFE7C0FC6BC03C34C13C45A63310145CC649FF00810AF6DF8D4E47846EA4E3699E1B65CFAF3237F24AF1EF02696DAC78B34EB400EC32891C8ECABF31FE54112DCFA934A871316F538FD2BA0F0B1F2D6F6C8FFCB098BA0FF61FE61FF8F6F1F8566696BCAFD735A56E45B6BF672F48EE54DABFFBDF7909FC987D585541D986221CD17E46EE280A73C0A9DA165192A6ADD9AAF97920673C1AE86CF352B99A4638A31576E611E61DA0FBD31ADCAC7B8FE545C2C550314B938C678A7EDA36D0223C51526DA28024C53E14DCE01E466ADF90A39E6AB0CAB7CA714AF72B96DB92CB6EAB1B15049AAB8AB1248CCA0671491C5BF3CD081EBB10AE41C8E0D58FB41D80639EF9A9238307E6A64F1E1B2051A31D9A455C5491C2CDD881EB498AB903009F31A18A2AE4096E0BB293D2AC08544657D7BD0CC3781C7D69C1D49C0348B49146584A7D0D792F8FBE0A68BE25BC96FF004F9DF4BD4253BA428A1E291BD4AF63F422BD765259B935185A76BEE4A7CAF43E51D53E01F8B2D4B7D89EC2F9474D92EC27F06007EB5EA1E09D35F4BF01E9B672AED9634C38CE70C5C93CFD4D7AE4E7C9B79253D114B1FC05703670ECD06C57B88E127F4358CE296C74D29B96E55D46CE3B8070AAB32E59188FE2DA5467D7EF1AF37BCF1045A53CD67AAC31C3345B03ADCA90A1F6E0323804153B4919031CD7AA5E46DF7939C7515C96B3A15AEA3AEDB4FA9DA437D6D25BB45B19467729CAB60FB33FE7506EAE71167ABD9FFC241A5B9BC80BCF771CA8B1BEF1FEB2318C8E3384CFE35F42F41F8D7CD5AFE93A3E91AB47742DFECD241220B5B58BEF33EEC976E4F0A39FCABE930E08F63492B04DDC71EF589ACCFBEE3CB07E54EBF5AD4924D8AC7D2B9E9B2D23337527269928569D2DE092694ED8E342EC7D001935574FDF69A04665056E2E3323FB3B92C7F2CE3F0A835B2AD6B0DAB1005D4AB1B12703CB1F33E7FE02AC3F1ACBD36DC0D42EEEE0BD4BAB6BA3E62946C8CEE6FE840FA0141515766BC23A55A070A49ED504238ABF610F9D731A1FBB9C9FA0A0D19E63FB428FB1F83F42B56E249AE9E771EFB79FCB762B9DF801628F79ABDF30CBC51A42A7D37124FF00E822BD8FC69E08B0F1DEAF6561A9DC5CC115ADBC932B40541DC59179C83DB358FE1BF025D7C3D4BD898FDBB4B9A5F33ED918C3C400C0122761FED293D79C53E576B984671E7B33B0D307CC47A015675389E6B29561389970F11F4753B94FE60545A580DBA4560C8C01041C822AF31A4752573A2B6BD4BFD36D6EA2FF00573C6B201E9919C5099078EB589E129B6C37B607FE5D672C9EBB24F9C7FE3C5C7E15BAA306BA23AA3CAA91E59345E8C928334489BD483512CC3A6314E95F0A307AD160BAB14E48CA362998A908CD26DAA33198A29FB68A02C5E2E0283D7355DC8272053B9A7228279A4958BDC8715242086A9645182714C43B4E451B8AD665814C930179E69AAE73CD0E415F5A45DCAE4649C52AA13D29E80679A9D540E94EE4A572A10727340CD59740726A1D9CF14D09A1817279A9D6118EB4B1A60734F41818A57292333C4CE20F0DEAB28FF9676B2BFE486B974B70B670C78E11147E42BAAF12EC3E1DD5048A5D3ECB2EE51D48D878AC42A0C0AC395DA083ED594CDA9E8663A7F2AC7D4E064681E103224E87B6411FCC8AE8244C75AA771117420019ED9ACCD91E29F1274B68F4BD5EF9497B988DBC864E84A6F20803D33CE3DABDD2D65125A4120E43A2B7E62BCEFC69682EB46D61429CC9A73E47A34658E3F335D9F862E3ED5E18D26E07FCB4B5898FFDF2282A65DB86F9587AD66CA39355F5AF13E89A506FED0D56CE061FC26405BFEF91CD71175E3697C4724969E12F922076CB7F3A101477F2D7B9E9D71D4714092B97BC45AAC2DE27B0D3D4F991246E97A57FE582CA02231F439FD0E6B620D2174A508923CBE69DE5D80193803A0F602B2341D0A086DA4B654678A5CFDA2690E5A627A963DC9AE874BBDDF149A55F366FED806466FF0096F16701C7BF66F43F51414BDD6490AF15A1A7E639E36F5603FA5431C6076A990E1D31FDE1FCE82F736749F9BC592639DB63CFB664E3F91FCABA6C70735E5BE06F104B75F193C51A5B93E447670AC79FEF2609C7FDFD3F957AAEDADE9EC79F557BCCE6AFF4096C99EEB41452AC4B4B639C2B7A98C9E15BDBEE9F6273546DAEE2BA8CBC44E54ED74605591BBAB03C83ED5DAC6769AC7F1168EB7D0CB7166441A8AAE5260BF7F1C857F55FE59E2A650EC6F4311C8ED2D8C5D124F2BC5057B5D5A11F8C6F91FA487F2AEB71ED5E45E0FF00185B7882F743BBB65F2EE63BE36B736E4E5A22D1B8E7DB201CFB57B12A16CE2AA9BD058C4BDA5E3D48B1ED4B8E2A464DA69B8AB396C331ED4E44DC714ED869554839C5009034233C1EB452B313452D47A0BB680314EC514C04C139146C38A7A7534A7A52B8D222C52AAE697140E281032018229C1852139A4C503B8AFED48871C518A075A2C2EA4ABD2909C0A4CD1D45228C6F17798DE16D5D62C9636B2703A91B4E40F7C66AA2EC7814C7831B282B8EE31C5740F187465600AB0C107B8AE47C3408D0AD637396801B727DE3629FFB2D44CBA6C6C68D240C5B2183B0FF00C78D54BB956D226927C88C756009C7B9C741EF5AC33BE604701863E981513A8CD64742679FDF5DDBBF8864D3E5963315FDB192D9948209C6D75FC82B0FC6BCBA4D2BE205DE85069325CA58699660C2A0CC223228270588E48FD31DABD7BC71E12D32FAC5F515B455BDB4FDFA4B11D8DF29DC46463A8C8FC6A26D234EB3DAD2470465BEE00BE6C8DF41C9A0B567B9E1F61F0E1DAE50EA1AA5BC91EEF9D2D034AE7DB2057AC697A75A69C96F6F159BC31AA158A1C60B0E3248EBDBBD6F2452B71145F658FA0390D29FE8BF867EA2A54B611CF1A2A04EB231EACC718192793D4FE5406DB0203E50053CBE30141E9591AA5BBDE2C6BE618351B46F36DEE14738E878EE0F0197E9ED5B922D55BA83CE45DA76C8877237A1FF000A0929E91AFCF793B59CDA737F6847F7A38664F987F7D43329DA7F1C74CD45E2EF125D787346B9BF96CEDE3922C08E29EE90BBB9380022673F98E29F359417BE5CAF0422EE03C096312283DC153D54FF00F5F835CBE93E168B4BD6751D4AF34C82EA7BA9DA447876958149C85546C631EA32683482949D91B5F0CEC25D2FC43A76A9A9387D5352B866BB7C74F311B083D81DB5EF25462BC54CDB6E2C2752404BCB793918E04AB9FD335ED87A56B4DE8463E9A8495BB11EDA31814EC532643242E8ADB4B2901B19C7BD68701F1C7C2482FAEFE305BA69CB27902F5A5B8DA32A23572D93E9C81F9D7D949F2E6B9FF07784348F0958BC1A3DAAC6F2B6F9A623E795BD58FF00203815D054C55917295D831CFD29AAB4EFC29475AA20720F9706823834A0E6909A451111D68A777A29A247628C51452B9418A5A28A5701314628A29DC560C518A28A2E30C518A28A2E014E5A28A40831C5727A5279577ACDBF68AF5D87D1D564FE6E68A2948B8EE206637D7916402A119723A020FF00506B0AE6FAEA2B9944CB19890919404103E9CE7F3A28AC99D34D5CCAD435B7B8B3B916904F7312A1DEB00567707B004F7FC7E9593E06D41F50D0629ED2CD6128CD03B5D3932E50E30C00EB8C7F1514522DA37CC97BD3CEB7453DE38083F9963FCA944124777134F712C85D4A8560A391CE7803DE8A28135626912AB32E28A28208244C92CA76B918DC05643DBEA0F313F6D68E2CFF0075093FF8EF1FAD14507550DC5D5CECD3AE1F3F7137E7E9CFF4AF734E541ED8A28ABA7D4599AD603B1498A28AD4F2C4C518A28A2E018A3145145C05A4A28A4018A28A29DC0FFFD9, '2018-01-19 00:00:00');
INSERT INTO `movie` VALUES ('14', '刚发的', '大三', '恶趣味', '动作,悬疑,冒险', '恶趣味', '213', '恶趣味', null, 0xFFD8FFE000104A46494600010100000100010000FFDB004300080606070605080707070909080A0C140D0C0B0B0C1912130F141D1A1F1E1D1A1C1C20242E2720222C231C1C2837292C30313434341F27393D38323C2E333432FFDB0043010909090C0B0C180D0D1832211C213232323232323232323232323232323232323232323232323232323232323232323232323232323232323232323232323232FFC000110800C800C803012200021101031101FFC4001F0000010501010101010100000000000000000102030405060708090A0BFFC400B5100002010303020403050504040000017D01020300041105122131410613516107227114328191A1082342B1C11552D1F02433627282090A161718191A25262728292A3435363738393A434445464748494A535455565758595A636465666768696A737475767778797A838485868788898A92939495969798999AA2A3A4A5A6A7A8A9AAB2B3B4B5B6B7B8B9BAC2C3C4C5C6C7C8C9CAD2D3D4D5D6D7D8D9DAE1E2E3E4E5E6E7E8E9EAF1F2F3F4F5F6F7F8F9FAFFC4001F0100030101010101010101010000000000000102030405060708090A0BFFC400B51100020102040403040705040400010277000102031104052131061241510761711322328108144291A1B1C109233352F0156272D10A162434E125F11718191A262728292A35363738393A434445464748494A535455565758595A636465666768696A737475767778797A82838485868788898A92939495969798999AA2A3A4A5A6A7A8A9AAB2B3B4B5B6B7B8B9BAC2C3C4C5C6C7C8C9CAD2D3D4D5D6D7D8D9DAE2E3E4E5E6E7E8E9EAF2F3F4F5F6F7F8F9FAFFDA000C03010002110311003F00F7FA28A2800A28A2800A28A2800A4A2B1191F58B87225912CE3263C038F3083C9FA76A00D67B886204BCC8A0752CC05675CEBD69146CC8649B1DE35E3F33C5584D32C635005AC3C772833F9D67CD602E2FF6AB7EEA0E79FEF1FF0001FCE95C691CEEB4B2EA7697525E6124681B6213916EA781F89EE6B4E1B75D4342B72F87F3201BBFDAE3AD675D699733F8865B3B99A31A6CCA2561CEF723036E7FBBDFF1AE86254B4B548B3C46B8A866D031A1C470AA0C02BC118C548D26453479D792B1B4B769893D470A3F1AB31F87AE2719BD9F8FF9E71F0BFE26829C91CF9B57BAD711EDE5CC050ADC2E3827B73EB5D96917F2055B3BB3FBE51F239FF9683FC6A48349B7B750A3B7403802A3BEB31F67C29F9F70F2CF707D6A919C9A66D5159B6B792799E45E2A2B67E475E8DFE06B46A8C85A28A4A005A28A2800A28A2800A28A2800A28A2800A28A2800A28A2802290911391D4038ACFD22451A7479200001AD4AE5F4FDCC161CF018FE549948D7BBBDF262CA637B70B9E9F53EC2B1F52BCBBD23C2D7F7F688A4DB4124FBE707333019CE3B035B2961135C19E425CFF086E8BF414DD6ED7EDDA16A1683ACF6F2463F15229203CCBC1FE3F87C75A6A4D2C6B6DAAD9B013A2FDD743C647F87B57577970E6DCC40F2DF28F7278AF21F83B0DA2E8FAFA095BFB41593F75B318C642FCDF5CE6A2F883F1188B99747D066692727CB9AE97B7FB31FF8D162D3B23D67C3DE30D226F185CF85ECAE0492C7079B9072A181F9941F5C735DCD78E7C25F85D36830A788B57DC9AB48330424FF00A943D777B91F957AE99B7ED58796619C9E8A3DE822E48C4AA642963D80EF518819983CDF787403A0A9D4607A9F5A7500567815D70455358EE2C8FF00A3BEE8BBC6E723F03DAB548A8992802087518657F2DB31C9D95F8CFD0D5EACABAB64914875047A62ABDA5CCDA7FEEDDDE683B06FBE9FE229DC397B1BD45450CE93C61E260CA7B8A96992145145001451450014514500145145001451450057BBF3059CDE50CCBB0EDFAE2B1346553965E815715D1573DA4951757510E8AEC07D371C526544DC4E94CB87F2ED657D85B6A13B477E3A53D3A562F8CAFAE34EF06EAF796AACD3C56B218C28C9CE29033E3C8BC41A869B71A97F67CED6C97A584A075C64F19FC6BDBFE107C2B8ADADACFC4DAE2F9970E04B6B6C47118ECEDEA7B8F4AF17F05F8726F1678B6C74B404ACB26E99BFBB18E58FE55F6AC30C70431C51AED4450AA3D00E94D88929890A4458AA81B8E4FB9A7D1486145191513CEA934711072FD0D004B45141A006140D55E6B70C3A55BA691C5017332D2136F7B956C2BF0CBD89EC6B62B3A7C23C6DD3E71FCEB469A130A28A298828A28A0028A28A0028A28A0028A28A008A67F2A177FEEA935CDE8A4F9FFEF42A4FEB5B3ABC9E5E9374C3AF96547D4F158FA6623D436FFD3203F5352CA89D1A74AE43E28EADFD8FF0EB59B90DB64920F253EADC7F5AEBD3A578A7ED13AE245A0E9DA1C6FF00BDB99BCF917FD95E07EA7F4A16E2673BFB385BABF88F59B82B931DAAA83E996FFEB57D1F5F3EFECDAA7ED5AF3E38D908CFE26BE82A010546CD521A8C8A064624E69264F3A3047DE5395AA3C8BB997241E08AB90CD9E0F047514144F1CA1E30C0F5A7839354B779570EBFC2FF0030FAF7A9E26C93413627A28A28033B56E2C2461D57047D41ABF138962575FBAC01159FAB1C5937D47F3A7E8B2799A6A0CF319319FC0D340F634A8A28A6485145140051451400514514005145140195AF93FD96541C169231FF008F0AC9B4931A8A9E876F3F9D741796C9796CF03F461D4763D8D73BB648EFD9254DB22460138E0F2791499713A84E95F247C66D646B3F12AFC236E8ACC2DB27A7CBD7F526BEA0D63564D1BC337DAAC87E4B5B7697EA40E3F5AF896EAEA4BCBC9EEA662D2CCE64727B92726844B3DF3F66B4FF0041D79FFE9AC43F435EEF5E4BFB3F699F65F014D7C461EF2E98E7D9381FAE6BD6A900535E9D4119140CCFB85DB751BF661B4D433EE51BD3AAFEA2AE4C9E6C240FBC391F5A87EF286F5A0A29DE4DE7E9EF343FEB6305D73D88AB36176B730ACCBD18671E959B708D6D29C731BF04526912EC48D7F8241F930E0FF2A903A5072296A388E4549544993AD7FC791FF797F9D47A03E26BC873FC4B28FC460FF2A9F5652D66E07A83FAD67698FE4EB317A4A8D19FA8E47F5A10DEC74F45252D5101451450014520CE067AD2D00145145001494B4500276AC1D4C11AB827A34031F8139FE62B7BB560788E510C9A73E3933EC27D88FF001C52635B9C2FC64D54D9FC2DB9815B0D753A41F86727F957CB75EE7F1F350C59E91A706FBCF24CC3E8303F99AF0CA6B607B9F617C1FB4369F0BB4553FF002D23697FEFA626BB9AC2F06402D3C15A2400636D945C7FC0456ED40051466A191FB5318DCE1AA12024A53B3723FAD3B34DBB8DA583317FAC5391414453C22552ADD0D635BA34715CC4BFEB2DE6F317F9FF008D5F335DC9C088AFE159AD39B0BD769771475F98AA96C11D0E07D6A40E8ED6612C6AEA7208C8AB95CEE997F6DB9A14B88C807206EC119F635BAB3211F7A8259575019B4947B573C66092C5229CB472AB71F5E7F4CD69EA7A9C2775B439925230557B7D4F6AAFA45AF9F78EB74D931AABAA270BD4FE7D2A96E559DAE74E2969296A8CC28A28A0028A28A0028A28A0028A28A004AE4BC45702EAFE2B64E91B04CFFB44827F202BA6BA9D6D6D6599BEEA29635C5DBE64BE0F31E514CCE7FDA3FE4D265C1753C1BE356A22F3C766D95B22D20588FB13C9FE75E6EBCB81EF5AFE27D40EADE27D52FF003913DCBBAFD33C7E959B6A9E65DC280677381FAD324FB7348BBB78744B142F82B0463183C702AD9D4201FC64FD01AC5B65D96B1AFF007540A96B32EC6836A40FDC43F534D13BCA70A39FE5504103CE78E13D6B4E181625C01406C241111CB1C9F5A98E1738A5E9C545290B1924E3154495AE6758632C7F01EB587307626661F78F5AD1F2A5BC97711C0E829B3C798D97D054948C09C22DF425954F9C0C67233D391FD6ADC36625936C498CF5C7151FD98DCC93B01FF1EF079BF8E463F406B7AD154440AF7A1E86B17A588EDAC22B55E1467DA9F66A23D75947F15BE7F261FE3564F22AAC6ACBE22B693FE59B5BBC7F8E41FE86A63B84FE13768A4A5AD8E60A28A2800A28A2800A28A2800A28A28031BC44FB74F58F3FEB25507E839FE95C0F8AF54FEC7F09EBBA90382B079111FF0068F1FF00B37E95D9F8924F32782007184690E3B1E83FAD78E7C69D6553C15A269D080BF6B6F3980F451FE26975345A44F07ADDF08589D4BC5FA4DA67FD65CA67E80E7FA56157A7FC14F0EDC6B1E368F505005B69EA64918FA904003FCF6A1908FA4E0D3D9C64CB8CF3802ACC7A7C4BF7999BEA6ACC4B8CFD69CD2A47F79AA0AB82858D42A8C014EC9AAED74BFC2A4D27DACFF77F5A00B0CC154963803A9AA643DE37758874F7A93CA69D834DC28E8B52BBAC49FC8550C8DD96DA2C01CF6159CCC76BB1F4A9A56321249C9AAB792882C6573FC2B9FAD20449E1FB712DBDE4CE322790A0FF00740C7F3CD258E62B43131CB4598C93DF1C569E9B6A6D34BB681BEF220DDF5EA7F5AC9BB93C8D42EA2E8199641F88E7F91A72D820F53497A54129D97D62FF00F4D4AFE6A6A7155AF8ED8A393FB9346DFF008F0CD66B73596C6DD1494B5B1CC145145001451450014514500145149401C96A8FE6EB1727B2058C7E59FEB5E7DF143C36BABFC373791A6EBAD2E56911B1CF97BB0C3FAFE15DACD74AD3C9310CCD34AC563519279C7F855B834F9EEB456B19D0059E36570C7FBD9CFF003A9EA6CFE148F8EAC2C6E753BF82CAD23325C4EE12341DC9AFABBC01E1883C13A347A70647B89C79B3CBEAE3AFE1E95C97C2CF866DE1F9750D7359531CF04B2436EA472141C171F5ED5EBB6DA7410C7E64A9BA5232C5B9FC28666884CED2CB8425B03F86A64B695B96F97EB56D555064E0669A671D179352500B78D3A92C7DE9405CFCAA3F2A55466E5A879962185E4D508247110CB727B0AA6C5E693D6A6581E66DCC715642AC4BC71EF5205136CC232C481591262FAFED6DBAC6F2E4FBAAF27F90ABDABEA70C104A0B6D555CCADE829342B36206A52A953227EE50F5553CE4FB9E2A9037A1B33CF15B40F34EEB1C4832CCC7000AE56DEE5F56BB7BD55758252A2156182547F111DB3566FF003AD5D985CA9B08CFDCFF009EAC3B9F61E95A3140B17414A4FA174E36D592860D900F4EB505F279B633A7AA1FE54F807CACDFDE62689A4548C9760A3D4D646962F5B49F68B5865FEFA07FCC558AA3A382348B4DC307CB157ABA0E50A28A2800A28A2800A28A2800A86E1FCBB79643C6D527F4A9AB17C4F7D069DE1DBDB9B99E386158F0F239C000F068039282E0BDC42F0924244559BB649078FC8D6F5B6A6EA409973EE2BCFF00C1FF0012741BD173135C25B3452304130FBF1E7822BAC93C67E1C550CDA842D938014163FCAA4D6F7372FEFA392D2350A5899633B3FBC01CE2B41EE8B4648181EB5C3378F7C3C75181C4B2B468ADC880E32715BB61E2DD23506FF44944D81D860FE540AC6D224B2E0B9FAD588E258EB34EB5177461F8669C9A8A4C70B3007D3A1A00D0939E0B612A2F3214E9C9AAC493D4934E00502B131B963C2D44E5DBAB62919D635C9200159971A9799958013EF40CCEB95FB5EA70DA1E51E50B27A1C9E9F9035D3EB1706DECFCB88E2594EC4C76F53F80AC1F0FF9177E24BBDF708F35946B8807F016CFCC7DF03157EFAE05CEAC70731DB8F2C7FBC7AFF41F9D1B21257913D9C2B0C20018006054E017FA7F3A6420B0E7EE7F3AB1D05646EC4E00E2B1AD615D73579E7662D61644C31A67E5925FE227D40E9F9D5CD427923B664806EB893E4857D58FF41D6ADE91A6A693A643688776C1F339EACC7A9FCEAE2BA994DD958D20302968A2B4320A28A2800A28A2800A28A2800AF9FF00F687D52E5EFB47D0E29CADB488D3CC80F0483804FD066BDFEBE5CF8F57865F8813479FF536D142BF8E58FF0031401E7DA2EB4BA44D21F204AAE7939C1C5763A7788349D5668ADC13692E720CED8527EB5E694B4AC34EC7B97D87108DB6C7A70CA370FCC5416D6132C324EC66842911A8EDE61F4FA0AF291AAEA1A6CB10B3BC9E02B1AFFAB723B67FAD5DBAF187886F2DA3371AA5C3F96FF21279CE39A2C5731EC763E21D634C60ACC2F60FEEC870C3E86BA6B5F1968D3B4714D76B6972C3221B83B58FD3D6BE7EB4F1EEB16E0097C9B851FDF4C1FCC529F14C77DE28B2D4EF2131C56EB82A9F37AFF8D2B0F991F4A2F8C34E8387BA120FF6549FE95149E388A518B3D3EE64FF00698A81FCEBC76E3C77A2436BE64524B339E9188F07F1CD556F8AF15B5BAC563A513B46374B2E33F80A2C0DA3D7A5F10DECCD97D3F77FBD7007E98AA3AA78AAE6D6CA46305B5A1C712CD70303F0C0AF15BEF89BE20BA0561786D54FFCF24E7F335CA5DDFDDDFCBE6DDDCC93BFAC8C4D3B13CC7ADFC2AF125CAFC44D5FC9792E3EDF6E4194F2038230C7DBAD7BBD9DA811AE7381EBD4FBD7957C0EF0C1B3D165D66E62C4978D88B239F2C7F89AF6555A893BB3682B2140C0F61505CDCAC11176CF1D00EA4F6029F3CCB1464920003249ED50D85B35DCE9793A911AF30C67FF00423FD284AE127644F6164D19375738370E3A768C7A0FEB5AB494B5A1CE1451450014514500145145001451450015F1C7C59BF5BFF891ACB21DC91CDE5E7DC003FA57D8CD9DA71D6BE14D7FCDFF00848B53F38E65FB5CBBCFBEE39A00CCA9963DD1A94C939C11EFDAA1AB7A711F6D8C1E87B7A9EDFAE28012ECEEBD95579C36D1F87029B72407110E918C7E3DE96DB26EB7B7F0E5CFE1CD44AA6424E71DC934011D152B2284DCA4F5C72319A8A800A29E159B3804E3AE0532801715D77C3FF0949E2CF11C76CC0AD9C3892E5C7F73D3F1AE4735DE7C24D6FF00B1FC716C8EFB61BC06DDB3D327EEFEB49EC38EFA9F5269F670D8D9436F02048A350AAA3B0156DDD5232C48000E49A884A31599693C7E22BD9E186406C6D1FCB94A9E5E4F4FC2B34AE6EDD8BB6F0FF6A4DE6303F6343C03FF002D4FF80FD6B76991C6B1C611142AA8C003B5495A256306EE1451453105145140051451400514514005145140095F0E78BE330F8CB5A8CF517D37FE8668A280312A48D8C722B03820834514016CE1FED8D1FCA858727B0CD405D0280067D07F53451400CDB24DF31E83B9E00A5FDD21E7F787D07028A2801AD2BB0C670BE838151D14500153452BC1324B1B1591086523B11451401EB173F1BB50B8F091B21008F56388DAE57EE95EED8F5AF53F8196AF0FC3A8EEE525A5BDB9966663D4F38CFE9451490DC9BDCF4EA28A298828A28A0028A28A0028A28A00FFD9, '2018-01-30 00:00:00');

-- ----------------------------
-- Table structure for movie_projection_hall
-- ----------------------------
DROP TABLE IF EXISTS `movie_projection_hall`;
CREATE TABLE `movie_projection_hall` (
  `id` int(20) NOT NULL AUTO_INCREMENT,
  `movie_id` int(20) DEFAULT NULL,
  `projection_hall_id` int(20) DEFAULT NULL,
  PRIMARY KEY (`id`),
  KEY `movie_id` (`movie_id`),
  KEY `projection_hall_id` (`projection_hall_id`),
  CONSTRAINT `movie_id` FOREIGN KEY (`movie_id`) REFERENCES `movie` (`movie_id`),
  CONSTRAINT `projection_hall_id` FOREIGN KEY (`projection_hall_id`) REFERENCES `projection_hall` (`proj_hall_id`)
) ENGINE=InnoDB AUTO_INCREMENT=5 DEFAULT CHARSET=utf8;

-- ----------------------------
-- Records of movie_projection_hall
-- ----------------------------
INSERT INTO `movie_projection_hall` VALUES ('1', '1', '1');
INSERT INTO `movie_projection_hall` VALUES ('2', '2', '3');
INSERT INTO `movie_projection_hall` VALUES ('3', '1', '2');
INSERT INTO `movie_projection_hall` VALUES ('4', '2', '4');

-- ----------------------------
-- Table structure for order
-- ----------------------------
DROP TABLE IF EXISTS `order`;
CREATE TABLE `order` (
  `order_id` int(20) NOT NULL AUTO_INCREMENT,
  `user_id` int(20) DEFAULT NULL,
  `order_price` double(10,2) DEFAULT NULL,
  `order_content` varchar(255) DEFAULT NULL,
  `CREATION_DATE` datetime DEFAULT NULL COMMENT '下单时间',
  `cinema_name` varchar(255) DEFAULT NULL,
  `showtime` datetime DEFAULT NULL,
  `projection_hall_name` varchar(255) DEFAULT NULL,
  `seat_num` varchar(255) DEFAULT NULL,
  PRIMARY KEY (`order_id`),
  KEY `user_id` (`user_id`),
  CONSTRAINT `user_id` FOREIGN KEY (`user_id`) REFERENCES `user` (`user_id`)
) ENGINE=InnoDB AUTO_INCREMENT=2 DEFAULT CHARSET=utf8;

-- ----------------------------
-- Records of order
-- ----------------------------
INSERT INTO `order` VALUES ('1', '3', '28.00', 'lalala', '2017-12-18 14:39:22', '上海宝山万画影城北上海店', '2017-12-18 15:53:50', '一号放映厅', '一排一座');

-- ----------------------------
-- Table structure for projection_hall
-- ----------------------------
DROP TABLE IF EXISTS `projection_hall`;
CREATE TABLE `projection_hall` (
  `proj_hall_id` int(20) NOT NULL AUTO_INCREMENT,
  `projection__hall_name` varchar(255) DEFAULT NULL,
  `broadcasting_time` varchar(255) DEFAULT NULL COMMENT '放映时间',
  PRIMARY KEY (`proj_hall_id`)
) ENGINE=InnoDB AUTO_INCREMENT=5 DEFAULT CHARSET=utf8;

-- ----------------------------
-- Records of projection_hall
-- ----------------------------
INSERT INTO `projection_hall` VALUES ('1', '一号放映厅', '17:30');
INSERT INTO `projection_hall` VALUES ('2', '二号放映厅', '12:10');
INSERT INTO `projection_hall` VALUES ('3', '三号放映厅', '13:30');
INSERT INTO `projection_hall` VALUES ('4', '四号放映厅', '11:30');

-- ----------------------------
-- Table structure for seat
-- ----------------------------
DROP TABLE IF EXISTS `seat`;
CREATE TABLE `seat` (
  `seat_id` int(20) NOT NULL AUTO_INCREMENT,
  `row` int(20) DEFAULT NULL COMMENT '排',
  `seat` int(20) DEFAULT NULL COMMENT '座',
  `status` int(20) DEFAULT NULL,
  PRIMARY KEY (`seat_id`)
) ENGINE=InnoDB AUTO_INCREMENT=41 DEFAULT CHARSET=utf8;

-- ----------------------------
-- Records of seat
-- ----------------------------
INSERT INTO `seat` VALUES ('1', '1', '1', '1');
INSERT INTO `seat` VALUES ('2', '1', '2', '1');
INSERT INTO `seat` VALUES ('3', '1', '3', '1');
INSERT INTO `seat` VALUES ('4', '1', '4', '1');
INSERT INTO `seat` VALUES ('5', '1', '5', '1');
INSERT INTO `seat` VALUES ('6', '1', '6', '1');
INSERT INTO `seat` VALUES ('7', '1', '7', '1');
INSERT INTO `seat` VALUES ('8', '1', '8', '1');
INSERT INTO `seat` VALUES ('9', '2', '1', '1');
INSERT INTO `seat` VALUES ('10', '2', '2', '1');
INSERT INTO `seat` VALUES ('11', '2', '3', '1');
INSERT INTO `seat` VALUES ('12', '2', '4', '1');
INSERT INTO `seat` VALUES ('13', '2', '5', '1');
INSERT INTO `seat` VALUES ('14', '2', '6', '1');
INSERT INTO `seat` VALUES ('15', '2', '7', '1');
INSERT INTO `seat` VALUES ('16', '2', '8', '1');
INSERT INTO `seat` VALUES ('17', '3', '1', '1');
INSERT INTO `seat` VALUES ('18', '3', '2', '1');
INSERT INTO `seat` VALUES ('19', '3', '3', '1');
INSERT INTO `seat` VALUES ('20', '3', '4', '1');
INSERT INTO `seat` VALUES ('21', '3', '5', '1');
INSERT INTO `seat` VALUES ('22', '3', '6', '1');
INSERT INTO `seat` VALUES ('23', '3', '7', '1');
INSERT INTO `seat` VALUES ('24', '3', '8', '1');
INSERT INTO `seat` VALUES ('25', '4', '1', '1');
INSERT INTO `seat` VALUES ('26', '4', '2', '1');
INSERT INTO `seat` VALUES ('27', '4', '3', '1');
INSERT INTO `seat` VALUES ('28', '4', '4', '1');
INSERT INTO `seat` VALUES ('29', '4', '5', '1');
INSERT INTO `seat` VALUES ('30', '4', '6', '1');
INSERT INTO `seat` VALUES ('31', '4', '7', '1');
INSERT INTO `seat` VALUES ('32', '4', '8', '1');
INSERT INTO `seat` VALUES ('33', '5', '1', '1');
INSERT INTO `seat` VALUES ('34', '5', '2', '1');
INSERT INTO `seat` VALUES ('35', '5', '3', '1');
INSERT INTO `seat` VALUES ('36', '5', '4', '1');
INSERT INTO `seat` VALUES ('37', '5', '5', '1');
INSERT INTO `seat` VALUES ('38', '5', '6', '1');
INSERT INTO `seat` VALUES ('39', '5', '7', '1');
INSERT INTO `seat` VALUES ('40', '5', '8', '1');

-- ----------------------------
-- Table structure for seat_projection_hall
-- ----------------------------
DROP TABLE IF EXISTS `seat_projection_hall`;
CREATE TABLE `seat_projection_hall` (
  `id` int(20) NOT NULL AUTO_INCREMENT,
  `seat_id` int(20) DEFAULT NULL,
  `projection_hall_id` int(20) DEFAULT NULL,
  PRIMARY KEY (`id`),
  KEY `seat_id` (`seat_id`),
  KEY `projection_hall_id2` (`projection_hall_id`),
  CONSTRAINT `projection_hall_id2` FOREIGN KEY (`projection_hall_id`) REFERENCES `projection_hall` (`proj_hall_id`),
  CONSTRAINT `seat_id` FOREIGN KEY (`seat_id`) REFERENCES `seat` (`seat_id`)
) ENGINE=InnoDB AUTO_INCREMENT=161 DEFAULT CHARSET=utf8;

-- ----------------------------
-- Records of seat_projection_hall
-- ----------------------------
INSERT INTO `seat_projection_hall` VALUES ('1', '1', '1');
INSERT INTO `seat_projection_hall` VALUES ('2', '2', '1');
INSERT INTO `seat_projection_hall` VALUES ('3', '3', '1');
INSERT INTO `seat_projection_hall` VALUES ('4', '4', '1');
INSERT INTO `seat_projection_hall` VALUES ('5', '5', '1');
INSERT INTO `seat_projection_hall` VALUES ('6', '6', '1');
INSERT INTO `seat_projection_hall` VALUES ('7', '7', '1');
INSERT INTO `seat_projection_hall` VALUES ('8', '8', '1');
INSERT INTO `seat_projection_hall` VALUES ('9', '9', '1');
INSERT INTO `seat_projection_hall` VALUES ('10', '10', '1');
INSERT INTO `seat_projection_hall` VALUES ('11', '11', '1');
INSERT INTO `seat_projection_hall` VALUES ('12', '12', '1');
INSERT INTO `seat_projection_hall` VALUES ('13', '13', '1');
INSERT INTO `seat_projection_hall` VALUES ('14', '14', '1');
INSERT INTO `seat_projection_hall` VALUES ('15', '15', '1');
INSERT INTO `seat_projection_hall` VALUES ('16', '16', '1');
INSERT INTO `seat_projection_hall` VALUES ('17', '17', '1');
INSERT INTO `seat_projection_hall` VALUES ('18', '18', '1');
INSERT INTO `seat_projection_hall` VALUES ('19', '19', '1');
INSERT INTO `seat_projection_hall` VALUES ('20', '20', '1');
INSERT INTO `seat_projection_hall` VALUES ('21', '21', '1');
INSERT INTO `seat_projection_hall` VALUES ('22', '22', '1');
INSERT INTO `seat_projection_hall` VALUES ('23', '23', '1');
INSERT INTO `seat_projection_hall` VALUES ('24', '24', '1');
INSERT INTO `seat_projection_hall` VALUES ('25', '25', '1');
INSERT INTO `seat_projection_hall` VALUES ('26', '26', '1');
INSERT INTO `seat_projection_hall` VALUES ('27', '27', '1');
INSERT INTO `seat_projection_hall` VALUES ('28', '28', '1');
INSERT INTO `seat_projection_hall` VALUES ('29', '29', '1');
INSERT INTO `seat_projection_hall` VALUES ('30', '30', '1');
INSERT INTO `seat_projection_hall` VALUES ('31', '31', '1');
INSERT INTO `seat_projection_hall` VALUES ('32', '32', '1');
INSERT INTO `seat_projection_hall` VALUES ('33', '33', '1');
INSERT INTO `seat_projection_hall` VALUES ('34', '34', '1');
INSERT INTO `seat_projection_hall` VALUES ('35', '35', '1');
INSERT INTO `seat_projection_hall` VALUES ('36', '36', '1');
INSERT INTO `seat_projection_hall` VALUES ('37', '37', '1');
INSERT INTO `seat_projection_hall` VALUES ('38', '38', '1');
INSERT INTO `seat_projection_hall` VALUES ('39', '39', '1');
INSERT INTO `seat_projection_hall` VALUES ('40', '40', '1');
INSERT INTO `seat_projection_hall` VALUES ('41', '1', '2');
INSERT INTO `seat_projection_hall` VALUES ('42', '2', '2');
INSERT INTO `seat_projection_hall` VALUES ('43', '3', '2');
INSERT INTO `seat_projection_hall` VALUES ('44', '4', '2');
INSERT INTO `seat_projection_hall` VALUES ('45', '5', '2');
INSERT INTO `seat_projection_hall` VALUES ('46', '6', '2');
INSERT INTO `seat_projection_hall` VALUES ('47', '7', '2');
INSERT INTO `seat_projection_hall` VALUES ('48', '8', '2');
INSERT INTO `seat_projection_hall` VALUES ('49', '9', '2');
INSERT INTO `seat_projection_hall` VALUES ('50', '10', '2');
INSERT INTO `seat_projection_hall` VALUES ('51', '11', '2');
INSERT INTO `seat_projection_hall` VALUES ('52', '12', '2');
INSERT INTO `seat_projection_hall` VALUES ('53', '13', '2');
INSERT INTO `seat_projection_hall` VALUES ('54', '14', '2');
INSERT INTO `seat_projection_hall` VALUES ('55', '15', '2');
INSERT INTO `seat_projection_hall` VALUES ('56', '16', '2');
INSERT INTO `seat_projection_hall` VALUES ('57', '17', '2');
INSERT INTO `seat_projection_hall` VALUES ('58', '18', '2');
INSERT INTO `seat_projection_hall` VALUES ('59', '19', '2');
INSERT INTO `seat_projection_hall` VALUES ('60', '20', '2');
INSERT INTO `seat_projection_hall` VALUES ('61', '21', '2');
INSERT INTO `seat_projection_hall` VALUES ('62', '22', '2');
INSERT INTO `seat_projection_hall` VALUES ('63', '23', '2');
INSERT INTO `seat_projection_hall` VALUES ('64', '24', '2');
INSERT INTO `seat_projection_hall` VALUES ('65', '25', '2');
INSERT INTO `seat_projection_hall` VALUES ('66', '26', '2');
INSERT INTO `seat_projection_hall` VALUES ('67', '27', '2');
INSERT INTO `seat_projection_hall` VALUES ('68', '28', '2');
INSERT INTO `seat_projection_hall` VALUES ('69', '29', '2');
INSERT INTO `seat_projection_hall` VALUES ('70', '30', '2');
INSERT INTO `seat_projection_hall` VALUES ('71', '31', '2');
INSERT INTO `seat_projection_hall` VALUES ('72', '32', '2');
INSERT INTO `seat_projection_hall` VALUES ('73', '33', '2');
INSERT INTO `seat_projection_hall` VALUES ('74', '34', '2');
INSERT INTO `seat_projection_hall` VALUES ('75', '35', '2');
INSERT INTO `seat_projection_hall` VALUES ('76', '36', '2');
INSERT INTO `seat_projection_hall` VALUES ('77', '37', '2');
INSERT INTO `seat_projection_hall` VALUES ('78', '38', '2');
INSERT INTO `seat_projection_hall` VALUES ('79', '39', '2');
INSERT INTO `seat_projection_hall` VALUES ('80', '40', '2');
INSERT INTO `seat_projection_hall` VALUES ('81', '1', '3');
INSERT INTO `seat_projection_hall` VALUES ('82', '2', '3');
INSERT INTO `seat_projection_hall` VALUES ('83', '3', '3');
INSERT INTO `seat_projection_hall` VALUES ('84', '4', '3');
INSERT INTO `seat_projection_hall` VALUES ('85', '5', '3');
INSERT INTO `seat_projection_hall` VALUES ('86', '6', '3');
INSERT INTO `seat_projection_hall` VALUES ('87', '7', '3');
INSERT INTO `seat_projection_hall` VALUES ('88', '8', '3');
INSERT INTO `seat_projection_hall` VALUES ('89', '9', '3');
INSERT INTO `seat_projection_hall` VALUES ('90', '10', '3');
INSERT INTO `seat_projection_hall` VALUES ('91', '11', '3');
INSERT INTO `seat_projection_hall` VALUES ('92', '12', '3');
INSERT INTO `seat_projection_hall` VALUES ('93', '13', '3');
INSERT INTO `seat_projection_hall` VALUES ('94', '14', '3');
INSERT INTO `seat_projection_hall` VALUES ('95', '15', '3');
INSERT INTO `seat_projection_hall` VALUES ('96', '16', '3');
INSERT INTO `seat_projection_hall` VALUES ('97', '17', '3');
INSERT INTO `seat_projection_hall` VALUES ('98', '18', '3');
INSERT INTO `seat_projection_hall` VALUES ('99', '19', '3');
INSERT INTO `seat_projection_hall` VALUES ('100', '20', '3');
INSERT INTO `seat_projection_hall` VALUES ('101', '21', '3');
INSERT INTO `seat_projection_hall` VALUES ('102', '22', '3');
INSERT INTO `seat_projection_hall` VALUES ('103', '23', '3');
INSERT INTO `seat_projection_hall` VALUES ('104', '24', '3');
INSERT INTO `seat_projection_hall` VALUES ('105', '25', '3');
INSERT INTO `seat_projection_hall` VALUES ('106', '26', '3');
INSERT INTO `seat_projection_hall` VALUES ('107', '27', '3');
INSERT INTO `seat_projection_hall` VALUES ('108', '28', '3');
INSERT INTO `seat_projection_hall` VALUES ('109', '29', '3');
INSERT INTO `seat_projection_hall` VALUES ('110', '30', '3');
INSERT INTO `seat_projection_hall` VALUES ('111', '31', '3');
INSERT INTO `seat_projection_hall` VALUES ('112', '32', '3');
INSERT INTO `seat_projection_hall` VALUES ('113', '33', '3');
INSERT INTO `seat_projection_hall` VALUES ('114', '34', '3');
INSERT INTO `seat_projection_hall` VALUES ('115', '35', '3');
INSERT INTO `seat_projection_hall` VALUES ('116', '36', '3');
INSERT INTO `seat_projection_hall` VALUES ('117', '37', '3');
INSERT INTO `seat_projection_hall` VALUES ('118', '38', '3');
INSERT INTO `seat_projection_hall` VALUES ('119', '39', '3');
INSERT INTO `seat_projection_hall` VALUES ('120', '40', '3');
INSERT INTO `seat_projection_hall` VALUES ('121', '1', '4');
INSERT INTO `seat_projection_hall` VALUES ('122', '2', '4');
INSERT INTO `seat_projection_hall` VALUES ('123', '3', '4');
INSERT INTO `seat_projection_hall` VALUES ('124', '4', '4');
INSERT INTO `seat_projection_hall` VALUES ('125', '5', '4');
INSERT INTO `seat_projection_hall` VALUES ('126', '6', '4');
INSERT INTO `seat_projection_hall` VALUES ('127', '7', '4');
INSERT INTO `seat_projection_hall` VALUES ('128', '8', '4');
INSERT INTO `seat_projection_hall` VALUES ('129', '9', '4');
INSERT INTO `seat_projection_hall` VALUES ('130', '10', '4');
INSERT INTO `seat_projection_hall` VALUES ('131', '11', '4');
INSERT INTO `seat_projection_hall` VALUES ('132', '12', '4');
INSERT INTO `seat_projection_hall` VALUES ('133', '13', '4');
INSERT INTO `seat_projection_hall` VALUES ('134', '14', '4');
INSERT INTO `seat_projection_hall` VALUES ('135', '15', '4');
INSERT INTO `seat_projection_hall` VALUES ('136', '16', '4');
INSERT INTO `seat_projection_hall` VALUES ('137', '17', '4');
INSERT INTO `seat_projection_hall` VALUES ('138', '18', '4');
INSERT INTO `seat_projection_hall` VALUES ('139', '19', '4');
INSERT INTO `seat_projection_hall` VALUES ('140', '20', '4');
INSERT INTO `seat_projection_hall` VALUES ('141', '21', '4');
INSERT INTO `seat_projection_hall` VALUES ('142', '22', '4');
INSERT INTO `seat_projection_hall` VALUES ('143', '23', '4');
INSERT INTO `seat_projection_hall` VALUES ('144', '24', '4');
INSERT INTO `seat_projection_hall` VALUES ('145', '25', '4');
INSERT INTO `seat_projection_hall` VALUES ('146', '26', '4');
INSERT INTO `seat_projection_hall` VALUES ('147', '27', '4');
INSERT INTO `seat_projection_hall` VALUES ('148', '28', '4');
INSERT INTO `seat_projection_hall` VALUES ('149', '29', '4');
INSERT INTO `seat_projection_hall` VALUES ('150', '30', '4');
INSERT INTO `seat_projection_hall` VALUES ('151', '31', '4');
INSERT INTO `seat_projection_hall` VALUES ('152', '32', '4');
INSERT INTO `seat_projection_hall` VALUES ('153', '33', '4');
INSERT INTO `seat_projection_hall` VALUES ('154', '34', '4');
INSERT INTO `seat_projection_hall` VALUES ('155', '35', '4');
INSERT INTO `seat_projection_hall` VALUES ('156', '36', '4');
INSERT INTO `seat_projection_hall` VALUES ('157', '37', '4');
INSERT INTO `seat_projection_hall` VALUES ('158', '38', '4');
INSERT INTO `seat_projection_hall` VALUES ('159', '39', '4');
INSERT INTO `seat_projection_hall` VALUES ('160', '40', '4');

-- ----------------------------
-- Table structure for user
-- ----------------------------
DROP TABLE IF EXISTS `user`;
CREATE TABLE `user` (
  `user_id` int(20) NOT NULL AUTO_INCREMENT,
  `username` varchar(255) DEFAULT NULL,
  `password` varchar(255) DEFAULT NULL,
  `mobile` int(255) DEFAULT NULL COMMENT '手机号',
  `role` varchar(255) DEFAULT NULL,
  PRIMARY KEY (`user_id`)
) ENGINE=InnoDB AUTO_INCREMENT=4 DEFAULT CHARSET=utf8;

-- ----------------------------
-- Records of user
-- ----------------------------
INSERT INTO `user` VALUES ('1', 'qwe', '123', null, '管理员');
INSERT INTO `user` VALUES ('2', 'admin', 'admin', null, '管理员');
INSERT INTO `user` VALUES ('3', 'liguoming', '123', '1775401149', '用户');
